unit_id,facility_id,blood_group,component,quantity_ml,collection_date,expiry_date,days_remaining,status,is_near_expiry
UNIT00001,FAC001,A+,Platelets,51,2026-07-31,2026-08-05,4,Available,False
UNIT00002,FAC001,O+,Whole Blood,361,2026-07-13,2026-08-17,16,Available,False
UNIT00003,FAC001,A-,Whole Blood,439,2026-07-14,2026-08-18,17,Available,False
UNIT00004,FAC001,AB+,RBC,250,2026-07-18,2026-08-22,21,Available,False
UNIT00005,FAC001,O+,RBC,259,2026-07-09,2026-08-13,12,Available,False
UNIT00006,FAC001,A+,Platelets,55,2026-07-31,2026-08-05,4,Available,False
UNIT00007,FAC001,O+,Platelets,58,2026-07-28,2026-08-02,1,Available,True
UNIT00008,FAC001,A+,Plasma,240,2026-06-10,2027-06-10,313,Available,False
UNIT00009,FAC001,O+,Platelets,50,2026-07-29,2026-08-03,2,Available,False
UNIT00010,FAC001,O+,Platelets,53,2026-07-26,2026-07-31,-1,Expired,False
UNIT00011,FAC001,O+,Plasma,223,2026-04-19,2027-04-19,261,Available,False
UNIT00012,FAC001,A+,Platelets,60,2026-07-31,2026-08-05,4,Available,False
UNIT00013,FAC001,O+,RBC,279,2026-07-15,2026-08-19,18,Available,False
UNIT00014,FAC001,B+,RBC,299,2026-07-10,2026-08-14,13,Available,False
UNIT00015,FAC001,A+,Whole Blood,358,2026-07-05,2026-08-09,8,Available,False
UNIT00016,FAC001,A+,Platelets,60,2026-07-31,2026-08-05,4,Available,False
UNIT00017,FAC001,B+,Platelets,58,2026-07-31,2026-08-05,4,Available,False
UNIT00018,FAC001,B+,Plasma,214,2025-08-31,2026-08-31,30,Available,True
UNIT00019,FAC001,O-,RBC,253,2026-07-16,2026-08-20,19,Available,False
UNIT00020,FAC001,O+,RBC,277,2026-07-12,2026-08-16,15,Available,False
UNIT00021,FAC001,AB+,Plasma,233,2026-03-23,2027-03-23,234,Reserved,False
UNIT00022,FAC001,B+,Whole Blood,418,2026-07-10,2026-08-14,13,Available,False
UNIT00023,FAC001,O+,Platelets,57,2026-07-31,2026-08-05,4,Available,False
UNIT00024,FAC001,A+,Platelets,58,2026-07-27,2026-08-01,0,Available,True
UNIT00025,FAC001,O+,Platelets,53,2026-07-28,2026-08-02,1,Available,True
UNIT00026,FAC001,A+,RBC,283,2026-07-15,2026-08-19,18,Available,False
UNIT00027,FAC001,O+,Platelets,55,2026-07-30,2026-08-04,3,Available,False
UNIT00028,FAC001,O+,Platelets,59,2026-07-31,2026-08-05,4,Available,False
UNIT00029,FAC001,O+,Whole Blood,447,2026-07-08,2026-08-12,11,Available,False
UNIT00030,FAC001,B-,RBC,285,2026-07-26,2026-08-30,29,Available,False
UNIT00031,FAC001,A+,Plasma,234,2025-07-05,2026-07-05,-27,Expired,False
UNIT00032,FAC001,O+,RBC,292,2026-07-09,2026-08-13,12,Available,False
UNIT00033,FAC001,O+,Plasma,215,2025-08-30,2026-08-30,29,Available,True
UNIT00034,FAC001,A-,Platelets,59,2026-08-01,2026-08-06,5,Available,False
UNIT00035,FAC001,A-,Whole Blood,358,2026-07-09,2026-08-13,12,Available,False
UNIT00036,FAC001,O+,Platelets,60,2026-07-31,2026-08-05,4,Available,False
UNIT00037,FAC001,B+,RBC,286,2026-07-09,2026-08-13,12,Reserved,False
UNIT00038,FAC001,B+,Plasma,206,2025-10-22,2026-10-22,82,Available,False
UNIT00039,FAC001,O+,Platelets,50,2026-07-30,2026-08-04,3,Available,False
UNIT00040,FAC001,O+,Whole Blood,363,2026-07-28,2026-09-01,31,Available,False
UNIT00041,FAC001,B+,RBC,261,2026-07-15,2026-08-19,18,Available,False
UNIT00042,FAC001,B+,RBC,285,2026-07-01,2026-08-05,4,Available,True
UNIT00043,FAC001,A+,Whole Blood,446,2026-06-24,2026-07-29,-3,Expired,False
UNIT00044,FAC001,O+,RBC,275,2026-07-19,2026-08-23,22,Available,False
UNIT00045,FAC001,O+,RBC,266,2026-07-19,2026-08-23,22,Reserved,False
UNIT00046,FAC001,O+,Plasma,246,2026-04-18,2027-04-18,260,Available,False
UNIT00047,FAC001,O-,Plasma,203,2026-05-20,2027-05-20,292,Available,False
UNIT00048,FAC001,AB+,Whole Blood,424,2026-07-08,2026-08-12,11,Available,False
UNIT00049,FAC001,B+,RBC,261,2026-07-28,2026-09-01,31,Available,False
UNIT00050,FAC001,A+,Whole Blood,365,2026-07-10,2026-08-14,13,Available,False
UNIT00051,FAC001,O+,RBC,255,2026-07-14,2026-08-18,17,Available,False
UNIT00052,FAC001,B+,Platelets,55,2026-07-27,2026-08-01,0,Available,True
UNIT00053,FAC001,B+,Plasma,229,2026-05-26,2027-05-26,298,Available,False
UNIT00054,FAC001,B+,Whole Blood,422,2026-07-30,2026-09-03,33,Available,False
UNIT00055,FAC001,O-,Whole Blood,366,2026-07-15,2026-08-19,18,Available,False
UNIT00056,FAC001,O+,Whole Blood,370,2026-07-01,2026-08-05,4,Available,True
UNIT00057,FAC001,B+,Platelets,60,2026-07-29,2026-08-03,2,Reserved,False
UNIT00058,FAC001,B+,Platelets,52,2026-07-27,2026-08-01,0,Available,True
UNIT00059,FAC001,B+,Whole Blood,386,2026-07-08,2026-08-12,11,Available,False
UNIT00060,FAC001,AB+,Platelets,54,2026-07-31,2026-08-05,4,Available,False
UNIT00061,FAC001,B+,Platelets,51,2026-07-27,2026-08-01,0,Available,True
UNIT00062,FAC001,O+,Platelets,52,2026-07-31,2026-08-05,4,Available,False
UNIT00063,FAC001,O+,Platelets,56,2026-07-31,2026-08-05,4,Available,False
UNIT00064,FAC001,AB+,Whole Blood,369,2026-07-27,2026-08-31,30,Reserved,False
UNIT00065,FAC001,AB+,Platelets,52,2026-07-29,2026-08-03,2,Available,False
UNIT00066,FAC001,A+,Platelets,50,2026-07-27,2026-08-01,0,Available,True
UNIT00067,FAC001,O+,RBC,272,2026-07-10,2026-08-14,13,Available,False
UNIT00068,FAC001,O+,Plasma,247,2025-06-23,2026-06-23,-39,Expired,False
UNIT00069,FAC001,A+,RBC,261,2026-07-02,2026-08-06,5,Reserved,False
UNIT00070,FAC001,O+,Whole Blood,450,2026-07-24,2026-08-28,27,Reserved,False
UNIT00071,FAC001,O+,RBC,256,2026-07-22,2026-08-26,25,Available,False
UNIT00072,FAC001,B+,Whole Blood,408,2026-07-02,2026-08-06,5,Available,True
UNIT00073,FAC001,B+,RBC,275,2026-07-23,2026-08-27,26,Available,False
UNIT00074,FAC001,B+,Whole Blood,385,2026-06-24,2026-07-29,-3,Expired,False
UNIT00075,FAC001,B+,Plasma,221,2025-12-17,2026-12-17,138,Available,False
UNIT00076,FAC001,O+,Whole Blood,424,2026-07-01,2026-08-05,4,Available,True
UNIT00077,FAC001,O+,Platelets,55,2026-08-01,2026-08-06,5,Available,False
UNIT00078,FAC001,O+,Platelets,51,2026-07-30,2026-08-04,3,Reserved,False
UNIT00079,FAC001,B+,RBC,250,2026-07-23,2026-08-27,26,Available,False
UNIT00080,FAC001,B+,RBC,292,2026-07-20,2026-08-24,23,Available,False
UNIT00081,FAC001,O+,Platelets,54,2026-07-29,2026-08-03,2,Available,False
UNIT00082,FAC001,B+,Plasma,235,2026-04-07,2027-04-07,249,Available,False
UNIT00083,FAC001,A+,Plasma,247,2025-12-22,2026-12-22,143,Available,False
UNIT00084,FAC001,O+,Platelets,54,2026-07-30,2026-08-04,3,Available,False
UNIT00085,FAC001,B+,Plasma,220,2025-11-02,2026-11-02,93,Available,False
UNIT00086,FAC001,B+,Plasma,250,2025-12-18,2026-12-18,139,Available,False
UNIT00087,FAC001,O+,RBC,292,2026-07-11,2026-08-15,14,Available,False
UNIT00088,FAC001,O+,Platelets,53,2026-07-31,2026-08-05,4,Reserved,False
UNIT00089,FAC001,O+,RBC,252,2026-07-05,2026-08-09,8,Available,False
UNIT00090,FAC001,B+,Plasma,229,2026-01-11,2027-01-11,163,Available,False
UNIT00091,FAC001,B+,RBC,275,2026-07-09,2026-08-13,12,Available,False
UNIT00092,FAC001,B+,Whole Blood,363,2026-06-30,2026-08-04,3,Available,True
UNIT00093,FAC001,O+,RBC,283,2026-07-24,2026-08-28,27,Reserved,False
UNIT00094,FAC001,B+,RBC,258,2026-06-29,2026-08-03,2,Available,True
UNIT00095,FAC001,O+,Platelets,59,2026-07-27,2026-08-01,0,Reserved,False
UNIT00096,FAC001,O+,Plasma,210,2025-10-10,2026-10-10,70,Available,True
UNIT00097,FAC001,O+,Plasma,240,2026-03-03,2027-03-03,214,Available,False
UNIT00098,FAC001,B+,Plasma,204,2026-01-05,2027-01-05,157,Available,False
UNIT00099,FAC001,O+,RBC,284,2026-07-22,2026-08-26,25,Available,False
UNIT00100,FAC001,A+,RBC,295,2026-07-23,2026-08-27,26,Available,False
UNIT00101,FAC001,A+,Plasma,226,2026-03-15,2027-03-15,226,Available,False
UNIT00102,FAC001,A+,Plasma,244,2026-03-21,2027-03-21,232,Available,False
UNIT00103,FAC001,A+,Plasma,219,2026-02-23,2027-02-23,206,Reserved,False
UNIT00104,FAC001,O+,Plasma,238,2026-02-04,2027-02-04,187,Available,False
UNIT00105,FAC001,O+,Plasma,201,2026-05-04,2027-05-04,276,Available,False
UNIT00106,FAC001,B+,Plasma,208,2025-11-29,2026-11-29,120,Available,False
UNIT00107,FAC001,O-,Whole Blood,434,2026-06-29,2026-08-03,2,Available,True
UNIT00108,FAC001,A+,Plasma,203,2026-05-24,2027-05-24,296,Available,False
UNIT00109,FAC001,B+,Platelets,56,2026-07-31,2026-08-05,4,Available,False
UNIT00110,FAC001,B+,Plasma,201,2026-04-26,2027-04-26,268,Available,False
UNIT00111,FAC001,O+,Whole Blood,394,2026-06-17,2026-07-22,-10,Expired,False
UNIT00112,FAC001,A-,Whole Blood,446,2026-07-06,2026-08-10,9,Available,False
UNIT00113,FAC001,A+,RBC,259,2026-07-24,2026-08-28,27,Available,False
UNIT00114,FAC001,B+,Plasma,213,2025-12-20,2026-12-20,141,Available,False
UNIT00115,FAC001,B+,Platelets,59,2026-07-28,2026-08-02,1,Available,True
UNIT00116,FAC001,O+,Whole Blood,389,2026-07-06,2026-08-10,9,Available,False
UNIT00117,FAC001,A+,Whole Blood,398,2026-06-28,2026-08-02,1,Available,True
UNIT00118,FAC001,B+,RBC,290,2026-07-27,2026-08-31,30,Available,False
UNIT00119,FAC001,B+,Platelets,51,2026-07-28,2026-08-02,1,Available,True
UNIT00120,FAC001,O+,Whole Blood,397,2026-07-20,2026-08-24,23,Available,False
UNIT00121,FAC001,A+,Platelets,57,2026-08-01,2026-08-06,5,Available,False
UNIT00122,FAC001,A+,Platelets,52,2026-07-29,2026-08-03,2,Available,False
UNIT00123,FAC001,B+,Platelets,57,2026-07-29,2026-08-03,2,Reserved,False
UNIT00124,FAC001,B+,Platelets,51,2026-07-30,2026-08-04,3,Available,False
UNIT00125,FAC001,B+,Plasma,239,2026-04-28,2027-04-28,270,Available,False
UNIT00126,FAC001,O+,Platelets,52,2026-08-01,2026-08-06,5,Available,False
UNIT00127,FAC001,B+,Platelets,59,2026-07-28,2026-08-02,1,Available,True
UNIT00128,FAC001,O+,Platelets,53,2026-07-29,2026-08-03,2,Available,False
UNIT00129,FAC001,A+,Plasma,244,2026-02-20,2027-02-20,203,Available,False
UNIT00130,FAC001,B+,Plasma,218,2026-03-04,2027-03-04,215,Available,False
UNIT00131,FAC001,A-,RBC,280,2026-07-21,2026-08-25,24,Available,False
UNIT00132,FAC001,AB+,Platelets,55,2026-07-30,2026-08-04,3,Available,False
UNIT00133,FAC001,B+,Plasma,207,2026-04-21,2027-04-21,263,Available,False
UNIT00134,FAC001,O+,Platelets,52,2026-07-31,2026-08-05,4,Available,False
UNIT00135,FAC001,A+,Plasma,248,2026-04-20,2027-04-20,262,Available,False
UNIT00136,FAC001,B+,Platelets,53,2026-07-26,2026-07-31,-1,Expired,False
UNIT00137,FAC001,B+,Platelets,58,2026-07-31,2026-08-05,4,Available,False
UNIT00138,FAC001,A+,Whole Blood,420,2026-06-23,2026-07-28,-4,Expired,False
UNIT00139,FAC001,B+,RBC,256,2026-07-12,2026-08-16,15,Available,False
UNIT00140,FAC001,O+,Platelets,52,2026-07-30,2026-08-04,3,Available,False
UNIT00141,FAC001,O+,Platelets,51,2026-07-27,2026-08-01,0,Available,True
UNIT00142,FAC001,B+,Whole Blood,369,2026-07-14,2026-08-18,17,Available,False
UNIT00143,FAC001,A+,Platelets,58,2026-07-31,2026-08-05,4,Available,False
UNIT00144,FAC001,O+,RBC,278,2026-07-06,2026-08-10,9,Available,False
UNIT00145,FAC001,B+,Plasma,239,2026-04-12,2027-04-12,254,Available,False
UNIT00146,FAC001,O+,Whole Blood,376,2026-06-26,2026-07-31,-1,Expired,False
UNIT00147,FAC001,O+,Platelets,52,2026-07-29,2026-08-03,2,Available,False
UNIT00148,FAC001,AB+,RBC,288,2026-07-31,2026-09-04,34,Available,False
UNIT00149,FAC001,B+,Whole Blood,439,2026-07-23,2026-08-27,26,Available,False
UNIT00150,FAC001,O+,Whole Blood,450,2026-07-10,2026-08-14,13,Reserved,False
UNIT00151,FAC001,O+,RBC,291,2026-07-18,2026-08-22,21,Available,False
UNIT00152,FAC001,A+,Platelets,52,2026-07-28,2026-08-02,1,Available,True
UNIT00153,FAC001,O+,Platelets,54,2026-07-30,2026-08-04,3,Available,False
UNIT00154,FAC001,O+,Platelets,51,2026-07-30,2026-08-04,3,Available,False
UNIT00155,FAC002,O+,Platelets,53,2026-07-29,2026-08-03,2,Available,False
UNIT00156,FAC002,O+,Whole Blood,436,2026-06-17,2026-07-22,-10,Expired,False
UNIT00157,FAC002,O+,Whole Blood,416,2026-07-07,2026-08-11,10,Available,False
UNIT00158,FAC002,O+,Platelets,60,2026-07-31,2026-08-05,4,Available,False
UNIT00159,FAC002,O+,Whole Blood,391,2026-07-17,2026-08-21,20,Available,False
UNIT00160,FAC002,O+,RBC,268,2026-07-21,2026-08-25,24,Available,False
UNIT00161,FAC002,O+,Plasma,229,2025-10-19,2026-10-19,79,Available,False
UNIT00162,FAC002,A+,Platelets,56,2026-07-30,2026-08-04,3,Reserved,False
UNIT00163,FAC002,O+,Whole Blood,402,2026-07-11,2026-08-15,14,Available,False
UNIT00164,FAC002,A+,Platelets,57,2026-07-29,2026-08-03,2,Available,False
UNIT00165,FAC002,O+,RBC,268,2026-07-22,2026-08-26,25,Available,False
UNIT00166,FAC002,B+,Plasma,238,2026-05-28,2027-05-28,300,Reserved,False
UNIT00167,FAC002,O+,RBC,276,2026-07-21,2026-08-25,24,Available,False
UNIT00168,FAC002,A+,Whole Blood,369,2026-07-17,2026-08-21,20,Available,False
UNIT00169,FAC002,B+,Platelets,57,2026-07-30,2026-08-04,3,Available,False
UNIT00170,FAC002,O-,RBC,262,2026-07-17,2026-08-21,20,Available,False
UNIT00171,FAC002,O+,RBC,300,2026-07-02,2026-08-06,5,Available,True
UNIT00172,FAC002,O+,Platelets,50,2026-07-27,2026-08-01,0,Available,True
UNIT00173,FAC002,B+,Platelets,60,2026-07-28,2026-08-02,1,Available,True
UNIT00174,FAC002,B+,RBC,271,2026-07-18,2026-08-22,21,Available,False
UNIT00175,FAC002,AB+,Plasma,212,2026-03-02,2027-03-02,213,Available,False
UNIT00176,FAC002,O-,RBC,299,2026-07-14,2026-08-18,17,Available,False
UNIT00177,FAC002,B+,Platelets,56,2026-07-29,2026-08-03,2,Available,False
UNIT00178,FAC002,B+,RBC,282,2026-07-16,2026-08-20,19,Available,False
UNIT00179,FAC002,O+,Platelets,57,2026-07-28,2026-08-02,1,Available,True
UNIT00180,FAC002,A+,Plasma,241,2026-07-09,2027-07-09,342,Available,False
UNIT00181,FAC002,O+,Whole Blood,393,2026-07-17,2026-08-21,20,Reserved,False
UNIT00182,FAC002,O+,Plasma,243,2025-12-28,2026-12-28,149,Available,False
UNIT00183,FAC002,O+,Plasma,240,2025-07-16,2026-07-16,-16,Expired,False
UNIT00184,FAC002,O+,Plasma,204,2025-09-16,2026-09-16,46,Available,True
UNIT00185,FAC002,B+,Platelets,51,2026-07-26,2026-07-31,-1,Expired,False
UNIT00186,FAC002,B+,Whole Blood,362,2026-07-07,2026-08-11,10,Available,False
UNIT00187,FAC002,B+,Platelets,50,2026-07-27,2026-08-01,0,Available,True
UNIT00188,FAC002,B+,Platelets,56,2026-07-30,2026-08-04,3,Available,False
UNIT00189,FAC002,AB+,RBC,274,2026-07-25,2026-08-29,28,Available,False
UNIT00190,FAC002,O+,RBC,264,2026-07-16,2026-08-20,19,Available,False
UNIT00191,FAC002,B+,Platelets,57,2026-07-30,2026-08-04,3,Available,False
UNIT00192,FAC002,O+,RBC,287,2026-07-27,2026-08-31,30,Reserved,False
UNIT00193,FAC002,B+,Plasma,219,2025-12-12,2026-12-12,133,Available,False
UNIT00194,FAC002,A+,Plasma,224,2025-09-28,2026-09-28,58,Available,True
UNIT00195,FAC002,AB+,Platelets,54,2026-07-26,2026-07-31,-1,Expired,False
UNIT00196,FAC002,A+,Plasma,243,2026-04-20,2027-04-20,262,Available,False
UNIT00197,FAC002,O+,Whole Blood,386,2026-06-29,2026-08-03,2,Available,True
UNIT00198,FAC002,O+,RBC,290,2026-07-13,2026-08-17,16,Available,False
UNIT00199,FAC002,A+,Platelets,60,2026-07-29,2026-08-03,2,Available,False
UNIT00200,FAC002,O+,RBC,291,2026-07-12,2026-08-16,15,Reserved,False
UNIT00201,FAC002,A+,Plasma,208,2026-06-28,2027-06-28,331,Available,False
UNIT00202,FAC002,A+,Platelets,53,2026-07-30,2026-08-04,3,Available,False
UNIT00203,FAC002,A+,Platelets,52,2026-07-30,2026-08-04,3,Reserved,False
UNIT00204,FAC002,B+,Plasma,218,2025-07-01,2026-07-01,-31,Expired,False
UNIT00205,FAC002,O+,Platelets,51,2026-07-28,2026-08-02,1,Available,True
UNIT00206,FAC002,A+,RBC,275,2026-07-02,2026-08-06,5,Available,True
UNIT00207,FAC002,O+,Platelets,54,2026-07-31,2026-08-05,4,Available,False
UNIT00208,FAC002,B-,Plasma,216,2026-03-26,2027-03-26,237,Available,False
UNIT00209,FAC002,AB+,Platelets,50,2026-07-31,2026-08-05,4,Available,False
UNIT00210,FAC002,O+,Platelets,51,2026-07-27,2026-08-01,0,Available,True
UNIT00211,FAC002,O+,Plasma,226,2025-08-23,2026-08-23,22,Available,True
UNIT00212,FAC002,A+,Whole Blood,388,2026-06-26,2026-07-31,-1,Expired,False
UNIT00213,FAC002,O-,Whole Blood,367,2026-07-26,2026-08-30,29,Reserved,False
UNIT00214,FAC002,B+,Platelets,58,2026-07-29,2026-08-03,2,Available,False
UNIT00215,FAC002,B+,RBC,281,2026-07-01,2026-08-05,4,Available,True
UNIT00216,FAC002,O+,Platelets,57,2026-08-01,2026-08-06,5,Available,False
UNIT00217,FAC002,B+,RBC,293,2026-07-02,2026-08-06,5,Available,True
UNIT00218,FAC002,B+,Platelets,51,2026-07-31,2026-08-05,4,Available,False
UNIT00219,FAC002,O+,Plasma,240,2026-06-06,2027-06-06,309,Available,False
UNIT00220,FAC002,AB+,Whole Blood,366,2026-07-28,2026-09-01,31,Available,False
UNIT00221,FAC002,O+,RBC,263,2026-07-27,2026-08-31,30,Available,False
UNIT00222,FAC002,AB+,RBC,288,2026-07-21,2026-08-25,24,Available,False
UNIT00223,FAC002,A+,RBC,284,2026-06-21,2026-07-26,-6,Expired,False
UNIT00224,FAC002,B+,RBC,258,2026-07-26,2026-08-30,29,Available,False
UNIT00225,FAC002,A+,RBC,266,2026-07-13,2026-08-17,16,Available,False
UNIT00226,FAC002,A+,Plasma,230,2026-02-08,2027-02-08,191,Available,False
UNIT00227,FAC002,B+,Platelets,58,2026-07-30,2026-08-04,3,Available,False
UNIT00228,FAC002,A-,Whole Blood,434,2026-07-08,2026-08-12,11,Reserved,False
UNIT00229,FAC002,B+,Plasma,230,2025-12-30,2026-12-30,151,Available,False
UNIT00230,FAC002,O+,Plasma,228,2025-12-14,2026-12-14,135,Available,False
UNIT00231,FAC002,A+,Whole Blood,366,2026-07-21,2026-08-25,24,Available,False
UNIT00232,FAC002,B+,Platelets,54,2026-07-30,2026-08-04,3,Available,False
UNIT00233,FAC002,B+,Plasma,241,2026-06-03,2027-06-03,306,Available,False
UNIT00234,FAC002,O+,RBC,276,2026-07-18,2026-08-22,21,Reserved,False
UNIT00235,FAC002,B+,Plasma,220,2026-03-18,2027-03-18,229,Available,False
UNIT00236,FAC002,B+,Platelets,57,2026-07-30,2026-08-04,3,Available,False
UNIT00237,FAC002,A+,Whole Blood,444,2026-07-27,2026-08-31,30,Available,False
UNIT00238,FAC002,B+,RBC,285,2026-07-14,2026-08-18,17,Available,False
UNIT00239,FAC002,AB+,Whole Blood,446,2026-07-19,2026-08-23,22,Available,False
UNIT00240,FAC002,B+,Whole Blood,426,2026-06-24,2026-07-29,-3,Expired,False
UNIT00241,FAC002,B+,Whole Blood,434,2026-07-14,2026-08-18,17,Available,False
UNIT00242,FAC002,B+,Whole Blood,364,2026-07-20,2026-08-24,23,Available,False
UNIT00243,FAC002,O+,RBC,299,2026-07-05,2026-08-09,8,Available,False
UNIT00244,FAC002,O+,Whole Blood,438,2026-07-13,2026-08-17,16,Available,False
UNIT00245,FAC002,B+,RBC,271,2026-07-22,2026-08-26,25,Available,False
UNIT00246,FAC002,B+,RBC,275,2026-07-02,2026-08-06,5,Available,True
UNIT00247,FAC002,A+,Whole Blood,398,2026-07-27,2026-08-31,30,Available,False
UNIT00248,FAC002,B+,Platelets,55,2026-07-31,2026-08-05,4,Available,False
UNIT00249,FAC002,O+,Whole Blood,446,2026-07-01,2026-08-05,4,Available,True
UNIT00250,FAC002,O+,Whole Blood,412,2026-07-22,2026-08-26,25,Available,False
UNIT00251,FAC002,AB+,Plasma,207,2026-04-21,2027-04-21,263,Available,False
UNIT00252,FAC002,B+,Whole Blood,412,2026-07-22,2026-08-26,25,Available,False
UNIT00253,FAC002,B+,Platelets,59,2026-07-31,2026-08-05,4,Available,False
UNIT00254,FAC002,A+,RBC,258,2026-07-21,2026-08-25,24,Available,False
UNIT00255,FAC002,O+,Platelets,56,2026-07-30,2026-08-04,3,Available,False
UNIT00256,FAC002,A+,Plasma,235,2026-02-06,2027-02-06,189,Available,False
UNIT00257,FAC002,O+,Platelets,50,2026-07-31,2026-08-05,4,Available,False
UNIT00258,FAC002,B+,Plasma,236,2025-08-14,2026-08-14,13,Available,True
UNIT00259,FAC002,B+,Plasma,207,2025-12-05,2026-12-05,126,Available,False
UNIT00260,FAC002,B+,Platelets,57,2026-07-31,2026-08-05,4,Reserved,False
UNIT00261,FAC002,O+,Platelets,53,2026-07-31,2026-08-05,4,Available,False
UNIT00262,FAC002,B+,Plasma,219,2026-02-09,2027-02-09,192,Available,False
UNIT00263,FAC002,O+,RBC,282,2026-07-21,2026-08-25,24,Available,False
UNIT00264,FAC002,O+,RBC,296,2026-06-29,2026-08-03,2,Available,True
UNIT00265,FAC002,O+,RBC,262,2026-07-23,2026-08-27,26,Available,False
UNIT00266,FAC002,A+,RBC,261,2026-07-07,2026-08-11,10,Available,False
UNIT00267,FAC002,O+,Plasma,237,2026-02-27,2027-02-27,210,Available,False
UNIT00268,FAC002,B+,Platelets,52,2026-07-28,2026-08-02,1,Available,True
UNIT00269,FAC002,B+,Plasma,217,2026-03-05,2027-03-05,216,Available,False
UNIT00270,FAC002,AB+,Platelets,57,2026-07-30,2026-08-04,3,Available,False
UNIT00271,FAC002,A+,Platelets,51,2026-07-28,2026-08-02,1,Available,True
UNIT00272,FAC002,O+,Plasma,250,2026-02-27,2027-02-27,210,Available,False
UNIT00273,FAC002,O+,Whole Blood,433,2026-07-18,2026-08-22,21,Available,False
UNIT00274,FAC002,A+,Plasma,228,2026-02-16,2027-02-16,199,Reserved,False
UNIT00275,FAC002,A+,Platelets,51,2026-07-26,2026-07-31,-1,Expired,False
UNIT00276,FAC002,B+,RBC,278,2026-07-28,2026-09-01,31,Available,False
UNIT00277,FAC002,B+,RBC,274,2026-07-20,2026-08-24,23,Reserved,False
UNIT00278,FAC002,B+,Platelets,60,2026-07-29,2026-08-03,2,Available,False
UNIT00279,FAC002,O+,Whole Blood,399,2026-07-21,2026-08-25,24,Available,False
UNIT00280,FAC002,B+,RBC,259,2026-07-21,2026-08-25,24,Available,False
UNIT00281,FAC002,O+,Platelets,56,2026-07-27,2026-08-01,0,Available,True
UNIT00282,FAC002,A+,Whole Blood,392,2026-07-21,2026-08-25,24,Available,False
UNIT00283,FAC002,O+,Whole Blood,396,2026-07-11,2026-08-15,14,Available,False
UNIT00284,FAC002,A+,Platelets,57,2026-07-31,2026-08-05,4,Available,False
UNIT00285,FAC002,A+,RBC,300,2026-07-25,2026-08-29,28,Available,False
UNIT00286,FAC002,A+,Whole Blood,429,2026-07-11,2026-08-15,14,Available,False
UNIT00287,FAC002,A+,Plasma,244,2026-05-20,2027-05-20,292,Available,False
UNIT00288,FAC002,O+,RBC,273,2026-07-09,2026-08-13,12,Available,False
UNIT00289,FAC002,O+,RBC,289,2026-06-24,2026-07-29,-3,Expired,False
UNIT00290,FAC002,B+,Plasma,250,2026-05-01,2027-05-01,273,Available,False
UNIT00291,FAC002,B+,RBC,278,2026-07-20,2026-08-24,23,Reserved,False
UNIT00292,FAC002,B+,Platelets,56,2026-07-28,2026-08-02,1,Available,True
UNIT00293,FAC002,O+,RBC,266,2026-07-05,2026-08-09,8,Available,False
UNIT00294,FAC002,A+,Plasma,206,2025-09-15,2026-09-15,45,Available,True
UNIT00295,FAC002,O+,Whole Blood,384,2026-07-22,2026-08-26,25,Available,False
UNIT00296,FAC002,B+,RBC,264,2026-07-04,2026-08-08,7,Available,True
UNIT00297,FAC002,O+,Platelets,56,2026-07-27,2026-08-01,0,Available,True
UNIT00298,FAC002,B+,RBC,264,2026-07-19,2026-08-23,22,Available,False
UNIT00299,FAC002,A+,Whole Blood,368,2026-07-03,2026-08-07,6,Available,True
UNIT00300,FAC002,A+,Platelets,52,2026-07-27,2026-08-01,0,Available,True
UNIT00301,FAC002,O+,Plasma,205,2026-03-04,2027-03-04,215,Available,False
UNIT00302,FAC002,A+,RBC,296,2026-07-04,2026-08-08,7,Available,True
UNIT00303,FAC002,AB+,Plasma,219,2026-05-31,2027-05-31,303,Available,False
UNIT00304,FAC002,A+,RBC,279,2026-07-18,2026-08-22,21,Available,False
UNIT00305,FAC002,A+,Plasma,232,2026-01-16,2027-01-16,168,Available,False
UNIT00306,FAC002,AB+,RBC,272,2026-07-22,2026-08-26,25,Available,False
UNIT00307,FAC002,B+,Plasma,233,2026-05-12,2027-05-12,284,Available,False
UNIT00308,FAC003,A+,Whole Blood,431,2026-07-19,2026-08-23,22,Available,False
UNIT00309,FAC003,B+,Platelets,51,2026-07-31,2026-08-05,4,Available,False
UNIT00310,FAC003,B+,Whole Blood,392,2026-07-07,2026-08-11,10,Available,False
UNIT00311,FAC003,A+,Platelets,52,2026-07-30,2026-08-04,3,Available,False
UNIT00312,FAC003,O+,Plasma,230,2025-06-13,2026-06-13,-49,Expired,False
UNIT00313,FAC003,O+,RBC,279,2026-07-28,2026-09-01,31,Available,False
UNIT00314,FAC003,A+,RBC,252,2026-07-28,2026-09-01,31,Available,False
UNIT00315,FAC003,B+,Platelets,58,2026-07-30,2026-08-04,3,Reserved,False
UNIT00316,FAC003,B+,Whole Blood,395,2026-07-07,2026-08-11,10,Available,False
UNIT00317,FAC003,O+,Whole Blood,365,2026-07-02,2026-08-06,5,Available,True
UNIT00318,FAC003,O+,Plasma,224,2025-09-06,2026-09-06,36,Available,True
UNIT00319,FAC003,B+,RBC,283,2026-07-16,2026-08-20,19,Available,False
UNIT00320,FAC003,B+,Whole Blood,427,2026-07-08,2026-08-12,11,Available,False
UNIT00321,FAC003,O-,RBC,255,2026-07-15,2026-08-19,18,Available,False
UNIT00322,FAC003,B+,Platelets,56,2026-07-30,2026-08-04,3,Available,False
UNIT00323,FAC003,A+,Plasma,222,2026-03-31,2027-03-31,242,Available,False
UNIT00324,FAC003,O+,Plasma,203,2026-04-20,2027-04-20,262,Reserved,False
UNIT00325,FAC003,A+,Plasma,243,2026-03-28,2027-03-28,239,Available,False
UNIT00326,FAC003,A+,Whole Blood,450,2026-07-25,2026-08-29,28,Available,False
UNIT00327,FAC003,B+,RBC,273,2026-07-27,2026-08-31,30,Available,False
UNIT00328,FAC003,B+,Whole Blood,397,2026-07-13,2026-08-17,16,Available,False
UNIT00329,FAC003,B+,Whole Blood,400,2026-07-14,2026-08-18,17,Available,False
UNIT00330,FAC003,B+,Platelets,52,2026-07-31,2026-08-05,4,Available,False
UNIT00331,FAC003,B+,Plasma,249,2025-08-20,2026-08-20,19,Available,True
UNIT00332,FAC003,B+,Plasma,244,2026-05-05,2027-05-05,277,Available,False
UNIT00333,FAC003,O+,Plasma,204,2026-05-09,2027-05-09,281,Available,False
UNIT00334,FAC003,B+,Plasma,243,2025-05-06,2026-05-06,-87,Expired,False
UNIT00335,FAC003,O+,Platelets,58,2026-07-29,2026-08-03,2,Available,False
UNIT00336,FAC003,AB+,Platelets,60,2026-07-28,2026-08-02,1,Available,True
UNIT00337,FAC003,A+,Platelets,53,2026-07-30,2026-08-04,3,Available,False
UNIT00338,FAC003,O+,RBC,285,2026-07-06,2026-08-10,9,Available,False
UNIT00339,FAC003,AB+,Plasma,239,2025-10-24,2026-10-24,84,Available,False
UNIT00340,FAC003,O+,Whole Blood,442,2026-07-21,2026-08-25,24,Reserved,False
UNIT00341,FAC003,B+,Plasma,204,2025-11-09,2026-11-09,100,Available,False
UNIT00342,FAC003,A+,Platelets,60,2026-07-29,2026-08-03,2,Available,False
UNIT00343,FAC003,B+,RBC,290,2026-07-01,2026-08-05,4,Available,True
UNIT00344,FAC003,AB+,RBC,253,2026-07-18,2026-08-22,21,Reserved,False
UNIT00345,FAC003,O+,RBC,295,2026-07-21,2026-08-25,24,Available,False
UNIT00346,FAC003,A-,Platelets,60,2026-07-28,2026-08-02,1,Available,True
UNIT00347,FAC003,O+,Platelets,58,2026-07-31,2026-08-05,4,Available,False
UNIT00348,FAC003,A+,RBC,260,2026-07-13,2026-08-17,16,Available,False
UNIT00349,FAC003,O+,Platelets,50,2026-07-28,2026-08-02,1,Available,True
UNIT00350,FAC003,A+,Platelets,56,2026-07-29,2026-08-03,2,Available,False
UNIT00351,FAC003,O+,Whole Blood,387,2026-07-16,2026-08-20,19,Available,False
UNIT00352,FAC003,O+,Platelets,60,2026-07-30,2026-08-04,3,Available,False
UNIT00353,FAC003,B+,Plasma,228,2026-06-12,2027-06-12,315,Available,False
UNIT00354,FAC003,B+,Plasma,220,2026-05-08,2027-05-08,280,Available,False
UNIT00355,FAC003,O+,Platelets,56,2026-07-29,2026-08-03,2,Available,False
UNIT00356,FAC003,A+,Platelets,53,2026-07-30,2026-08-04,3,Available,False
UNIT00357,FAC003,B+,Platelets,50,2026-07-30,2026-08-04,3,Available,False
UNIT00358,FAC003,B+,Plasma,210,2025-09-21,2026-09-21,51,Available,True
UNIT00359,FAC003,O+,Platelets,58,2026-07-31,2026-08-05,4,Available,False
UNIT00360,FAC003,B+,Platelets,56,2026-07-30,2026-08-04,3,Available,False
UNIT00361,FAC003,B+,RBC,253,2026-07-24,2026-08-28,27,Available,False
UNIT00362,FAC003,B+,Plasma,206,2026-04-17,2027-04-17,259,Available,False
UNIT00363,FAC003,B+,Platelets,55,2026-07-29,2026-08-03,2,Available,False
UNIT00364,FAC003,A+,Whole Blood,420,2026-07-14,2026-08-18,17,Available,False
UNIT00365,FAC003,B+,Plasma,217,2026-02-15,2027-02-15,198,Available,False
UNIT00366,FAC003,O+,Whole Blood,397,2026-07-26,2026-08-30,29,Available,False
UNIT00367,FAC003,O+,Platelets,52,2026-07-29,2026-08-03,2,Available,False
UNIT00368,FAC003,A+,Plasma,208,2026-02-16,2027-02-16,199,Available,False
UNIT00369,FAC003,O+,Plasma,232,2026-02-10,2027-02-10,193,Available,False
UNIT00370,FAC003,A+,Platelets,54,2026-07-31,2026-08-05,4,Reserved,False
UNIT00371,FAC003,AB+,Plasma,201,2025-12-05,2026-12-05,126,Available,False
UNIT00372,FAC003,B+,Whole Blood,424,2026-06-22,2026-07-27,-5,Expired,False
UNIT00373,FAC003,B+,Whole Blood,433,2026-07-13,2026-08-17,16,Available,False
UNIT00374,FAC003,O+,RBC,260,2026-07-09,2026-08-13,12,Available,False
UNIT00375,FAC003,B+,Plasma,202,2026-05-21,2027-05-21,293,Available,False
UNIT00376,FAC003,AB+,Whole Blood,403,2026-07-24,2026-08-28,27,Available,False
UNIT00377,FAC003,A+,RBC,280,2026-07-19,2026-08-23,22,Available,False
UNIT00378,FAC003,O+,Whole Blood,421,2026-07-09,2026-08-13,12,Available,False
UNIT00379,FAC003,B+,Plasma,211,2026-02-08,2027-02-08,191,Available,False
UNIT00380,FAC003,B+,Platelets,60,2026-07-30,2026-08-04,3,Available,False
UNIT00381,FAC003,O+,Platelets,53,2026-07-29,2026-08-03,2,Available,False
UNIT00382,FAC003,B+,Platelets,54,2026-07-31,2026-08-05,4,Reserved,False
UNIT00383,FAC003,O+,RBC,280,2026-07-10,2026-08-14,13,Available,False
UNIT00384,FAC003,B+,Platelets,58,2026-07-31,2026-08-05,4,Available,False
UNIT00385,FAC003,B+,Plasma,209,2025-10-17,2026-10-17,77,Reserved,False
UNIT00386,FAC003,B+,Platelets,57,2026-07-27,2026-08-01,0,Available,True
UNIT00387,FAC003,O+,Plasma,217,2026-05-05,2027-05-05,277,Available,False
UNIT00388,FAC003,O+,Platelets,59,2026-07-31,2026-08-05,4,Available,False
UNIT00389,FAC003,B+,Whole Blood,431,2026-07-11,2026-08-15,14,Available,False
UNIT00390,FAC003,B+,Whole Blood,362,2026-07-19,2026-08-23,22,Available,False
UNIT00391,FAC003,O+,RBC,260,2026-07-31,2026-09-04,34,Available,False
UNIT00392,FAC003,B+,Plasma,218,2026-02-23,2027-02-23,206,Available,False
UNIT00393,FAC003,B+,Whole Blood,423,2026-06-29,2026-08-03,2,Available,True
UNIT00394,FAC003,A-,Whole Blood,372,2026-06-29,2026-08-03,2,Available,True
UNIT00395,FAC003,O+,Whole Blood,400,2026-06-19,2026-07-24,-8,Expired,False
UNIT00396,FAC003,O+,RBC,268,2026-06-27,2026-08-01,0,Reserved,False
UNIT00397,FAC003,O+,Whole Blood,392,2026-07-22,2026-08-26,25,Available,False
UNIT00398,FAC003,B+,Plasma,232,2025-09-06,2026-09-06,36,Available,True
UNIT00399,FAC003,B+,RBC,296,2026-07-05,2026-08-09,8,Available,False
UNIT00400,FAC003,B+,Platelets,55,2026-07-29,2026-08-03,2,Available,False
UNIT00401,FAC003,O+,RBC,275,2026-07-25,2026-08-29,28,Available,False
UNIT00402,FAC003,O+,Platelets,52,2026-07-31,2026-08-05,4,Available,False
UNIT00403,FAC003,O-,Plasma,216,2026-04-07,2027-04-07,249,Available,False
UNIT00404,FAC003,B+,Plasma,219,2025-11-16,2026-11-16,107,Reserved,False
UNIT00405,FAC003,AB+,Whole Blood,380,2026-07-22,2026-08-26,25,Available,False
UNIT00406,FAC003,A+,Whole Blood,437,2026-07-17,2026-08-21,20,Available,False
UNIT00407,FAC003,B+,Platelets,54,2026-07-29,2026-08-03,2,Available,False
UNIT00408,FAC003,B+,RBC,259,2026-07-23,2026-08-27,26,Available,False
UNIT00409,FAC003,B+,Platelets,57,2026-07-30,2026-08-04,3,Available,False
UNIT00410,FAC003,O+,RBC,288,2026-07-07,2026-08-11,10,Available,False
UNIT00411,FAC003,O+,Whole Blood,396,2026-07-15,2026-08-19,18,Available,False
UNIT00412,FAC003,A+,Whole Blood,414,2026-07-28,2026-09-01,31,Available,False
UNIT00413,FAC003,A+,RBC,278,2026-07-25,2026-08-29,28,Available,False
UNIT00414,FAC003,A+,RBC,282,2026-07-09,2026-08-13,12,Available,False
UNIT00415,FAC003,B+,Whole Blood,408,2026-07-17,2026-08-21,20,Available,False
UNIT00416,FAC003,AB+,Plasma,201,2025-12-19,2026-12-19,140,Available,False
UNIT00417,FAC003,B+,Whole Blood,355,2026-07-08,2026-08-12,11,Available,False
UNIT00418,FAC003,B+,Whole Blood,358,2026-07-15,2026-08-19,18,Available,False
UNIT00419,FAC003,O-,Plasma,249,2026-06-29,2027-06-29,332,Available,False
UNIT00420,FAC003,A+,Plasma,228,2026-03-25,2027-03-25,236,Reserved,False
UNIT00421,FAC003,O+,Plasma,242,2026-03-24,2027-03-24,235,Available,False
UNIT00422,FAC003,O+,RBC,261,2026-07-11,2026-08-15,14,Available,False
UNIT00423,FAC003,O-,Plasma,214,2026-02-07,2027-02-07,190,Available,False
UNIT00424,FAC003,O+,Whole Blood,409,2026-06-23,2026-07-28,-4,Expired,False
UNIT00425,FAC003,O+,Plasma,215,2026-02-06,2027-02-06,189,Available,False
UNIT00426,FAC003,B+,RBC,296,2026-07-22,2026-08-26,25,Reserved,False
UNIT00427,FAC003,O+,Whole Blood,448,2026-07-05,2026-08-09,8,Available,False
UNIT00428,FAC003,O+,Whole Blood,426,2026-07-23,2026-08-27,26,Available,False
UNIT00429,FAC003,A+,Whole Blood,406,2026-07-23,2026-08-27,26,Available,False
UNIT00430,FAC003,B+,RBC,258,2026-07-07,2026-08-11,10,Available,False
UNIT00431,FAC003,B+,Platelets,59,2026-07-31,2026-08-05,4,Reserved,False
UNIT00432,FAC003,B+,Platelets,60,2026-07-31,2026-08-05,4,Available,False
UNIT00433,FAC003,B+,Plasma,237,2026-04-14,2027-04-14,256,Available,False
UNIT00434,FAC003,O+,RBC,281,2026-07-12,2026-08-16,15,Available,False
UNIT00435,FAC003,A+,Platelets,58,2026-07-27,2026-08-01,0,Available,True
UNIT00436,FAC003,B+,Plasma,211,2026-03-15,2027-03-15,226,Available,False
UNIT00437,FAC003,O+,Plasma,245,2026-04-29,2027-04-29,271,Available,False
UNIT00438,FAC003,A+,Plasma,226,2025-08-19,2026-08-19,18,Available,True
UNIT00439,FAC003,AB+,RBC,271,2026-07-19,2026-08-23,22,Available,False
UNIT00440,FAC003,O+,Plasma,246,2025-10-01,2026-10-01,61,Available,True
UNIT00441,FAC003,O+,Whole Blood,427,2026-07-22,2026-08-26,25,Available,False
UNIT00442,FAC003,A+,Whole Blood,442,2026-07-24,2026-08-28,27,Available,False
UNIT00443,FAC003,O+,RBC,271,2026-07-17,2026-08-21,20,Available,False
UNIT00444,FAC003,B+,Whole Blood,444,2026-07-24,2026-08-28,27,Available,False
UNIT00445,FAC003,A+,Plasma,245,2025-08-19,2026-08-19,18,Available,True
UNIT00446,FAC003,A+,RBC,274,2026-07-15,2026-08-19,18,Available,False
UNIT00447,FAC003,B+,Platelets,57,2026-07-30,2026-08-04,3,Available,False
UNIT00448,FAC003,B+,Plasma,213,2025-11-13,2026-11-13,104,Available,False
UNIT00449,FAC003,B+,Plasma,247,2026-06-22,2027-06-22,325,Available,False
UNIT00450,FAC003,A+,Platelets,56,2026-07-29,2026-08-03,2,Available,False
UNIT00451,FAC003,B+,RBC,265,2026-07-21,2026-08-25,24,Available,False
UNIT00452,FAC003,B+,Platelets,60,2026-07-31,2026-08-05,4,Available,False
UNIT00453,FAC003,O+,Plasma,210,2026-05-17,2027-05-17,289,Available,False
UNIT00454,FAC003,A+,Plasma,241,2026-05-13,2027-05-13,285,Reserved,False
UNIT00455,FAC003,O+,Whole Blood,435,2026-07-03,2026-08-07,6,Available,True
UNIT00456,FAC003,A+,Whole Blood,379,2026-07-19,2026-08-23,22,Available,False
UNIT00457,FAC003,A+,RBC,273,2026-07-30,2026-09-03,33,Available,False
UNIT00458,FAC003,A+,Plasma,234,2025-12-24,2026-12-24,145,Available,False
UNIT00459,FAC003,AB+,Whole Blood,418,2026-07-30,2026-09-03,33,Available,False
UNIT00460,FAC003,O+,Whole Blood,405,2026-07-16,2026-08-20,19,Available,False
UNIT00461,FAC003,O+,RBC,259,2026-07-26,2026-08-30,29,Available,False
UNIT00462,FAC003,B+,Platelets,56,2026-07-28,2026-08-02,1,Available,True
UNIT00463,FAC003,A+,Plasma,244,2026-03-01,2027-03-01,212,Available,False
UNIT00464,FAC003,A-,Whole Blood,447,2026-07-11,2026-08-15,14,Available,False
UNIT00465,FAC003,A+,Plasma,203,2026-03-23,2027-03-23,234,Available,False
UNIT00466,FAC003,O+,RBC,291,2026-07-27,2026-08-31,30,Available,False
UNIT00467,FAC003,O+,Whole Blood,379,2026-06-30,2026-08-04,3,Reserved,False
UNIT00468,FAC003,A+,Plasma,243,2026-04-21,2027-04-21,263,Reserved,False
UNIT00469,FAC003,O+,Whole Blood,352,2026-07-24,2026-08-28,27,Available,False
UNIT00470,FAC003,O+,RBC,275,2026-07-07,2026-08-11,10,Available,False
UNIT00471,FAC003,O+,Platelets,56,2026-07-31,2026-08-05,4,Available,False
UNIT00472,FAC004,A+,Whole Blood,448,2026-07-03,2026-08-07,6,Available,True
UNIT00473,FAC004,B+,Platelets,50,2026-07-30,2026-08-04,3,Available,False
UNIT00474,FAC004,B+,RBC,274,2026-07-16,2026-08-20,19,Available,False
UNIT00475,FAC004,B+,Platelets,59,2026-07-29,2026-08-03,2,Available,False
UNIT00476,FAC004,A+,Whole Blood,369,2026-07-09,2026-08-13,12,Available,False
UNIT00477,FAC004,B+,Platelets,55,2026-07-31,2026-08-05,4,Available,False
UNIT00478,FAC004,A+,Whole Blood,406,2026-06-26,2026-07-31,-1,Expired,False
UNIT00479,FAC004,A-,RBC,277,2026-07-26,2026-08-30,29,Available,False
UNIT00480,FAC004,B+,Platelets,51,2026-07-30,2026-08-04,3,Available,False
UNIT00481,FAC004,A-,Whole Blood,399,2026-07-13,2026-08-17,16,Available,False
UNIT00482,FAC004,A+,RBC,285,2026-07-19,2026-08-23,22,Available,False
UNIT00483,FAC004,AB+,Whole Blood,398,2026-07-14,2026-08-18,17,Available,False
UNIT00484,FAC004,A+,RBC,254,2026-07-21,2026-08-25,24,Available,False
UNIT00485,FAC004,A+,RBC,254,2026-07-18,2026-08-22,21,Available,False
UNIT00486,FAC004,A-,Whole Blood,428,2026-07-09,2026-08-13,12,Available,False
UNIT00487,FAC004,A+,Whole Blood,400,2026-07-25,2026-08-29,28,Available,False
UNIT00488,FAC004,A+,Platelets,57,2026-07-30,2026-08-04,3,Available,False
UNIT00489,FAC004,A+,Platelets,52,2026-07-26,2026-07-31,-1,Expired,False
UNIT00490,FAC004,A+,Platelets,55,2026-07-27,2026-08-01,0,Available,True
UNIT00491,FAC004,A+,RBC,268,2026-06-24,2026-07-29,-3,Expired,False
UNIT00492,FAC004,B+,Platelets,53,2026-07-30,2026-08-04,3,Available,False
UNIT00493,FAC004,A+,RBC,257,2026-07-04,2026-08-08,7,Available,True
UNIT00494,FAC004,AB+,Whole Blood,437,2026-07-13,2026-08-17,16,Available,False
UNIT00495,FAC004,B+,Whole Blood,409,2026-06-26,2026-07-31,-1,Expired,False
UNIT00496,FAC004,AB+,Whole Blood,438,2026-07-18,2026-08-22,21,Available,False
UNIT00497,FAC004,A+,RBC,269,2026-07-10,2026-08-14,13,Available,False
UNIT00498,FAC004,A+,Platelets,56,2026-07-31,2026-08-05,4,Available,False
UNIT00499,FAC004,A+,Platelets,58,2026-07-30,2026-08-04,3,Available,False
UNIT00500,FAC004,AB+,Platelets,55,2026-07-30,2026-08-04,3,Available,False
UNIT00501,FAC004,B+,Platelets,51,2026-07-29,2026-08-03,2,Reserved,False
UNIT00502,FAC004,B+,Platelets,59,2026-07-29,2026-08-03,2,Available,False
UNIT00503,FAC004,A+,Platelets,55,2026-07-29,2026-08-03,2,Available,False
UNIT00504,FAC004,AB-,RBC,264,2026-07-26,2026-08-30,29,Available,False
UNIT00505,FAC004,B+,Platelets,53,2026-07-29,2026-08-03,2,Available,False
UNIT00506,FAC004,B+,RBC,294,2026-07-17,2026-08-21,20,Available,False
UNIT00507,FAC004,B+,RBC,280,2026-06-19,2026-07-24,-8,Expired,False
UNIT00508,FAC004,A+,RBC,296,2026-06-28,2026-08-02,1,Available,True
UNIT00509,FAC004,A+,RBC,283,2026-07-20,2026-08-24,23,Available,False
UNIT00510,FAC004,B+,RBC,278,2026-07-26,2026-08-30,29,Available,False
UNIT00511,FAC004,A+,RBC,251,2026-07-28,2026-09-01,31,Available,False
UNIT00512,FAC004,B-,Platelets,53,2026-07-31,2026-08-05,4,Available,False
UNIT00513,FAC004,B+,Platelets,57,2026-07-31,2026-08-05,4,Available,False
UNIT00514,FAC004,A+,RBC,292,2026-07-12,2026-08-16,15,Available,False
UNIT00515,FAC004,B+,Whole Blood,407,2026-07-08,2026-08-12,11,Reserved,False
UNIT00516,FAC004,B+,RBC,267,2026-07-31,2026-09-04,34,Available,False
UNIT00517,FAC004,B+,Whole Blood,418,2026-07-14,2026-08-18,17,Available,False
UNIT00518,FAC004,A+,RBC,292,2026-07-24,2026-08-28,27,Available,False
UNIT00519,FAC004,AB+,Platelets,56,2026-07-27,2026-08-01,0,Available,True
UNIT00520,FAC004,B+,Platelets,57,2026-07-31,2026-08-05,4,Available,False
UNIT00521,FAC004,B+,Platelets,59,2026-07-29,2026-08-03,2,Available,False
UNIT00522,FAC004,B+,Platelets,54,2026-07-31,2026-08-05,4,Available,False
UNIT00523,FAC004,A+,RBC,276,2026-07-10,2026-08-14,13,Available,False
UNIT00524,FAC004,B+,Platelets,60,2026-07-30,2026-08-04,3,Available,False
UNIT00525,FAC004,B+,Platelets,52,2026-07-27,2026-08-01,0,Available,True
UNIT00526,FAC004,B+,Whole Blood,429,2026-07-24,2026-08-28,27,Available,False
UNIT00527,FAC004,A+,RBC,281,2026-06-26,2026-07-31,-1,Expired,False
UNIT00528,FAC004,A+,RBC,282,2026-06-24,2026-07-29,-3,Expired,False
UNIT00529,FAC004,B+,RBC,278,2026-07-10,2026-08-14,13,Available,False
UNIT00530,FAC004,B+,Whole Blood,378,2026-07-14,2026-08-18,17,Available,False
UNIT00531,FAC004,A+,RBC,299,2026-07-23,2026-08-27,26,Available,False
UNIT00532,FAC004,B+,Platelets,58,2026-07-28,2026-08-02,1,Available,True
UNIT00533,FAC004,A+,Whole Blood,396,2026-07-22,2026-08-26,25,Available,False
UNIT00534,FAC004,B+,Whole Blood,377,2026-07-07,2026-08-11,10,Available,False
UNIT00535,FAC004,O-,Whole Blood,381,2026-07-08,2026-08-12,11,Available,False
UNIT00536,FAC004,A+,Whole Blood,361,2026-07-18,2026-08-22,21,Available,False
UNIT00537,FAC004,B+,Whole Blood,444,2026-07-06,2026-08-10,9,Available,False
UNIT00538,FAC004,B+,RBC,277,2026-07-02,2026-08-06,5,Available,True
UNIT00539,FAC004,A+,Whole Blood,357,2026-07-06,2026-08-10,9,Available,False
UNIT00540,FAC004,B+,Platelets,55,2026-07-31,2026-08-05,4,Available,False
UNIT00541,FAC004,O-,RBC,282,2026-07-22,2026-08-26,25,Available,False
UNIT00542,FAC004,O-,Platelets,56,2026-07-28,2026-08-02,1,Available,True
UNIT00543,FAC004,AB+,RBC,258,2026-07-02,2026-08-06,5,Available,True
UNIT00544,FAC004,A+,Platelets,60,2026-07-30,2026-08-04,3,Available,False
UNIT00545,FAC004,B+,Whole Blood,403,2026-07-14,2026-08-18,17,Available,False
UNIT00546,FAC004,B+,Whole Blood,361,2026-07-12,2026-08-16,15,Reserved,False
UNIT00547,FAC004,B+,Platelets,55,2026-07-31,2026-08-05,4,Reserved,False
UNIT00548,FAC004,B+,RBC,299,2026-07-21,2026-08-25,24,Available,False
UNIT00549,FAC004,B-,Whole Blood,435,2026-07-08,2026-08-12,11,Available,False
UNIT00550,FAC005,AB+,Whole Blood,393,2026-07-14,2026-08-18,17,Available,False
UNIT00551,FAC005,O+,Whole Blood,408,2026-07-28,2026-09-01,31,Available,False
UNIT00552,FAC005,A+,Whole Blood,404,2026-07-18,2026-08-22,21,Available,False
UNIT00553,FAC005,A+,Platelets,54,2026-07-27,2026-08-01,0,Reserved,False
UNIT00554,FAC005,A+,RBC,255,2026-07-27,2026-08-31,30,Available,False
UNIT00555,FAC005,B+,Platelets,54,2026-07-31,2026-08-05,4,Available,False
UNIT00556,FAC005,O+,Whole Blood,362,2026-07-18,2026-08-22,21,Available,False
UNIT00557,FAC005,A+,RBC,283,2026-07-27,2026-08-31,30,Available,False
UNIT00558,FAC005,O+,Whole Blood,365,2026-07-30,2026-09-03,33,Available,False
UNIT00559,FAC005,O-,RBC,264,2026-07-10,2026-08-14,13,Available,False
UNIT00560,FAC005,B+,Platelets,55,2026-07-28,2026-08-02,1,Available,True
UNIT00561,FAC005,O+,Whole Blood,367,2026-07-19,2026-08-23,22,Available,False
UNIT00562,FAC005,O+,Platelets,50,2026-07-31,2026-08-05,4,Available,False
UNIT00563,FAC005,AB-,Whole Blood,430,2026-07-18,2026-08-22,21,Available,False
UNIT00564,FAC005,O+,RBC,263,2026-07-12,2026-08-16,15,Available,False
UNIT00565,FAC005,A+,Whole Blood,443,2026-07-25,2026-08-29,28,Available,False
UNIT00566,FAC005,B+,RBC,267,2026-07-21,2026-08-25,24,Available,False
UNIT00567,FAC005,O+,Whole Blood,427,2026-07-14,2026-08-18,17,Available,False
UNIT00568,FAC005,B+,Platelets,54,2026-08-01,2026-08-06,5,Available,False
UNIT00569,FAC005,A+,Platelets,54,2026-07-30,2026-08-04,3,Available,False
UNIT00570,FAC005,O+,Whole Blood,413,2026-07-16,2026-08-20,19,Available,False
UNIT00571,FAC005,O+,Whole Blood,396,2026-07-15,2026-08-19,18,Reserved,False
UNIT00572,FAC005,O+,Whole Blood,403,2026-07-19,2026-08-23,22,Available,False
UNIT00573,FAC005,B+,Platelets,51,2026-07-31,2026-08-05,4,Available,False
UNIT00574,FAC005,A+,Whole Blood,357,2026-07-30,2026-09-03,33,Available,False
UNIT00575,FAC005,O+,RBC,282,2026-07-16,2026-08-20,19,Available,False
UNIT00576,FAC005,O+,RBC,284,2026-07-09,2026-08-13,12,Available,False
UNIT00577,FAC005,B-,Whole Blood,415,2026-07-22,2026-08-26,25,Available,False
UNIT00578,FAC005,O+,Whole Blood,431,2026-07-15,2026-08-19,18,Available,False
UNIT00579,FAC005,O+,Platelets,56,2026-07-29,2026-08-03,2,Available,False
UNIT00580,FAC005,O+,Whole Blood,405,2026-07-28,2026-09-01,31,Available,False
UNIT00581,FAC005,A+,Platelets,60,2026-07-29,2026-08-03,2,Available,False
UNIT00582,FAC005,O+,Whole Blood,351,2026-07-30,2026-09-03,33,Available,False
UNIT00583,FAC005,A+,RBC,296,2026-07-15,2026-08-19,18,Available,False
UNIT00584,FAC005,B+,RBC,267,2026-07-26,2026-08-30,29,Available,False
UNIT00585,FAC005,O+,Whole Blood,404,2026-07-07,2026-08-11,10,Available,False
UNIT00586,FAC005,B+,Whole Blood,430,2026-07-22,2026-08-26,25,Reserved,False
UNIT00587,FAC005,A+,RBC,286,2026-07-16,2026-08-20,19,Available,False
UNIT00588,FAC005,A+,Whole Blood,423,2026-07-23,2026-08-27,26,Available,False
UNIT00589,FAC005,O+,Whole Blood,355,2026-07-23,2026-08-27,26,Available,False
UNIT00590,FAC005,O+,Whole Blood,399,2026-07-23,2026-08-27,26,Available,False
UNIT00591,FAC005,O+,Whole Blood,420,2026-06-27,2026-08-01,0,Available,True
UNIT00592,FAC005,O+,Platelets,55,2026-07-29,2026-08-03,2,Available,False
UNIT00593,FAC005,B+,Platelets,59,2026-07-30,2026-08-04,3,Available,False
UNIT00594,FAC005,B+,Platelets,53,2026-07-29,2026-08-03,2,Available,False
UNIT00595,FAC005,O+,Whole Blood,358,2026-06-25,2026-07-30,-2,Expired,False
UNIT00596,FAC005,O+,RBC,255,2026-07-06,2026-08-10,9,Available,False
UNIT00597,FAC005,AB+,Whole Blood,450,2026-07-20,2026-08-24,23,Available,False
UNIT00598,FAC005,B+,Platelets,57,2026-07-31,2026-08-05,4,Available,False
UNIT00599,FAC005,O-,Whole Blood,381,2026-07-08,2026-08-12,11,Available,False
UNIT00600,FAC005,A+,RBC,290,2026-07-29,2026-09-02,32,Available,False
UNIT00601,FAC005,O+,Whole Blood,350,2026-06-26,2026-07-31,-1,Expired,False
UNIT00602,FAC005,O+,RBC,256,2026-07-03,2026-08-07,6,Available,True
UNIT00603,FAC005,A+,Whole Blood,368,2026-07-18,2026-08-22,21,Reserved,False
UNIT00604,FAC005,O+,Whole Blood,416,2026-07-28,2026-09-01,31,Available,False
UNIT00605,FAC005,B+,RBC,287,2026-07-17,2026-08-21,20,Available,False
UNIT00606,FAC005,A+,Whole Blood,425,2026-07-12,2026-08-16,15,Available,False
UNIT00607,FAC005,AB+,RBC,268,2026-07-11,2026-08-15,14,Available,False
UNIT00608,FAC005,B+,RBC,297,2026-06-28,2026-08-02,1,Available,True
UNIT00609,FAC005,B+,RBC,262,2026-07-22,2026-08-26,25,Available,False
UNIT00610,FAC005,A+,Platelets,57,2026-07-31,2026-08-05,4,Available,False
UNIT00611,FAC005,B+,RBC,299,2026-07-26,2026-08-30,29,Available,False
UNIT00612,FAC005,A+,RBC,255,2026-07-17,2026-08-21,20,Available,False
UNIT00613,FAC005,A+,Platelets,59,2026-07-30,2026-08-04,3,Available,False
UNIT00614,FAC005,A+,RBC,272,2026-07-25,2026-08-29,28,Available,False
UNIT00615,FAC005,B+,Whole Blood,372,2026-07-10,2026-08-14,13,Available,False
UNIT00616,FAC005,A+,RBC,285,2026-07-02,2026-08-06,5,Available,True
UNIT00617,FAC005,B+,RBC,257,2026-07-26,2026-08-30,29,Available,False
UNIT00618,FAC005,A+,Whole Blood,397,2026-07-26,2026-08-30,29,Available,False
UNIT00619,FAC005,O+,Platelets,51,2026-07-31,2026-08-05,4,Available,False
UNIT00620,FAC005,A+,Whole Blood,366,2026-07-24,2026-08-28,27,Available,False
UNIT00621,FAC005,A+,RBC,253,2026-07-26,2026-08-30,29,Reserved,False
UNIT00622,FAC005,A+,Platelets,57,2026-07-30,2026-08-04,3,Available,False
UNIT00623,FAC005,A+,Platelets,52,2026-07-30,2026-08-04,3,Available,False
UNIT00624,FAC005,B+,RBC,289,2026-07-01,2026-08-05,4,Available,True
UNIT00625,FAC005,O+,Platelets,58,2026-07-31,2026-08-05,4,Available,False
UNIT00626,FAC005,B+,Whole Blood,375,2026-07-22,2026-08-26,25,Available,False
UNIT00627,FAC006,O+,RBC,274,2026-06-29,2026-08-03,2,Available,True
UNIT00628,FAC006,B+,Whole Blood,449,2026-07-21,2026-08-25,24,Available,False
UNIT00629,FAC006,B+,RBC,264,2026-07-15,2026-08-19,18,Available,False
UNIT00630,FAC006,O+,Whole Blood,418,2026-07-23,2026-08-27,26,Available,False
UNIT00631,FAC006,O+,Platelets,53,2026-07-31,2026-08-05,4,Reserved,False
UNIT00632,FAC006,AB+,RBC,261,2026-07-20,2026-08-24,23,Available,False
UNIT00633,FAC006,A+,Platelets,55,2026-07-30,2026-08-04,3,Available,False
UNIT00634,FAC006,O+,Whole Blood,422,2026-07-09,2026-08-13,12,Available,False
UNIT00635,FAC006,AB+,Platelets,57,2026-07-27,2026-08-01,0,Available,True
UNIT00636,FAC006,B-,Whole Blood,379,2026-07-16,2026-08-20,19,Available,False
UNIT00637,FAC006,AB+,Whole Blood,428,2026-07-15,2026-08-19,18,Available,False
UNIT00638,FAC006,A+,Whole Blood,391,2026-07-20,2026-08-24,23,Available,False
UNIT00639,FAC006,A+,Whole Blood,449,2026-07-13,2026-08-17,16,Reserved,False
UNIT00640,FAC006,A+,Platelets,55,2026-07-28,2026-08-02,1,Reserved,False
UNIT00641,FAC006,O+,Platelets,54,2026-07-30,2026-08-04,3,Available,False
UNIT00642,FAC006,B+,Whole Blood,431,2026-07-08,2026-08-12,11,Available,False
UNIT00643,FAC006,O+,Platelets,58,2026-07-30,2026-08-04,3,Available,False
UNIT00644,FAC006,O+,Platelets,59,2026-07-28,2026-08-02,1,Available,True
UNIT00645,FAC006,O+,RBC,258,2026-07-21,2026-08-25,24,Available,False
UNIT00646,FAC006,A+,Whole Blood,423,2026-06-26,2026-07-31,-1,Expired,False
UNIT00647,FAC006,B+,Platelets,59,2026-08-01,2026-08-06,5,Available,False
UNIT00648,FAC006,A-,Platelets,55,2026-07-31,2026-08-05,4,Available,False
UNIT00649,FAC006,O+,Whole Blood,431,2026-07-20,2026-08-24,23,Available,False
UNIT00650,FAC006,O+,Whole Blood,443,2026-07-04,2026-08-08,7,Available,True
UNIT00651,FAC006,O+,RBC,294,2026-07-30,2026-09-03,33,Available,False
UNIT00652,FAC006,A+,RBC,253,2026-07-06,2026-08-10,9,Available,False
UNIT00653,FAC006,B+,Platelets,56,2026-07-30,2026-08-04,3,Available,False
UNIT00654,FAC006,B+,RBC,280,2026-07-20,2026-08-24,23,Available,False
UNIT00655,FAC006,O+,Platelets,52,2026-07-29,2026-08-03,2,Available,False
UNIT00656,FAC006,B+,Whole Blood,363,2026-07-22,2026-08-26,25,Available,False
UNIT00657,FAC006,A+,Whole Blood,359,2026-07-01,2026-08-05,4,Available,True
UNIT00658,FAC006,AB+,Whole Blood,411,2026-07-21,2026-08-25,24,Reserved,False
UNIT00659,FAC006,O+,RBC,277,2026-06-27,2026-08-01,0,Available,True
UNIT00660,FAC006,A+,Whole Blood,402,2026-07-21,2026-08-25,24,Reserved,False
UNIT00661,FAC006,O+,Platelets,60,2026-07-27,2026-08-01,0,Available,True
UNIT00662,FAC006,B+,Whole Blood,420,2026-07-26,2026-08-30,29,Available,False
UNIT00663,FAC006,O+,Whole Blood,361,2026-07-28,2026-09-01,31,Available,False
UNIT00664,FAC006,B+,Platelets,51,2026-07-29,2026-08-03,2,Available,False
UNIT00665,FAC006,A+,Whole Blood,410,2026-07-12,2026-08-16,15,Reserved,False
UNIT00666,FAC006,O+,RBC,292,2026-07-06,2026-08-10,9,Available,False
UNIT00667,FAC006,B+,Platelets,56,2026-07-30,2026-08-04,3,Available,False
UNIT00668,FAC006,B+,RBC,266,2026-07-28,2026-09-01,31,Available,False
UNIT00669,FAC006,A-,RBC,294,2026-07-14,2026-08-18,17,Available,False
UNIT00670,FAC006,O+,Whole Blood,402,2026-07-11,2026-08-15,14,Available,False
UNIT00671,FAC006,O+,Platelets,56,2026-07-31,2026-08-05,4,Available,False
UNIT00672,FAC006,O+,RBC,293,2026-06-24,2026-07-29,-3,Expired,False
UNIT00673,FAC006,O+,RBC,269,2026-07-14,2026-08-18,17,Available,False
UNIT00674,FAC006,A+,Platelets,58,2026-08-01,2026-08-06,5,Available,False
UNIT00675,FAC006,O+,Platelets,52,2026-07-26,2026-07-31,-1,Expired,False
UNIT00676,FAC006,A+,RBC,263,2026-07-25,2026-08-29,28,Reserved,False
UNIT00677,FAC006,O+,Whole Blood,437,2026-07-28,2026-09-01,31,Available,False
UNIT00678,FAC006,B+,Platelets,55,2026-07-31,2026-08-05,4,Available,False
UNIT00679,FAC006,O+,Whole Blood,420,2026-07-27,2026-08-31,30,Available,False
UNIT00680,FAC006,B+,RBC,250,2026-07-16,2026-08-20,19,Reserved,False
UNIT00681,FAC006,O+,Platelets,51,2026-07-29,2026-08-03,2,Available,False
UNIT00682,FAC006,B+,Whole Blood,362,2026-07-14,2026-08-18,17,Available,False
UNIT00683,FAC006,O+,Platelets,58,2026-07-28,2026-08-02,1,Available,True
UNIT00684,FAC006,O+,RBC,286,2026-07-22,2026-08-26,25,Available,False
UNIT00685,FAC006,AB+,Whole Blood,429,2026-07-25,2026-08-29,28,Available,False
UNIT00686,FAC006,AB+,Platelets,55,2026-07-30,2026-08-04,3,Available,False
UNIT00687,FAC006,O+,Whole Blood,397,2026-07-08,2026-08-12,11,Reserved,False
UNIT00688,FAC006,A+,RBC,294,2026-07-21,2026-08-25,24,Available,False
UNIT00689,FAC006,O+,Whole Blood,406,2026-07-25,2026-08-29,28,Reserved,False
UNIT00690,FAC006,O+,RBC,291,2026-07-22,2026-08-26,25,Available,False
UNIT00691,FAC006,A+,RBC,297,2026-07-24,2026-08-28,27,Available,False
UNIT00692,FAC006,B+,Platelets,58,2026-07-28,2026-08-02,1,Available,True
UNIT00693,FAC006,O+,Whole Blood,367,2026-07-21,2026-08-25,24,Available,False
UNIT00694,FAC006,O+,Platelets,53,2026-07-28,2026-08-02,1,Available,True
UNIT00695,FAC006,O+,Whole Blood,408,2026-07-03,2026-08-07,6,Available,True
UNIT00696,FAC006,A+,RBC,279,2026-07-09,2026-08-13,12,Available,False
UNIT00697,FAC006,B+,Platelets,53,2026-07-27,2026-08-01,0,Available,True
UNIT00698,FAC006,B+,Platelets,57,2026-07-30,2026-08-04,3,Reserved,False
UNIT00699,FAC006,AB+,RBC,266,2026-07-20,2026-08-24,23,Available,False
UNIT00700,FAC006,O+,Platelets,50,2026-07-31,2026-08-05,4,Available,False
UNIT00701,FAC006,A+,Platelets,53,2026-07-28,2026-08-02,1,Available,True
UNIT00702,FAC006,O+,Platelets,58,2026-07-31,2026-08-05,4,Available,False
UNIT00703,FAC006,A+,Platelets,60,2026-08-01,2026-08-06,5,Reserved,False
UNIT00704,FAC006,A+,Whole Blood,389,2026-07-23,2026-08-27,26,Available,False
UNIT00705,FAC006,O+,Platelets,56,2026-07-29,2026-08-03,2,Available,False
UNIT00706,FAC006,O+,RBC,293,2026-07-23,2026-08-27,26,Available,False
UNIT00707,FAC007,O+,Whole Blood,397,2026-07-30,2026-09-03,33,Reserved,False
UNIT00708,FAC007,B+,Whole Blood,358,2026-07-22,2026-08-26,25,Available,False
UNIT00709,FAC007,B+,Whole Blood,383,2026-07-12,2026-08-16,15,Available,False
UNIT00710,FAC007,O+,Whole Blood,380,2026-07-24,2026-08-28,27,Available,False
UNIT00711,FAC007,O+,Whole Blood,442,2026-07-11,2026-08-15,14,Available,False
UNIT00712,FAC007,A+,Whole Blood,383,2026-06-19,2026-07-24,-8,Expired,False
UNIT00713,FAC007,O+,Whole Blood,440,2026-07-19,2026-08-23,22,Available,False
UNIT00714,FAC007,O-,Whole Blood,437,2026-07-20,2026-08-24,23,Available,False
UNIT00715,FAC007,B+,Whole Blood,414,2026-06-29,2026-08-03,2,Available,True
UNIT00716,FAC007,B+,Whole Blood,373,2026-07-03,2026-08-07,6,Available,True
UNIT00717,FAC007,B+,Whole Blood,421,2026-07-26,2026-08-30,29,Available,False
UNIT00718,FAC007,O+,Whole Blood,392,2026-06-26,2026-07-31,-1,Expired,False
UNIT00719,FAC007,O+,Whole Blood,389,2026-07-20,2026-08-24,23,Available,False
UNIT00720,FAC007,B+,Whole Blood,409,2026-07-20,2026-08-24,23,Available,False
UNIT00721,FAC007,O+,Whole Blood,424,2026-07-28,2026-09-01,31,Available,False
UNIT00722,FAC007,O+,Whole Blood,365,2026-07-17,2026-08-21,20,Available,False
UNIT00723,FAC007,O+,Whole Blood,369,2026-07-15,2026-08-19,18,Available,False
UNIT00724,FAC007,A+,Whole Blood,408,2026-07-20,2026-08-24,23,Reserved,False
UNIT00725,FAC007,A+,Whole Blood,430,2026-07-06,2026-08-10,9,Available,False
UNIT00726,FAC007,O-,Whole Blood,385,2026-07-12,2026-08-16,15,Available,False
UNIT00727,FAC007,A+,Whole Blood,450,2026-07-14,2026-08-18,17,Available,False
UNIT00728,FAC007,O+,Whole Blood,404,2026-07-26,2026-08-30,29,Available,False
UNIT00729,FAC007,B+,Whole Blood,375,2026-07-19,2026-08-23,22,Available,False
UNIT00730,FAC007,O+,Whole Blood,417,2026-06-30,2026-08-04,3,Available,True
UNIT00731,FAC007,A+,Whole Blood,438,2026-07-12,2026-08-16,15,Available,False
UNIT00732,FAC007,O+,Whole Blood,425,2026-07-26,2026-08-30,29,Available,False
UNIT00733,FAC007,B+,Whole Blood,387,2026-07-04,2026-08-08,7,Available,True
UNIT00734,FAC007,B+,Whole Blood,367,2026-07-18,2026-08-22,21,Available,False
UNIT00735,FAC007,B+,Whole Blood,401,2026-07-20,2026-08-24,23,Available,False
UNIT00736,FAC007,A+,Whole Blood,443,2026-07-08,2026-08-12,11,Available,False
UNIT00737,FAC008,B+,Whole Blood,354,2026-07-20,2026-08-24,23,Available,False
UNIT00738,FAC008,B+,Whole Blood,426,2026-07-07,2026-08-11,10,Available,False
UNIT00739,FAC008,O-,Whole Blood,438,2026-07-11,2026-08-15,14,Available,False
UNIT00740,FAC008,A+,Whole Blood,410,2026-07-19,2026-08-23,22,Available,False
UNIT00741,FAC008,O+,Whole Blood,388,2026-07-10,2026-08-14,13,Available,False
UNIT00742,FAC008,B+,Whole Blood,427,2026-07-11,2026-08-15,14,Available,False
UNIT00743,FAC008,O+,Whole Blood,442,2026-07-04,2026-08-08,7,Available,True
UNIT00744,FAC008,O+,Whole Blood,375,2026-07-26,2026-08-30,29,Available,False
UNIT00745,FAC008,O+,Whole Blood,395,2026-07-04,2026-08-08,7,Reserved,False
UNIT00746,FAC008,O+,Whole Blood,376,2026-07-25,2026-08-29,28,Available,False
UNIT00747,FAC008,O+,Whole Blood,435,2026-07-21,2026-08-25,24,Available,False
UNIT00748,FAC008,A+,Whole Blood,369,2026-07-03,2026-08-07,6,Available,True
UNIT00749,FAC008,O+,Whole Blood,382,2026-07-09,2026-08-13,12,Available,False
UNIT00750,FAC008,O+,Whole Blood,387,2026-06-21,2026-07-26,-6,Expired,False
UNIT00751,FAC008,B+,Whole Blood,355,2026-07-26,2026-08-30,29,Available,False
UNIT00752,FAC008,O+,Whole Blood,444,2026-07-05,2026-08-09,8,Available,False
UNIT00753,FAC008,A+,Whole Blood,432,2026-07-30,2026-09-03,33,Available,False
UNIT00754,FAC008,A+,Whole Blood,384,2026-06-30,2026-08-04,3,Reserved,False
UNIT00755,FAC008,O+,Whole Blood,364,2026-07-20,2026-08-24,23,Available,False
UNIT00756,FAC008,B+,Whole Blood,411,2026-07-22,2026-08-26,25,Available,False
UNIT00757,FAC008,O+,Whole Blood,357,2026-07-26,2026-08-30,29,Available,False
UNIT00758,FAC008,O-,Whole Blood,411,2026-07-26,2026-08-30,29,Reserved,False
UNIT00759,FAC008,O+,Whole Blood,395,2026-07-24,2026-08-28,27,Available,False
UNIT00760,FAC008,O+,Whole Blood,402,2026-07-17,2026-08-21,20,Available,False
UNIT00761,FAC008,B+,Whole Blood,440,2026-07-22,2026-08-26,25,Available,False
UNIT00762,FAC008,O+,Whole Blood,435,2026-06-23,2026-07-28,-4,Expired,False
UNIT00763,FAC008,O+,Whole Blood,411,2026-07-18,2026-08-22,21,Available,False
UNIT00764,FAC009,O+,Whole Blood,428,2026-07-25,2026-08-29,28,Available,False
UNIT00765,FAC009,A+,Whole Blood,413,2026-07-16,2026-08-20,19,Available,False
UNIT00766,FAC009,O+,Whole Blood,392,2026-07-07,2026-08-11,10,Available,False
UNIT00767,FAC009,O+,Whole Blood,398,2026-07-16,2026-08-20,19,Available,False
UNIT00768,FAC009,B+,Whole Blood,423,2026-07-27,2026-08-31,30,Available,False
UNIT00769,FAC009,B+,Whole Blood,413,2026-07-18,2026-08-22,21,Available,False
UNIT00770,FAC009,O+,Whole Blood,421,2026-07-26,2026-08-30,29,Available,False
UNIT00771,FAC009,B+,Whole Blood,431,2026-07-06,2026-08-10,9,Reserved,False
UNIT00772,FAC009,B+,Whole Blood,393,2026-07-11,2026-08-15,14,Available,False
UNIT00773,FAC009,B+,Whole Blood,392,2026-07-04,2026-08-08,7,Available,True
UNIT00774,FAC009,B+,Whole Blood,407,2026-07-09,2026-08-13,12,Available,False
UNIT00775,FAC009,A+,Whole Blood,431,2026-07-31,2026-09-04,34,Available,False
UNIT00776,FAC009,O+,Whole Blood,363,2026-07-15,2026-08-19,18,Available,False
UNIT00777,FAC009,A+,Whole Blood,445,2026-07-16,2026-08-20,19,Available,False
UNIT00778,FAC009,O+,Whole Blood,365,2026-07-23,2026-08-27,26,Available,False
UNIT00779,FAC009,O+,Whole Blood,374,2026-07-24,2026-08-28,27,Available,False
UNIT00780,FAC009,O+,Whole Blood,431,2026-07-07,2026-08-11,10,Available,False
UNIT00781,FAC009,O+,Whole Blood,434,2026-07-06,2026-08-10,9,Available,False
UNIT00782,FAC009,O+,Whole Blood,350,2026-06-24,2026-07-29,-3,Expired,False
UNIT00783,FAC009,B+,Whole Blood,424,2026-07-14,2026-08-18,17,Available,False
UNIT00784,FAC009,B+,Whole Blood,366,2026-07-10,2026-08-14,13,Available,False
UNIT00785,FAC009,A+,Whole Blood,427,2026-07-16,2026-08-20,19,Available,False
UNIT00786,FAC009,O+,Whole Blood,387,2026-07-22,2026-08-26,25,Reserved,False
UNIT00787,FAC009,B+,Whole Blood,445,2026-07-25,2026-08-29,28,Available,False
UNIT00788,FAC009,B+,Whole Blood,430,2026-07-09,2026-08-13,12,Reserved,False
UNIT00789,FAC009,A+,Whole Blood,394,2026-07-12,2026-08-16,15,Available,False
UNIT00790,FAC009,O+,Whole Blood,433,2026-06-22,2026-07-27,-5,Expired,False
UNIT00791,FAC009,O+,Whole Blood,391,2026-07-16,2026-08-20,19,Available,False
UNIT00792,FAC009,O+,Whole Blood,435,2026-07-14,2026-08-18,17,Available,False
UNIT00793,FAC010,O+,Platelets,50,2026-07-28,2026-08-02,1,Available,True
UNIT00794,FAC010,B+,Whole Blood,357,2026-07-19,2026-08-23,22,Available,False
UNIT00795,FAC010,A+,RBC,293,2026-06-22,2026-07-27,-5,Expired,False
UNIT00796,FAC010,B+,Whole Blood,446,2026-07-10,2026-08-14,13,Available,False
UNIT00797,FAC010,AB+,Platelets,60,2026-07-28,2026-08-02,1,Available,True
UNIT00798,FAC010,O+,RBC,265,2026-07-08,2026-08-12,11,Available,False
UNIT00799,FAC010,B+,Platelets,56,2026-07-29,2026-08-03,2,Available,False
UNIT00800,FAC010,B+,Platelets,54,2026-07-27,2026-08-01,0,Available,True
UNIT00801,FAC010,A+,Plasma,245,2025-10-10,2026-10-10,70,Reserved,False
UNIT00802,FAC010,O+,Platelets,59,2026-07-28,2026-08-02,1,Available,True
UNIT00803,FAC010,A+,RBC,293,2026-07-22,2026-08-26,25,Available,False
UNIT00804,FAC010,A+,RBC,252,2026-07-08,2026-08-12,11,Available,False
UNIT00805,FAC010,B+,Platelets,54,2026-07-31,2026-08-05,4,Available,False
UNIT00806,FAC010,A+,Plasma,209,2025-12-05,2026-12-05,126,Available,False
UNIT00807,FAC010,O+,Whole Blood,434,2026-07-06,2026-08-10,9,Available,False
UNIT00808,FAC010,B+,Platelets,58,2026-07-31,2026-08-05,4,Available,False
UNIT00809,FAC010,A-,RBC,260,2026-07-15,2026-08-19,18,Available,False
UNIT00810,FAC010,B+,Plasma,213,2026-06-06,2027-06-06,309,Available,False
UNIT00811,FAC010,O+,Platelets,59,2026-07-30,2026-08-04,3,Available,False
UNIT00812,FAC010,B-,Whole Blood,380,2026-07-26,2026-08-30,29,Available,False
UNIT00813,FAC010,O+,RBC,293,2026-06-25,2026-07-30,-2,Expired,False
UNIT00814,FAC010,O+,Plasma,224,2025-08-18,2026-08-18,17,Reserved,False
UNIT00815,FAC010,B+,Platelets,55,2026-08-01,2026-08-06,5,Available,False
UNIT00816,FAC010,B+,Plasma,241,2026-02-20,2027-02-20,203,Available,False
UNIT00817,FAC010,A+,Whole Blood,371,2026-06-26,2026-07-31,-1,Expired,False
UNIT00818,FAC010,O+,Whole Blood,430,2026-07-12,2026-08-16,15,Available,False
UNIT00819,FAC010,O+,Plasma,244,2025-10-07,2026-10-07,67,Available,True
UNIT00820,FAC010,O+,Plasma,247,2025-12-29,2026-12-29,150,Reserved,False
UNIT00821,FAC010,O+,Whole Blood,361,2026-07-17,2026-08-21,20,Available,False
UNIT00822,FAC010,A+,RBC,286,2026-07-05,2026-08-09,8,Available,False
UNIT00823,FAC010,O+,Platelets,56,2026-07-30,2026-08-04,3,Available,False
UNIT00824,FAC010,B+,Whole Blood,350,2026-07-19,2026-08-23,22,Available,False
UNIT00825,FAC010,O+,Whole Blood,439,2026-07-07,2026-08-11,10,Available,False
UNIT00826,FAC010,O+,Platelets,60,2026-07-27,2026-08-01,0,Available,True
UNIT00827,FAC010,B+,Whole Blood,398,2026-07-22,2026-08-26,25,Reserved,False
UNIT00828,FAC010,B+,Whole Blood,367,2026-07-17,2026-08-21,20,Available,False
UNIT00829,FAC010,O+,Platelets,60,2026-07-27,2026-08-01,0,Available,True
UNIT00830,FAC010,O+,Platelets,58,2026-07-27,2026-08-01,0,Available,True
UNIT00831,FAC010,A+,Whole Blood,418,2026-07-31,2026-09-04,34,Available,False
UNIT00832,FAC010,AB+,Whole Blood,442,2026-07-21,2026-08-25,24,Available,False
UNIT00833,FAC010,B+,Plasma,209,2025-08-26,2026-08-26,25,Available,True
UNIT00834,FAC010,A+,RBC,257,2026-07-12,2026-08-16,15,Available,False
UNIT00835,FAC010,A+,Whole Blood,420,2026-07-03,2026-08-07,6,Reserved,False
UNIT00836,FAC010,B+,Whole Blood,362,2026-07-22,2026-08-26,25,Available,False
UNIT00837,FAC010,A+,Plasma,222,2025-07-19,2026-07-19,-13,Expired,False
UNIT00838,FAC010,A+,RBC,262,2026-07-26,2026-08-30,29,Available,False
UNIT00839,FAC010,B+,Plasma,244,2026-04-06,2027-04-06,248,Available,False
UNIT00840,FAC010,AB+,Platelets,52,2026-07-28,2026-08-02,1,Reserved,False
UNIT00841,FAC010,A+,RBC,291,2026-07-06,2026-08-10,9,Available,False
UNIT00842,FAC010,B+,Platelets,57,2026-07-31,2026-08-05,4,Available,False
UNIT00843,FAC010,B+,Platelets,51,2026-07-28,2026-08-02,1,Available,True
UNIT00844,FAC010,A+,Whole Blood,367,2026-07-03,2026-08-07,6,Available,True
UNIT00845,FAC010,O+,RBC,254,2026-07-22,2026-08-26,25,Reserved,False
UNIT00846,FAC010,O+,Whole Blood,424,2026-07-03,2026-08-07,6,Available,True
UNIT00847,FAC010,AB+,RBC,284,2026-06-29,2026-08-03,2,Available,True
UNIT00848,FAC010,O+,Plasma,225,2025-12-26,2026-12-26,147,Available,False
UNIT00849,FAC010,A-,Platelets,51,2026-07-31,2026-08-05,4,Available,False
UNIT00850,FAC010,B+,Whole Blood,428,2026-07-11,2026-08-15,14,Available,False
UNIT00851,FAC010,O+,RBC,286,2026-07-18,2026-08-22,21,Available,False
UNIT00852,FAC010,O+,RBC,272,2026-07-08,2026-08-12,11,Available,False
UNIT00853,FAC010,A+,Plasma,214,2026-05-01,2027-05-01,273,Available,False
UNIT00854,FAC010,A+,RBC,274,2026-07-16,2026-08-20,19,Available,False
UNIT00855,FAC010,B+,Plasma,241,2025-09-11,2026-09-11,41,Available,True
UNIT00856,FAC010,B+,Platelets,58,2026-07-28,2026-08-02,1,Available,True
UNIT00857,FAC010,AB+,Plasma,241,2025-12-26,2026-12-26,147,Available,False
UNIT00858,FAC010,O+,Whole Blood,378,2026-07-16,2026-08-20,19,Available,False
UNIT00859,FAC010,B+,Platelets,57,2026-07-28,2026-08-02,1,Available,True
UNIT00860,FAC010,O+,Whole Blood,371,2026-07-16,2026-08-20,19,Available,False
UNIT00861,FAC010,A-,Platelets,55,2026-07-31,2026-08-05,4,Available,False
UNIT00862,FAC010,AB+,Whole Blood,392,2026-07-11,2026-08-15,14,Available,False
UNIT00863,FAC010,O+,Plasma,237,2025-12-18,2026-12-18,139,Available,False
UNIT00864,FAC010,A+,Plasma,236,2026-07-04,2027-07-04,337,Available,False
UNIT00865,FAC010,AB+,RBC,286,2026-07-12,2026-08-16,15,Available,False
UNIT00866,FAC010,A+,RBC,275,2026-07-23,2026-08-27,26,Available,False
UNIT00867,FAC010,AB+,Whole Blood,386,2026-07-01,2026-08-05,4,Available,True
UNIT00868,FAC010,O+,RBC,280,2026-07-18,2026-08-22,21,Reserved,False
UNIT00869,FAC010,A+,Plasma,249,2026-01-14,2027-01-14,166,Available,False
UNIT00870,FAC010,A+,Platelets,57,2026-07-31,2026-08-05,4,Available,False
UNIT00871,FAC010,AB+,Whole Blood,363,2026-07-23,2026-08-27,26,Available,False
UNIT00872,FAC010,A+,Plasma,211,2025-10-12,2026-10-12,72,Available,True
UNIT00873,FAC010,B+,Whole Blood,446,2026-07-01,2026-08-05,4,Available,True
UNIT00874,FAC010,A+,Plasma,234,2025-12-24,2026-12-24,145,Reserved,False
UNIT00875,FAC010,O+,Plasma,202,2026-02-09,2027-02-09,192,Available,False
UNIT00876,FAC010,O+,Plasma,250,2026-05-02,2027-05-02,274,Available,False
UNIT00877,FAC010,O+,Platelets,59,2026-07-29,2026-08-03,2,Available,False
UNIT00878,FAC010,A+,RBC,255,2026-07-23,2026-08-27,26,Available,False
UNIT00879,FAC010,B+,Plasma,247,2026-04-25,2027-04-25,267,Available,False
UNIT00880,FAC010,O+,Whole Blood,376,2026-07-16,2026-08-20,19,Available,False
UNIT00881,FAC010,O+,Platelets,56,2026-07-30,2026-08-04,3,Available,False
UNIT00882,FAC010,O+,Platelets,59,2026-07-31,2026-08-05,4,Available,False
UNIT00883,FAC010,B+,Platelets,56,2026-07-26,2026-07-31,-1,Expired,False
UNIT00884,FAC010,O+,Plasma,211,2026-01-31,2027-01-31,183,Available,False
UNIT00885,FAC010,B+,Plasma,222,2026-04-26,2027-04-26,268,Available,False
UNIT00886,FAC010,O+,Plasma,242,2025-11-24,2026-11-24,115,Available,False
UNIT00887,FAC010,A+,RBC,260,2026-07-18,2026-08-22,21,Available,False
UNIT00888,FAC010,A+,Plasma,239,2025-11-01,2026-11-01,92,Available,False
UNIT00889,FAC010,O+,Whole Blood,350,2026-07-25,2026-08-29,28,Reserved,False
UNIT00890,FAC010,O+,RBC,255,2026-07-17,2026-08-21,20,Available,False
UNIT00891,FAC010,A+,RBC,296,2026-07-20,2026-08-24,23,Available,False
UNIT00892,FAC010,B+,Plasma,245,2026-01-10,2027-01-10,162,Available,False
UNIT00893,FAC010,O+,Whole Blood,372,2026-06-26,2026-07-31,-1,Expired,False
UNIT00894,FAC010,O+,Plasma,233,2026-07-13,2027-07-13,346,Available,False
UNIT00895,FAC010,B+,Whole Blood,439,2026-07-06,2026-08-10,9,Available,False
UNIT00896,FAC010,A-,RBC,291,2026-07-10,2026-08-14,13,Available,False
UNIT00897,FAC010,A+,RBC,275,2026-07-27,2026-08-31,30,Available,False
UNIT00898,FAC010,B+,Plasma,200,2026-03-16,2027-03-16,227,Available,False
UNIT00899,FAC010,O+,Whole Blood,442,2026-06-28,2026-08-02,1,Available,True
UNIT00900,FAC010,O+,Platelets,53,2026-07-30,2026-08-04,3,Available,False
UNIT00901,FAC010,AB+,RBC,250,2026-07-17,2026-08-21,20,Available,False
UNIT00902,FAC010,B+,Plasma,232,2026-02-14,2027-02-14,197,Available,False
UNIT00903,FAC010,B+,Whole Blood,418,2026-07-05,2026-08-09,8,Reserved,False
UNIT00904,FAC010,O+,Platelets,59,2026-07-29,2026-08-03,2,Reserved,False
UNIT00905,FAC010,B+,RBC,279,2026-07-07,2026-08-11,10,Reserved,False
UNIT00906,FAC010,O+,Whole Blood,398,2026-07-17,2026-08-21,20,Available,False
UNIT00907,FAC010,O+,RBC,270,2026-07-10,2026-08-14,13,Available,False
UNIT00908,FAC010,B+,Platelets,54,2026-07-30,2026-08-04,3,Available,False
UNIT00909,FAC010,B+,Whole Blood,393,2026-07-19,2026-08-23,22,Available,False
UNIT00910,FAC010,A+,RBC,286,2026-07-17,2026-08-21,20,Available,False
UNIT00911,FAC010,B+,RBC,297,2026-07-16,2026-08-20,19,Available,False
UNIT00912,FAC010,B+,Platelets,53,2026-07-31,2026-08-05,4,Available,False
UNIT00913,FAC010,O+,Platelets,51,2026-07-31,2026-08-05,4,Available,False
UNIT00914,FAC010,O+,Plasma,234,2026-01-10,2027-01-10,162,Available,False
UNIT00915,FAC010,O+,Plasma,236,2026-03-26,2027-03-26,237,Available,False
UNIT00916,FAC010,O+,Plasma,232,2026-05-13,2027-05-13,285,Available,False
UNIT00917,FAC010,B+,RBC,283,2026-07-07,2026-08-11,10,Available,False
UNIT00918,FAC010,O+,Plasma,202,2025-07-30,2026-07-30,-2,Expired,False
UNIT00919,FAC010,B+,Plasma,229,2025-09-24,2026-09-24,54,Available,True
UNIT00920,FAC010,O+,Plasma,243,2026-04-10,2027-04-10,252,Available,False
UNIT00921,FAC010,A+,Whole Blood,383,2026-07-21,2026-08-25,24,Available,False
UNIT00922,FAC010,A+,Platelets,59,2026-07-31,2026-08-05,4,Available,False
UNIT00923,FAC010,B+,RBC,294,2026-07-16,2026-08-20,19,Available,False
UNIT00924,FAC010,O+,Platelets,52,2026-07-28,2026-08-02,1,Available,True
UNIT00925,FAC010,AB+,RBC,265,2026-07-05,2026-08-09,8,Available,False
UNIT00926,FAC010,AB+,Plasma,247,2026-05-10,2027-05-10,282,Available,False
UNIT00927,FAC010,A+,Whole Blood,430,2026-07-24,2026-08-28,27,Available,False
UNIT00928,FAC010,B+,Platelets,58,2026-07-28,2026-08-02,1,Available,True
UNIT00929,FAC010,O+,Whole Blood,357,2026-07-19,2026-08-23,22,Available,False
UNIT00930,FAC010,A+,Platelets,57,2026-07-30,2026-08-04,3,Available,False
UNIT00931,FAC010,O+,Platelets,54,2026-07-30,2026-08-04,3,Available,False
UNIT00932,FAC010,B+,Plasma,238,2026-05-28,2027-05-28,300,Available,False
UNIT00933,FAC010,A+,RBC,268,2026-06-23,2026-07-28,-4,Expired,False
UNIT00934,FAC010,B+,Plasma,205,2025-11-07,2026-11-07,98,Available,False
UNIT00935,FAC010,B+,Platelets,52,2026-07-30,2026-08-04,3,Reserved,False
UNIT00936,FAC010,O+,Platelets,56,2026-07-30,2026-08-04,3,Available,False
UNIT00937,FAC010,O+,Whole Blood,390,2026-07-27,2026-08-31,30,Available,False
UNIT00938,FAC010,B+,Platelets,56,2026-07-29,2026-08-03,2,Available,False
UNIT00939,FAC010,B+,Plasma,247,2025-11-04,2026-11-04,95,Reserved,False
UNIT00940,FAC010,AB+,Plasma,201,2026-03-14,2027-03-14,225,Available,False
UNIT00941,FAC010,A+,RBC,294,2026-07-11,2026-08-15,14,Reserved,False
UNIT00942,FAC010,O+,RBC,254,2026-07-25,2026-08-29,28,Available,False
UNIT00943,FAC010,O+,Plasma,225,2026-02-01,2027-02-01,184,Available,False
UNIT00944,FAC010,B+,Whole Blood,360,2026-07-26,2026-08-30,29,Available,False
UNIT00945,FAC010,O+,Plasma,218,2026-04-11,2027-04-11,253,Available,False
UNIT00946,FAC010,B+,RBC,251,2026-07-26,2026-08-30,29,Available,False
UNIT00947,FAC010,A+,Platelets,57,2026-07-28,2026-08-02,1,Available,True
UNIT00948,FAC010,B+,Platelets,58,2026-07-30,2026-08-04,3,Available,False
UNIT00949,FAC011,AB+,Plasma,219,2026-02-09,2027-02-09,192,Available,False
UNIT00950,FAC011,O+,Plasma,228,2026-02-04,2027-02-04,187,Available,False
UNIT00951,FAC011,B+,Plasma,200,2026-04-24,2027-04-24,266,Available,False
UNIT00952,FAC011,B+,RBC,250,2026-07-20,2026-08-24,23,Available,False
UNIT00953,FAC011,O+,Plasma,230,2025-07-23,2026-07-23,-9,Expired,False
UNIT00954,FAC011,B+,Plasma,250,2025-10-27,2026-10-27,87,Available,False
UNIT00955,FAC011,A+,Platelets,56,2026-07-31,2026-08-05,4,Reserved,False
UNIT00956,FAC011,B+,RBC,274,2026-07-09,2026-08-13,12,Available,False
UNIT00957,FAC011,A-,Whole Blood,447,2026-07-18,2026-08-22,21,Available,False
UNIT00958,FAC011,O+,Platelets,54,2026-07-31,2026-08-05,4,Available,False
UNIT00959,FAC011,B+,Whole Blood,431,2026-07-24,2026-08-28,27,Available,False
UNIT00960,FAC011,B+,Plasma,212,2026-04-21,2027-04-21,263,Available,False
UNIT00961,FAC011,B+,RBC,261,2026-07-28,2026-09-01,31,Available,False
UNIT00962,FAC011,O+,Platelets,50,2026-07-31,2026-08-05,4,Available,False
UNIT00963,FAC011,B+,RBC,276,2026-07-30,2026-09-03,33,Available,False
UNIT00964,FAC011,B+,Plasma,229,2025-05-03,2026-05-03,-90,Expired,False
UNIT00965,FAC011,O+,Whole Blood,368,2026-07-21,2026-08-25,24,Available,False
UNIT00966,FAC011,A+,Plasma,212,2026-06-12,2027-06-12,315,Available,False
UNIT00967,FAC011,O+,Platelets,51,2026-07-28,2026-08-02,1,Available,True
UNIT00968,FAC011,O+,RBC,265,2026-07-19,2026-08-23,22,Reserved,False
UNIT00969,FAC011,O+,Whole Blood,362,2026-07-24,2026-08-28,27,Available,False
UNIT00970,FAC011,B+,RBC,269,2026-07-17,2026-08-21,20,Available,False
UNIT00971,FAC011,O+,RBC,285,2026-07-12,2026-08-16,15,Available,False
UNIT00972,FAC011,B+,Platelets,55,2026-07-30,2026-08-04,3,Available,False
UNIT00973,FAC011,O+,RBC,265,2026-06-23,2026-07-28,-4,Expired,False
UNIT00974,FAC011,O+,Platelets,59,2026-08-01,2026-08-06,5,Available,False
UNIT00975,FAC011,A+,RBC,300,2026-07-30,2026-09-03,33,Available,False
UNIT00976,FAC011,O+,RBC,260,2026-07-20,2026-08-24,23,Available,False
UNIT00977,FAC011,B+,Platelets,60,2026-07-27,2026-08-01,0,Reserved,False
UNIT00978,FAC011,A+,Platelets,51,2026-07-29,2026-08-03,2,Available,False
UNIT00979,FAC011,A+,RBC,291,2026-07-21,2026-08-25,24,Available,False
UNIT00980,FAC011,O+,Plasma,224,2025-11-25,2026-11-25,116,Available,False
UNIT00981,FAC011,B+,RBC,295,2026-07-23,2026-08-27,26,Available,False
UNIT00982,FAC011,B+,Platelets,59,2026-07-30,2026-08-04,3,Available,False
UNIT00983,FAC011,A+,Platelets,59,2026-07-30,2026-08-04,3,Available,False
UNIT00984,FAC011,O+,RBC,268,2026-07-27,2026-08-31,30,Available,False
UNIT00985,FAC011,O+,Platelets,58,2026-07-30,2026-08-04,3,Available,False
UNIT00986,FAC011,B+,RBC,273,2026-07-01,2026-08-05,4,Available,True
UNIT00987,FAC011,O+,RBC,284,2026-07-21,2026-08-25,24,Available,False
UNIT00988,FAC011,O+,RBC,285,2026-07-15,2026-08-19,18,Available,False
UNIT00989,FAC011,A+,Platelets,51,2026-07-30,2026-08-04,3,Available,False
UNIT00990,FAC011,A+,Whole Blood,372,2026-07-28,2026-09-01,31,Reserved,False
UNIT00991,FAC011,O+,RBC,252,2026-07-26,2026-08-30,29,Available,False
UNIT00992,FAC011,AB+,Plasma,244,2025-12-25,2026-12-25,146,Available,False
UNIT00993,FAC011,AB+,Whole Blood,359,2026-07-20,2026-08-24,23,Available,False
UNIT00994,FAC011,A+,RBC,255,2026-07-11,2026-08-15,14,Reserved,False
UNIT00995,FAC011,B+,Whole Blood,403,2026-07-20,2026-08-24,23,Available,False
UNIT00996,FAC011,O+,Whole Blood,355,2026-07-04,2026-08-08,7,Available,True
UNIT00997,FAC011,O+,Platelets,58,2026-07-31,2026-08-05,4,Available,False
UNIT00998,FAC011,A+,RBC,283,2026-07-15,2026-08-19,18,Available,False
UNIT00999,FAC011,O+,RBC,297,2026-07-14,2026-08-18,17,Available,False
UNIT01000,FAC011,A+,Platelets,56,2026-07-29,2026-08-03,2,Available,False
UNIT01001,FAC011,O+,RBC,282,2026-07-06,2026-08-10,9,Available,False
UNIT01002,FAC011,B+,RBC,272,2026-07-15,2026-08-19,18,Available,False
UNIT01003,FAC011,O+,Platelets,60,2026-07-28,2026-08-02,1,Available,True
UNIT01004,FAC011,B+,Platelets,53,2026-07-29,2026-08-03,2,Available,False
UNIT01005,FAC011,B+,Platelets,56,2026-07-30,2026-08-04,3,Available,False
UNIT01006,FAC011,A+,Whole Blood,426,2026-06-22,2026-07-27,-5,Expired,False
UNIT01007,FAC011,A+,RBC,269,2026-06-20,2026-07-25,-7,Expired,False
UNIT01008,FAC011,A+,RBC,299,2026-07-24,2026-08-28,27,Available,False
UNIT01009,FAC011,O+,Platelets,59,2026-07-27,2026-08-01,0,Available,True
UNIT01010,FAC011,O+,RBC,259,2026-07-27,2026-08-31,30,Available,False
UNIT01011,FAC011,A+,Platelets,54,2026-07-27,2026-08-01,0,Available,True
UNIT01012,FAC011,O+,Whole Blood,377,2026-07-14,2026-08-18,17,Available,False
UNIT01013,FAC011,O+,Platelets,59,2026-07-28,2026-08-02,1,Available,True
UNIT01014,FAC011,O+,Whole Blood,443,2026-07-13,2026-08-17,16,Available,False
UNIT01015,FAC011,O+,Plasma,249,2026-06-10,2027-06-10,313,Available,False
UNIT01016,FAC011,B+,Plasma,249,2026-03-13,2027-03-13,224,Available,False
UNIT01017,FAC011,A-,Whole Blood,356,2026-07-12,2026-08-16,15,Available,False
UNIT01018,FAC011,B+,Whole Blood,391,2026-07-21,2026-08-25,24,Available,False
UNIT01019,FAC011,B+,RBC,275,2026-07-25,2026-08-29,28,Available,False
UNIT01020,FAC011,O+,Whole Blood,400,2026-07-23,2026-08-27,26,Available,False
UNIT01021,FAC011,A+,Platelets,50,2026-07-31,2026-08-05,4,Available,False
UNIT01022,FAC011,AB+,Platelets,52,2026-07-31,2026-08-05,4,Available,False
UNIT01023,FAC011,O+,Plasma,241,2026-01-28,2027-01-28,180,Available,False
UNIT01024,FAC011,AB+,RBC,277,2026-07-23,2026-08-27,26,Available,False
UNIT01025,FAC011,B+,Whole Blood,396,2026-07-26,2026-08-30,29,Available,False
UNIT01026,FAC011,B+,Platelets,54,2026-07-30,2026-08-04,3,Available,False
UNIT01027,FAC011,A+,Platelets,57,2026-07-29,2026-08-03,2,Reserved,False
UNIT01028,FAC011,O+,Plasma,212,2026-06-23,2027-06-23,326,Available,False
UNIT01029,FAC011,O+,RBC,257,2026-07-07,2026-08-11,10,Available,False
UNIT01030,FAC011,O+,RBC,259,2026-06-26,2026-07-31,-1,Expired,False
UNIT01031,FAC011,O+,Platelets,51,2026-08-01,2026-08-06,5,Available,False
UNIT01032,FAC011,B+,Plasma,234,2026-07-04,2027-07-04,337,Available,False
UNIT01033,FAC011,A+,Platelets,52,2026-07-30,2026-08-04,3,Available,False
UNIT01034,FAC011,O+,Whole Blood,417,2026-07-20,2026-08-24,23,Reserved,False
UNIT01035,FAC011,A+,RBC,294,2026-07-28,2026-09-01,31,Available,False
UNIT01036,FAC011,O+,Whole Blood,358,2026-07-17,2026-08-21,20,Reserved,False
UNIT01037,FAC011,B+,Platelets,55,2026-07-29,2026-08-03,2,Reserved,False
UNIT01038,FAC011,O+,Whole Blood,399,2026-07-22,2026-08-26,25,Reserved,False
UNIT01039,FAC011,A-,Plasma,220,2026-02-13,2027-02-13,196,Available,False
UNIT01040,FAC011,B+,Whole Blood,408,2026-07-24,2026-08-28,27,Available,False
UNIT01041,FAC011,AB+,Whole Blood,389,2026-07-28,2026-09-01,31,Reserved,False
UNIT01042,FAC011,B+,Plasma,243,2025-11-20,2026-11-20,111,Available,False
UNIT01043,FAC011,B+,Platelets,58,2026-07-31,2026-08-05,4,Reserved,False
UNIT01044,FAC011,B+,Whole Blood,353,2026-07-12,2026-08-16,15,Available,False
UNIT01045,FAC011,O+,Platelets,56,2026-07-31,2026-08-05,4,Available,False
UNIT01046,FAC011,O+,Whole Blood,436,2026-07-08,2026-08-12,11,Available,False
UNIT01047,FAC011,AB-,RBC,277,2026-07-18,2026-08-22,21,Available,False
UNIT01048,FAC011,O+,Platelets,60,2026-07-30,2026-08-04,3,Available,False
UNIT01049,FAC011,A+,RBC,295,2026-07-02,2026-08-06,5,Available,True
UNIT01050,FAC011,O+,RBC,299,2026-07-18,2026-08-22,21,Reserved,False
UNIT01051,FAC011,A+,RBC,296,2026-07-21,2026-08-25,24,Available,False
UNIT01052,FAC011,A+,Platelets,50,2026-07-28,2026-08-02,1,Available,True
UNIT01053,FAC011,O+,Plasma,219,2025-07-08,2026-07-08,-24,Expired,False
UNIT01054,FAC011,B+,Platelets,52,2026-07-31,2026-08-05,4,Available,False
UNIT01055,FAC011,A+,Platelets,59,2026-07-29,2026-08-03,2,Available,False
UNIT01056,FAC011,A-,Whole Blood,411,2026-07-20,2026-08-24,23,Available,False
UNIT01057,FAC011,A+,Plasma,224,2025-12-04,2026-12-04,125,Available,False
UNIT01058,FAC011,B+,RBC,276,2026-07-25,2026-08-29,28,Available,False
UNIT01059,FAC011,O+,Whole Blood,378,2026-06-28,2026-08-02,1,Reserved,False
UNIT01060,FAC011,O+,RBC,278,2026-07-07,2026-08-11,10,Available,False
UNIT01061,FAC011,O+,Plasma,215,2025-12-13,2026-12-13,134,Available,False
UNIT01062,FAC011,B+,Whole Blood,442,2026-07-13,2026-08-17,16,Available,False
UNIT01063,FAC011,B+,Whole Blood,355,2026-07-15,2026-08-19,18,Available,False
UNIT01064,FAC011,O+,RBC,297,2026-07-16,2026-08-20,19,Available,False
UNIT01065,FAC011,A+,Plasma,203,2026-02-11,2027-02-11,194,Available,False
UNIT01066,FAC011,A+,Plasma,218,2026-03-18,2027-03-18,229,Available,False
UNIT01067,FAC011,B+,Plasma,244,2026-04-15,2027-04-15,257,Reserved,False
UNIT01068,FAC011,B+,RBC,255,2026-07-17,2026-08-21,20,Available,False
UNIT01069,FAC011,O+,Whole Blood,439,2026-07-24,2026-08-28,27,Available,False
UNIT01070,FAC011,AB+,Plasma,211,2026-03-14,2027-03-14,225,Available,False
UNIT01071,FAC011,B+,RBC,270,2026-07-01,2026-08-05,4,Available,True
UNIT01072,FAC011,O+,RBC,257,2026-07-09,2026-08-13,12,Available,False
UNIT01073,FAC011,O+,Platelets,58,2026-07-31,2026-08-05,4,Available,False
UNIT01074,FAC011,AB-,RBC,299,2026-07-19,2026-08-23,22,Available,False
UNIT01075,FAC011,A+,Platelets,52,2026-07-29,2026-08-03,2,Available,False
UNIT01076,FAC011,A+,RBC,276,2026-07-24,2026-08-28,27,Available,False
UNIT01077,FAC011,B+,Plasma,208,2026-04-17,2027-04-17,259,Available,False
UNIT01078,FAC011,O+,Whole Blood,408,2026-07-12,2026-08-16,15,Available,False
UNIT01079,FAC011,B+,Plasma,231,2026-02-02,2027-02-02,185,Available,False
UNIT01080,FAC011,B+,Plasma,238,2026-03-02,2027-03-02,213,Available,False
UNIT01081,FAC011,AB+,RBC,290,2026-07-01,2026-08-05,4,Available,True
UNIT01082,FAC011,AB+,RBC,291,2026-07-28,2026-09-01,31,Available,False
UNIT01083,FAC011,B+,RBC,288,2026-07-03,2026-08-07,6,Available,True
UNIT01084,FAC011,B+,Whole Blood,372,2026-07-28,2026-09-01,31,Available,False
UNIT01085,FAC011,A+,Platelets,59,2026-07-29,2026-08-03,2,Available,False
UNIT01086,FAC011,AB+,RBC,297,2026-06-24,2026-07-29,-3,Expired,False
UNIT01087,FAC011,AB+,Whole Blood,397,2026-07-27,2026-08-31,30,Available,False
UNIT01088,FAC011,O+,Whole Blood,358,2026-07-07,2026-08-11,10,Available,False
UNIT01089,FAC012,A+,Platelets,53,2026-07-30,2026-08-04,3,Available,False
UNIT01090,FAC012,O+,Whole Blood,430,2026-07-26,2026-08-30,29,Available,False
UNIT01091,FAC012,B+,Whole Blood,450,2026-07-17,2026-08-21,20,Available,False
UNIT01092,FAC012,O-,Platelets,54,2026-07-30,2026-08-04,3,Available,False
UNIT01093,FAC012,B+,Platelets,57,2026-07-27,2026-08-01,0,Available,True
UNIT01094,FAC012,B+,Plasma,239,2026-02-18,2027-02-18,201,Available,False
UNIT01095,FAC012,B+,Platelets,50,2026-07-26,2026-07-31,-1,Expired,False
UNIT01096,FAC012,A+,Plasma,213,2026-01-06,2027-01-06,158,Available,False
UNIT01097,FAC012,O+,Plasma,235,2026-03-14,2027-03-14,225,Available,False
UNIT01098,FAC012,O+,RBC,268,2026-07-30,2026-09-03,33,Available,False
UNIT01099,FAC012,B+,Whole Blood,391,2026-07-21,2026-08-25,24,Available,False
UNIT01100,FAC012,O+,Whole Blood,442,2026-07-10,2026-08-14,13,Available,False
UNIT01101,FAC012,AB+,Whole Blood,393,2026-07-04,2026-08-08,7,Available,True
UNIT01102,FAC012,O+,Plasma,241,2025-08-18,2026-08-18,17,Available,True
UNIT01103,FAC012,A+,RBC,284,2026-07-12,2026-08-16,15,Reserved,False
UNIT01104,FAC012,O+,Plasma,247,2025-11-02,2026-11-02,93,Available,False
UNIT01105,FAC012,A+,Platelets,58,2026-07-29,2026-08-03,2,Available,False
UNIT01106,FAC012,B-,RBC,300,2026-07-14,2026-08-18,17,Available,False
UNIT01107,FAC012,B+,RBC,274,2026-07-22,2026-08-26,25,Available,False
UNIT01108,FAC012,O+,RBC,288,2026-07-14,2026-08-18,17,Available,False
UNIT01109,FAC012,A+,Platelets,50,2026-07-29,2026-08-03,2,Available,False
UNIT01110,FAC012,B+,Whole Blood,407,2026-07-16,2026-08-20,19,Available,False
UNIT01111,FAC012,O+,Platelets,51,2026-07-31,2026-08-05,4,Available,False
UNIT01112,FAC012,B+,Whole Blood,406,2026-07-06,2026-08-10,9,Reserved,False
UNIT01113,FAC012,B+,Plasma,221,2025-08-26,2026-08-26,25,Available,True
UNIT01114,FAC012,O+,Platelets,51,2026-07-28,2026-08-02,1,Available,True
UNIT01115,FAC012,O+,RBC,274,2026-07-24,2026-08-28,27,Available,False
UNIT01116,FAC012,O+,Whole Blood,437,2026-07-31,2026-09-04,34,Reserved,False
UNIT01117,FAC012,O+,Whole Blood,363,2026-07-21,2026-08-25,24,Reserved,False
UNIT01118,FAC012,B+,Platelets,60,2026-08-01,2026-08-06,5,Available,False
UNIT01119,FAC012,O+,Platelets,58,2026-07-31,2026-08-05,4,Available,False
UNIT01120,FAC012,B+,Plasma,210,2025-12-20,2026-12-20,141,Available,False
UNIT01121,FAC012,B+,Whole Blood,421,2026-06-25,2026-07-30,-2,Expired,False
UNIT01122,FAC012,B+,RBC,267,2026-07-15,2026-08-19,18,Available,False
UNIT01123,FAC012,A+,Platelets,54,2026-07-29,2026-08-03,2,Available,False
UNIT01124,FAC012,AB-,Platelets,50,2026-07-30,2026-08-04,3,Available,False
UNIT01125,FAC012,B+,Whole Blood,404,2026-07-26,2026-08-30,29,Available,False
UNIT01126,FAC012,B+,Plasma,212,2026-01-09,2027-01-09,161,Available,False
UNIT01127,FAC012,O+,Whole Blood,446,2026-06-23,2026-07-28,-4,Expired,False
UNIT01128,FAC012,O+,RBC,294,2026-07-27,2026-08-31,30,Available,False
UNIT01129,FAC012,B+,Plasma,249,2026-04-11,2027-04-11,253,Available,False
UNIT01130,FAC012,B+,RBC,259,2026-06-26,2026-07-31,-1,Expired,False
UNIT01131,FAC012,O+,Platelets,60,2026-07-27,2026-08-01,0,Available,True
UNIT01132,FAC012,B+,Platelets,57,2026-07-30,2026-08-04,3,Available,False
UNIT01133,FAC012,A+,Plasma,249,2026-02-28,2027-02-28,211,Available,False
UNIT01134,FAC012,B+,RBC,295,2026-07-16,2026-08-20,19,Available,False
UNIT01135,FAC012,O+,Platelets,54,2026-07-29,2026-08-03,2,Available,False
UNIT01136,FAC012,B-,Plasma,215,2026-01-18,2027-01-18,170,Available,False
UNIT01137,FAC012,AB+,Plasma,244,2026-03-22,2027-03-22,233,Available,False
UNIT01138,FAC012,AB+,Plasma,244,2026-01-26,2027-01-26,178,Available,False
UNIT01139,FAC012,B+,Whole Blood,412,2026-07-08,2026-08-12,11,Available,False
UNIT01140,FAC012,A+,Plasma,228,2026-04-07,2027-04-07,249,Available,False
UNIT01141,FAC012,A+,Plasma,238,2026-06-13,2027-06-13,316,Available,False
UNIT01142,FAC012,O+,Plasma,203,2026-04-06,2027-04-06,248,Available,False
UNIT01143,FAC012,A+,RBC,290,2026-07-01,2026-08-05,4,Reserved,False
UNIT01144,FAC012,O+,RBC,268,2026-07-11,2026-08-15,14,Available,False
UNIT01145,FAC012,B+,Plasma,220,2026-05-10,2027-05-10,282,Available,False
UNIT01146,FAC012,B+,Platelets,55,2026-07-27,2026-08-01,0,Reserved,False
UNIT01147,FAC012,O-,Whole Blood,366,2026-07-13,2026-08-17,16,Available,False
UNIT01148,FAC012,O+,Whole Blood,356,2026-07-20,2026-08-24,23,Available,False
UNIT01149,FAC012,A+,Platelets,50,2026-07-31,2026-08-05,4,Available,False
UNIT01150,FAC012,B+,Plasma,225,2026-01-06,2027-01-06,158,Available,False
UNIT01151,FAC012,B+,RBC,262,2026-07-11,2026-08-15,14,Available,False
UNIT01152,FAC012,AB+,Platelets,60,2026-07-28,2026-08-02,1,Available,True
UNIT01153,FAC012,A+,Whole Blood,442,2026-07-27,2026-08-31,30,Available,False
UNIT01154,FAC012,O+,Plasma,208,2025-06-22,2026-06-22,-40,Expired,False
UNIT01155,FAC012,A+,Plasma,244,2025-09-24,2026-09-24,54,Reserved,False
UNIT01156,FAC012,AB+,Plasma,227,2026-01-06,2027-01-06,158,Available,False
UNIT01157,FAC012,AB+,Plasma,227,2026-03-22,2027-03-22,233,Available,False
UNIT01158,FAC012,AB+,Plasma,232,2025-10-01,2026-10-01,61,Available,True
UNIT01159,FAC012,B+,Platelets,57,2026-08-01,2026-08-06,5,Available,False
UNIT01160,FAC012,O+,Whole Blood,360,2026-07-14,2026-08-18,17,Reserved,False
UNIT01161,FAC012,A+,Platelets,59,2026-07-30,2026-08-04,3,Available,False
UNIT01162,FAC012,A+,Plasma,242,2026-01-04,2027-01-04,156,Available,False
UNIT01163,FAC012,A+,Platelets,58,2026-07-29,2026-08-03,2,Reserved,False
UNIT01164,FAC012,O+,Plasma,236,2026-03-02,2027-03-02,213,Reserved,False
UNIT01165,FAC012,O+,Plasma,218,2026-03-31,2027-03-31,242,Reserved,False
UNIT01166,FAC012,B+,Whole Blood,388,2026-07-10,2026-08-14,13,Available,False
UNIT01167,FAC012,O+,Platelets,52,2026-07-31,2026-08-05,4,Available,False
UNIT01168,FAC012,AB+,Platelets,54,2026-07-28,2026-08-02,1,Available,True
UNIT01169,FAC012,B+,RBC,267,2026-07-16,2026-08-20,19,Available,False
UNIT01170,FAC012,B+,Platelets,51,2026-07-31,2026-08-05,4,Available,False
UNIT01171,FAC012,AB+,RBC,261,2026-07-11,2026-08-15,14,Available,False
UNIT01172,FAC012,B+,RBC,252,2026-07-17,2026-08-21,20,Available,False
UNIT01173,FAC012,B+,Whole Blood,426,2026-06-24,2026-07-29,-3,Expired,False
UNIT01174,FAC012,O+,RBC,276,2026-07-03,2026-08-07,6,Available,True
UNIT01175,FAC012,O+,RBC,260,2026-07-11,2026-08-15,14,Available,False
UNIT01176,FAC012,A+,Platelets,51,2026-07-31,2026-08-05,4,Available,False
UNIT01177,FAC012,A+,Plasma,247,2026-03-18,2027-03-18,229,Available,False
UNIT01178,FAC012,O+,RBC,280,2026-07-19,2026-08-23,22,Available,False
UNIT01179,FAC012,B+,Plasma,228,2026-07-12,2027-07-12,345,Reserved,False
UNIT01180,FAC012,B+,Platelets,50,2026-07-27,2026-08-01,0,Available,True
UNIT01181,FAC012,A+,Platelets,60,2026-07-27,2026-08-01,0,Available,True
UNIT01182,FAC012,O+,Platelets,54,2026-07-31,2026-08-05,4,Available,False
UNIT01183,FAC012,O+,Plasma,215,2026-02-28,2027-02-28,211,Available,False
UNIT01184,FAC012,O+,RBC,261,2026-07-15,2026-08-19,18,Available,False
UNIT01185,FAC012,B+,Whole Blood,351,2026-07-10,2026-08-14,13,Available,False
UNIT01186,FAC012,B+,Whole Blood,442,2026-07-10,2026-08-14,13,Available,False
UNIT01187,FAC012,B+,RBC,253,2026-07-29,2026-09-02,32,Available,False
UNIT01188,FAC012,O+,RBC,290,2026-06-26,2026-07-31,-1,Expired,False
UNIT01189,FAC012,A+,Whole Blood,398,2026-07-27,2026-08-31,30,Available,False
UNIT01190,FAC012,O+,RBC,266,2026-06-30,2026-08-04,3,Available,True
UNIT01191,FAC012,B+,Whole Blood,385,2026-07-12,2026-08-16,15,Reserved,False
UNIT01192,FAC012,O+,Platelets,54,2026-07-31,2026-08-05,4,Available,False
UNIT01193,FAC012,O+,Plasma,216,2026-03-21,2027-03-21,232,Reserved,False
UNIT01194,FAC012,O+,Platelets,53,2026-07-31,2026-08-05,4,Available,False
UNIT01195,FAC012,AB-,RBC,284,2026-07-11,2026-08-15,14,Available,False
UNIT01196,FAC012,O+,RBC,278,2026-07-13,2026-08-17,16,Available,False
UNIT01197,FAC012,O+,Whole Blood,443,2026-07-29,2026-09-02,32,Available,False
UNIT01198,FAC012,B+,Plasma,241,2026-07-07,2027-07-07,340,Available,False
UNIT01199,FAC012,O+,Whole Blood,439,2026-07-11,2026-08-15,14,Available,False
UNIT01200,FAC012,B+,Plasma,249,2026-01-23,2027-01-23,175,Available,False
UNIT01201,FAC012,B+,Plasma,250,2026-03-16,2027-03-16,227,Available,False
UNIT01202,FAC012,A+,RBC,299,2026-07-31,2026-09-04,34,Reserved,False
UNIT01203,FAC012,B+,Platelets,50,2026-07-30,2026-08-04,3,Available,False
UNIT01204,FAC012,O+,Whole Blood,393,2026-07-20,2026-08-24,23,Available,False
UNIT01205,FAC012,A+,Plasma,212,2025-11-13,2026-11-13,104,Available,False
UNIT01206,FAC012,A+,Whole Blood,434,2026-06-24,2026-07-29,-3,Expired,False
UNIT01207,FAC012,A+,Plasma,222,2025-09-01,2026-09-01,31,Available,True
UNIT01208,FAC012,B+,Plasma,212,2025-11-24,2026-11-24,115,Available,False
UNIT01209,FAC012,A+,RBC,284,2026-07-16,2026-08-20,19,Available,False
UNIT01210,FAC012,O+,Plasma,228,2026-02-05,2027-02-05,188,Available,False
UNIT01211,FAC012,O+,Whole Blood,450,2026-07-29,2026-09-02,32,Available,False
UNIT01212,FAC012,O+,Plasma,242,2026-05-29,2027-05-29,301,Available,False
UNIT01213,FAC012,B+,RBC,254,2026-07-08,2026-08-12,11,Available,False
UNIT01214,FAC012,A+,RBC,289,2026-07-16,2026-08-20,19,Available,False
UNIT01215,FAC012,A+,RBC,269,2026-07-30,2026-09-03,33,Available,False
UNIT01216,FAC012,O+,Whole Blood,425,2026-07-17,2026-08-21,20,Available,False
UNIT01217,FAC012,A+,Whole Blood,428,2026-07-26,2026-08-30,29,Available,False
UNIT01218,FAC012,A-,RBC,297,2026-07-18,2026-08-22,21,Available,False
UNIT01219,FAC012,O+,Platelets,58,2026-07-31,2026-08-05,4,Available,False
UNIT01220,FAC012,A+,RBC,271,2026-07-07,2026-08-11,10,Available,False
UNIT01221,FAC012,A+,Platelets,55,2026-07-31,2026-08-05,4,Available,False
UNIT01222,FAC012,AB+,Plasma,208,2026-04-28,2027-04-28,270,Available,False
UNIT01223,FAC012,A+,Plasma,231,2025-11-05,2026-11-05,96,Available,False
UNIT01224,FAC012,A+,Whole Blood,433,2026-07-24,2026-08-28,27,Available,False
UNIT01225,FAC012,AB+,Platelets,57,2026-07-30,2026-08-04,3,Available,False
UNIT01226,FAC012,O+,RBC,278,2026-07-25,2026-08-29,28,Available,False
UNIT01227,FAC012,B+,RBC,261,2026-07-13,2026-08-17,16,Available,False
UNIT01228,FAC012,O+,Whole Blood,394,2026-07-12,2026-08-16,15,Available,False
UNIT01229,FAC012,B+,RBC,256,2026-07-24,2026-08-28,27,Reserved,False
UNIT01230,FAC012,O+,RBC,263,2026-07-17,2026-08-21,20,Available,False
UNIT01231,FAC012,B+,RBC,280,2026-07-26,2026-08-30,29,Available,False
UNIT01232,FAC012,B+,RBC,291,2026-07-11,2026-08-15,14,Available,False
UNIT01233,FAC013,A+,Whole Blood,380,2026-07-17,2026-08-21,20,Available,False
UNIT01234,FAC013,B+,Platelets,60,2026-07-29,2026-08-03,2,Available,False
UNIT01235,FAC013,AB+,Whole Blood,362,2026-07-06,2026-08-10,9,Available,False
UNIT01236,FAC013,A+,RBC,264,2026-07-02,2026-08-06,5,Available,True
UNIT01237,FAC013,A+,Platelets,52,2026-07-30,2026-08-04,3,Reserved,False
UNIT01238,FAC013,A+,Platelets,52,2026-07-30,2026-08-04,3,Available,False
UNIT01239,FAC013,B+,Whole Blood,375,2026-07-12,2026-08-16,15,Reserved,False
UNIT01240,FAC013,A+,Whole Blood,367,2026-07-10,2026-08-14,13,Available,False
UNIT01241,FAC013,A+,RBC,271,2026-07-17,2026-08-21,20,Available,False
UNIT01242,FAC013,A+,RBC,290,2026-07-13,2026-08-17,16,Available,False
UNIT01243,FAC013,AB+,Whole Blood,379,2026-07-14,2026-08-18,17,Available,False
UNIT01244,FAC013,A+,Platelets,59,2026-07-30,2026-08-04,3,Reserved,False
UNIT01245,FAC013,B+,RBC,297,2026-07-22,2026-08-26,25,Available,False
UNIT01246,FAC013,B-,Whole Blood,425,2026-07-21,2026-08-25,24,Available,False
UNIT01247,FAC013,AB+,Platelets,50,2026-07-27,2026-08-01,0,Available,True
UNIT01248,FAC013,A+,RBC,277,2026-07-08,2026-08-12,11,Available,False
UNIT01249,FAC013,B+,RBC,256,2026-07-05,2026-08-09,8,Available,False
UNIT01250,FAC013,B+,Whole Blood,438,2026-07-27,2026-08-31,30,Available,False
UNIT01251,FAC013,B+,Whole Blood,432,2026-07-25,2026-08-29,28,Available,False
UNIT01252,FAC013,AB-,Whole Blood,440,2026-07-17,2026-08-21,20,Available,False
UNIT01253,FAC013,B+,Platelets,57,2026-07-29,2026-08-03,2,Available,False
UNIT01254,FAC013,B+,Whole Blood,397,2026-07-01,2026-08-05,4,Available,True
UNIT01255,FAC013,B+,Platelets,51,2026-07-29,2026-08-03,2,Available,False
UNIT01256,FAC013,B+,Platelets,56,2026-07-30,2026-08-04,3,Available,False
UNIT01257,FAC013,B+,Platelets,53,2026-07-27,2026-08-01,0,Available,True
UNIT01258,FAC013,B+,Whole Blood,357,2026-07-12,2026-08-16,15,Available,False
UNIT01259,FAC013,B+,Platelets,56,2026-07-30,2026-08-04,3,Available,False
UNIT01260,FAC013,A-,Platelets,60,2026-07-31,2026-08-05,4,Available,False
UNIT01261,FAC013,B+,Whole Blood,367,2026-07-14,2026-08-18,17,Available,False
UNIT01262,FAC013,AB+,Whole Blood,444,2026-07-15,2026-08-19,18,Available,False
UNIT01263,FAC013,AB+,Platelets,53,2026-07-28,2026-08-02,1,Available,True
UNIT01264,FAC013,A+,RBC,253,2026-07-16,2026-08-20,19,Available,False
UNIT01265,FAC013,A+,RBC,257,2026-07-17,2026-08-21,20,Available,False
UNIT01266,FAC013,B+,Platelets,54,2026-07-29,2026-08-03,2,Available,False
UNIT01267,FAC013,B+,RBC,254,2026-07-05,2026-08-09,8,Reserved,False
UNIT01268,FAC013,A+,RBC,261,2026-07-27,2026-08-31,30,Available,False
UNIT01269,FAC013,A+,Whole Blood,439,2026-07-26,2026-08-30,29,Available,False
UNIT01270,FAC013,A+,Whole Blood,430,2026-07-01,2026-08-05,4,Available,True
UNIT01271,FAC013,A+,RBC,284,2026-06-24,2026-07-29,-3,Expired,False
UNIT01272,FAC013,AB+,RBC,291,2026-07-20,2026-08-24,23,Available,False
UNIT01273,FAC013,A+,Whole Blood,379,2026-07-28,2026-09-01,31,Available,False
UNIT01274,FAC013,B+,Platelets,55,2026-07-29,2026-08-03,2,Available,False
UNIT01275,FAC013,B+,RBC,283,2026-07-17,2026-08-21,20,Available,False
UNIT01276,FAC013,B+,RBC,300,2026-07-17,2026-08-21,20,Available,False
UNIT01277,FAC013,A+,RBC,268,2026-07-23,2026-08-27,26,Available,False
UNIT01278,FAC013,B+,Whole Blood,371,2026-07-25,2026-08-29,28,Available,False
UNIT01279,FAC013,B+,Whole Blood,372,2026-07-09,2026-08-13,12,Available,False
UNIT01280,FAC013,B+,Platelets,52,2026-07-27,2026-08-01,0,Available,True
UNIT01281,FAC013,A+,Whole Blood,423,2026-06-20,2026-07-25,-7,Expired,False
UNIT01282,FAC013,A+,RBC,295,2026-07-20,2026-08-24,23,Available,False
UNIT01283,FAC013,A+,RBC,259,2026-06-23,2026-07-28,-4,Expired,False
UNIT01284,FAC013,A-,Platelets,58,2026-07-26,2026-07-31,-1,Expired,False
UNIT01285,FAC013,A+,Whole Blood,368,2026-07-19,2026-08-23,22,Available,False
UNIT01286,FAC013,AB+,RBC,284,2026-07-25,2026-08-29,28,Reserved,False
UNIT01287,FAC013,AB+,RBC,268,2026-07-11,2026-08-15,14,Available,False
UNIT01288,FAC013,AB+,Platelets,57,2026-07-29,2026-08-03,2,Available,False
UNIT01289,FAC013,A+,Whole Blood,367,2026-07-08,2026-08-12,11,Reserved,False
UNIT01290,FAC013,B+,Whole Blood,378,2026-07-21,2026-08-25,24,Available,False
UNIT01291,FAC013,B+,Whole Blood,374,2026-07-21,2026-08-25,24,Available,False
UNIT01292,FAC013,B+,Whole Blood,375,2026-07-06,2026-08-10,9,Available,False
UNIT01293,FAC013,A+,Platelets,51,2026-07-28,2026-08-02,1,Available,True
UNIT01294,FAC013,AB+,RBC,288,2026-07-24,2026-08-28,27,Available,False
UNIT01295,FAC013,B+,Whole Blood,368,2026-06-29,2026-08-03,2,Available,True
UNIT01296,FAC013,B+,RBC,268,2026-07-20,2026-08-24,23,Available,False
UNIT01297,FAC013,A+,RBC,285,2026-06-23,2026-07-28,-4,Expired,False
UNIT01298,FAC013,A+,Platelets,56,2026-07-28,2026-08-02,1,Available,True
UNIT01299,FAC013,B+,RBC,277,2026-07-25,2026-08-29,28,Available,False
UNIT01300,FAC013,B+,RBC,255,2026-07-25,2026-08-29,28,Available,False
UNIT01301,FAC013,A+,RBC,271,2026-07-17,2026-08-21,20,Available,False
UNIT01302,FAC013,A+,Platelets,56,2026-07-28,2026-08-02,1,Available,True
UNIT01303,FAC013,B+,RBC,295,2026-07-19,2026-08-23,22,Available,False
UNIT01304,FAC013,B+,Whole Blood,387,2026-07-24,2026-08-28,27,Available,False
UNIT01305,FAC013,B+,Whole Blood,424,2026-07-04,2026-08-08,7,Available,True
UNIT01306,FAC013,A+,Platelets,50,2026-07-29,2026-08-03,2,Available,False
UNIT01307,FAC013,A+,RBC,290,2026-06-25,2026-07-30,-2,Expired,False
UNIT01308,FAC013,B+,Platelets,52,2026-07-29,2026-08-03,2,Available,False
UNIT01309,FAC013,B+,Platelets,54,2026-07-29,2026-08-03,2,Available,False
UNIT01310,FAC013,B+,Whole Blood,411,2026-07-13,2026-08-17,16,Available,False
UNIT01311,FAC013,B+,RBC,294,2026-07-12,2026-08-16,15,Available,False
UNIT01312,FAC013,B+,RBC,266,2026-07-16,2026-08-20,19,Available,False
UNIT01313,FAC013,A+,Whole Blood,438,2026-07-25,2026-08-29,28,Available,False
UNIT01314,FAC014,O+,Platelets,52,2026-07-31,2026-08-05,4,Available,False
UNIT01315,FAC014,O+,RBC,269,2026-07-04,2026-08-08,7,Available,True
UNIT01316,FAC014,B+,Platelets,59,2026-07-29,2026-08-03,2,Available,False
UNIT01317,FAC014,B+,Whole Blood,397,2026-07-30,2026-09-03,33,Available,False
UNIT01318,FAC014,O+,RBC,256,2026-07-20,2026-08-24,23,Reserved,False
UNIT01319,FAC014,B+,Platelets,58,2026-07-31,2026-08-05,4,Available,False
UNIT01320,FAC014,O+,Platelets,51,2026-07-28,2026-08-02,1,Available,True
UNIT01321,FAC014,AB+,Whole Blood,352,2026-07-26,2026-08-30,29,Available,False
UNIT01322,FAC014,AB+,RBC,278,2026-07-10,2026-08-14,13,Available,False
UNIT01323,FAC014,O+,Platelets,52,2026-07-30,2026-08-04,3,Reserved,False
UNIT01324,FAC014,O+,Whole Blood,366,2026-07-08,2026-08-12,11,Available,False
UNIT01325,FAC014,O+,Whole Blood,376,2026-07-10,2026-08-14,13,Available,False
UNIT01326,FAC014,B+,Whole Blood,364,2026-07-18,2026-08-22,21,Available,False
UNIT01327,FAC014,B+,RBC,256,2026-07-07,2026-08-11,10,Available,False
UNIT01328,FAC014,B+,Platelets,51,2026-07-30,2026-08-04,3,Available,False
UNIT01329,FAC014,O+,Whole Blood,446,2026-07-27,2026-08-31,30,Available,False
UNIT01330,FAC014,B+,Whole Blood,375,2026-06-28,2026-08-02,1,Available,True
UNIT01331,FAC014,B+,RBC,297,2026-07-29,2026-09-02,32,Available,False
UNIT01332,FAC014,O+,Platelets,58,2026-07-30,2026-08-04,3,Available,False
UNIT01333,FAC014,O+,Platelets,51,2026-07-31,2026-08-05,4,Available,False
UNIT01334,FAC014,O+,Whole Blood,386,2026-07-15,2026-08-19,18,Available,False
UNIT01335,FAC014,B+,Platelets,53,2026-08-01,2026-08-06,5,Available,False
UNIT01336,FAC014,O+,Platelets,52,2026-07-30,2026-08-04,3,Available,False
UNIT01337,FAC014,AB+,Whole Blood,398,2026-07-24,2026-08-28,27,Available,False
UNIT01338,FAC014,AB+,Platelets,55,2026-07-31,2026-08-05,4,Available,False
UNIT01339,FAC014,B+,Whole Blood,396,2026-07-16,2026-08-20,19,Available,False
UNIT01340,FAC014,O+,Platelets,57,2026-07-29,2026-08-03,2,Available,False
UNIT01341,FAC014,B+,RBC,293,2026-07-17,2026-08-21,20,Available,False
UNIT01342,FAC014,O-,RBC,277,2026-07-23,2026-08-27,26,Available,False
UNIT01343,FAC014,B+,Whole Blood,436,2026-06-30,2026-08-04,3,Available,True
UNIT01344,FAC014,B+,Whole Blood,412,2026-06-18,2026-07-23,-9,Expired,False
UNIT01345,FAC014,O+,RBC,255,2026-07-18,2026-08-22,21,Available,False
UNIT01346,FAC014,B+,RBC,256,2026-07-19,2026-08-23,22,Available,False
UNIT01347,FAC014,O+,Whole Blood,393,2026-07-27,2026-08-31,30,Reserved,False
UNIT01348,FAC014,B+,RBC,296,2026-07-26,2026-08-30,29,Available,False
UNIT01349,FAC014,AB+,Platelets,60,2026-07-28,2026-08-02,1,Available,True
UNIT01350,FAC014,O+,RBC,275,2026-07-17,2026-08-21,20,Available,False
UNIT01351,FAC014,O-,Platelets,51,2026-07-31,2026-08-05,4,Available,False
UNIT01352,FAC014,B+,RBC,258,2026-07-16,2026-08-20,19,Available,False
UNIT01353,FAC014,B+,Platelets,60,2026-07-31,2026-08-05,4,Available,False
UNIT01354,FAC014,B+,Whole Blood,369,2026-07-19,2026-08-23,22,Available,False
UNIT01355,FAC014,B+,Platelets,58,2026-07-31,2026-08-05,4,Available,False
UNIT01356,FAC014,O+,RBC,281,2026-07-24,2026-08-28,27,Available,False
UNIT01357,FAC014,AB-,Platelets,58,2026-07-30,2026-08-04,3,Available,False
UNIT01358,FAC014,A-,Whole Blood,365,2026-06-21,2026-07-26,-6,Expired,False
UNIT01359,FAC014,B+,RBC,252,2026-07-03,2026-08-07,6,Available,True
UNIT01360,FAC014,B+,Platelets,52,2026-07-29,2026-08-03,2,Available,False
UNIT01361,FAC014,AB+,Whole Blood,447,2026-07-21,2026-08-25,24,Available,False
UNIT01362,FAC014,B+,Platelets,58,2026-07-30,2026-08-04,3,Available,False
UNIT01363,FAC014,O+,RBC,253,2026-07-14,2026-08-18,17,Available,False
UNIT01364,FAC014,B+,RBC,293,2026-07-13,2026-08-17,16,Available,False
UNIT01365,FAC014,B+,RBC,252,2026-07-21,2026-08-25,24,Available,False
UNIT01366,FAC014,B+,RBC,251,2026-07-20,2026-08-24,23,Available,False
UNIT01367,FAC014,O+,Platelets,55,2026-07-30,2026-08-04,3,Available,False
UNIT01368,FAC014,O-,RBC,265,2026-07-20,2026-08-24,23,Available,False
UNIT01369,FAC014,B+,RBC,254,2026-07-13,2026-08-17,16,Reserved,False
UNIT01370,FAC014,O+,Whole Blood,391,2026-07-21,2026-08-25,24,Available,False
UNIT01371,FAC014,B+,Platelets,56,2026-07-28,2026-08-02,1,Available,True
UNIT01372,FAC014,B+,Platelets,55,2026-07-30,2026-08-04,3,Available,False
UNIT01373,FAC014,B+,RBC,281,2026-07-21,2026-08-25,24,Available,False
UNIT01374,FAC014,B+,Platelets,60,2026-07-31,2026-08-05,4,Available,False
UNIT01375,FAC014,B+,Platelets,53,2026-07-31,2026-08-05,4,Reserved,False
UNIT01376,FAC014,AB+,Whole Blood,386,2026-07-03,2026-08-07,6,Available,True
UNIT01377,FAC014,B+,RBC,275,2026-06-19,2026-07-24,-8,Expired,False
UNIT01378,FAC014,O+,Platelets,59,2026-07-29,2026-08-03,2,Available,False
UNIT01379,FAC014,B+,RBC,283,2026-07-22,2026-08-26,25,Available,False
UNIT01380,FAC014,AB+,Whole Blood,388,2026-07-20,2026-08-24,23,Available,False
UNIT01381,FAC014,AB-,RBC,262,2026-07-18,2026-08-22,21,Available,False
UNIT01382,FAC014,AB+,RBC,298,2026-07-12,2026-08-16,15,Available,False
UNIT01383,FAC014,O+,Whole Blood,373,2026-07-12,2026-08-16,15,Available,False
UNIT01384,FAC014,O+,Whole Blood,409,2026-07-11,2026-08-15,14,Available,False
UNIT01385,FAC014,B+,Platelets,56,2026-07-30,2026-08-04,3,Available,False
UNIT01386,FAC014,O+,Platelets,55,2026-07-29,2026-08-03,2,Available,False
UNIT01387,FAC014,AB+,Whole Blood,388,2026-07-25,2026-08-29,28,Available,False
UNIT01388,FAC014,O+,RBC,254,2026-07-21,2026-08-25,24,Available,False
UNIT01389,FAC014,O+,RBC,260,2026-07-22,2026-08-26,25,Available,False
UNIT01390,FAC014,B+,Platelets,52,2026-07-31,2026-08-05,4,Available,False
UNIT01391,FAC014,B+,Whole Blood,412,2026-07-05,2026-08-09,8,Available,False
UNIT01392,FAC014,O+,RBC,262,2026-07-18,2026-08-22,21,Reserved,False
UNIT01393,FAC014,B+,Whole Blood,385,2026-07-29,2026-09-02,32,Available,False
UNIT01394,FAC014,O+,Whole Blood,442,2026-07-11,2026-08-15,14,Available,False
UNIT01395,FAC014,AB+,Whole Blood,390,2026-07-28,2026-09-01,31,Reserved,False
UNIT01396,FAC014,O+,Whole Blood,396,2026-06-30,2026-08-04,3,Available,True
UNIT01397,FAC014,O+,Whole Blood,367,2026-07-19,2026-08-23,22,Available,False
UNIT01398,FAC014,B+,Platelets,58,2026-07-29,2026-08-03,2,Reserved,False
UNIT01399,FAC014,O+,Platelets,54,2026-07-27,2026-08-01,0,Reserved,False
UNIT01400,FAC014,AB+,Whole Blood,390,2026-07-23,2026-08-27,26,Available,False
UNIT01401,FAC015,B+,RBC,284,2026-07-02,2026-08-06,5,Available,True
UNIT01402,FAC015,B+,Whole Blood,437,2026-07-21,2026-08-25,24,Available,False
UNIT01403,FAC015,A+,RBC,273,2026-07-01,2026-08-05,4,Reserved,False
UNIT01404,FAC015,B+,RBC,288,2026-07-04,2026-08-08,7,Available,True
UNIT01405,FAC015,A+,Platelets,60,2026-07-29,2026-08-03,2,Reserved,False
UNIT01406,FAC015,A+,Platelets,55,2026-07-30,2026-08-04,3,Available,False
UNIT01407,FAC015,AB+,Platelets,57,2026-07-31,2026-08-05,4,Available,False
UNIT01408,FAC015,B+,RBC,269,2026-06-28,2026-08-02,1,Reserved,False
UNIT01409,FAC015,A+,Whole Blood,370,2026-07-22,2026-08-26,25,Available,False
UNIT01410,FAC015,AB+,Platelets,60,2026-07-30,2026-08-04,3,Available,False
UNIT01411,FAC015,B+,Whole Blood,449,2026-07-22,2026-08-26,25,Available,False
UNIT01412,FAC015,AB+,RBC,271,2026-07-08,2026-08-12,11,Reserved,False
UNIT01413,FAC015,B+,Whole Blood,414,2026-07-04,2026-08-08,7,Available,True
UNIT01414,FAC015,A+,RBC,297,2026-07-13,2026-08-17,16,Available,False
UNIT01415,FAC015,A+,Platelets,60,2026-08-01,2026-08-06,5,Available,False
UNIT01416,FAC015,A+,RBC,275,2026-07-06,2026-08-10,9,Available,False
UNIT01417,FAC015,A+,RBC,260,2026-07-21,2026-08-25,24,Available,False
UNIT01418,FAC015,A+,Platelets,52,2026-07-27,2026-08-01,0,Available,True
UNIT01419,FAC015,B-,Platelets,57,2026-07-30,2026-08-04,3,Reserved,False
UNIT01420,FAC015,B+,Platelets,59,2026-07-31,2026-08-05,4,Available,False
UNIT01421,FAC015,B+,RBC,261,2026-07-24,2026-08-28,27,Available,False
UNIT01422,FAC015,B+,RBC,286,2026-06-26,2026-07-31,-1,Expired,False
UNIT01423,FAC015,A+,Whole Blood,430,2026-06-28,2026-08-02,1,Available,True
UNIT01424,FAC015,A+,Whole Blood,375,2026-06-23,2026-07-28,-4,Expired,False
UNIT01425,FAC015,A+,Whole Blood,426,2026-07-28,2026-09-01,31,Available,False
UNIT01426,FAC015,A+,Whole Blood,371,2026-06-25,2026-07-30,-2,Expired,False
UNIT01427,FAC015,AB+,Whole Blood,448,2026-07-30,2026-09-03,33,Available,False
UNIT01428,FAC015,AB+,RBC,264,2026-07-04,2026-08-08,7,Available,True
UNIT01429,FAC015,B+,Whole Blood,450,2026-06-26,2026-07-31,-1,Expired,False
UNIT01430,FAC015,A+,Platelets,53,2026-07-30,2026-08-04,3,Available,False
UNIT01431,FAC015,B+,RBC,261,2026-07-08,2026-08-12,11,Available,False
UNIT01432,FAC015,B+,Whole Blood,380,2026-07-29,2026-09-02,32,Reserved,False
UNIT01433,FAC015,B+,Whole Blood,408,2026-07-20,2026-08-24,23,Available,False
UNIT01434,FAC015,A+,RBC,294,2026-07-25,2026-08-29,28,Available,False
UNIT01435,FAC015,B+,Whole Blood,444,2026-07-09,2026-08-13,12,Available,False
UNIT01436,FAC015,B+,Whole Blood,392,2026-07-26,2026-08-30,29,Available,False
UNIT01437,FAC015,AB+,RBC,292,2026-06-29,2026-08-03,2,Reserved,False
UNIT01438,FAC015,AB-,Platelets,50,2026-07-29,2026-08-03,2,Available,False
UNIT01439,FAC015,A+,Platelets,60,2026-07-30,2026-08-04,3,Reserved,False
UNIT01440,FAC015,B+,Platelets,52,2026-07-31,2026-08-05,4,Available,False
UNIT01441,FAC015,B+,RBC,270,2026-07-01,2026-08-05,4,Available,True
UNIT01442,FAC015,B+,RBC,252,2026-07-25,2026-08-29,28,Available,False
UNIT01443,FAC015,O-,RBC,297,2026-07-01,2026-08-05,4,Available,True
UNIT01444,FAC015,A-,RBC,289,2026-07-22,2026-08-26,25,Available,False
UNIT01445,FAC015,B+,RBC,260,2026-07-16,2026-08-20,19,Available,False
UNIT01446,FAC015,A+,RBC,292,2026-07-07,2026-08-11,10,Available,False
UNIT01447,FAC015,B+,RBC,264,2026-07-28,2026-09-01,31,Available,False
UNIT01448,FAC015,A+,RBC,277,2026-07-22,2026-08-26,25,Available,False
UNIT01449,FAC015,A+,RBC,295,2026-07-28,2026-09-01,31,Available,False
UNIT01450,FAC015,B+,RBC,259,2026-07-16,2026-08-20,19,Available,False
UNIT01451,FAC015,A+,Whole Blood,371,2026-07-24,2026-08-28,27,Available,False
UNIT01452,FAC015,B+,RBC,263,2026-07-14,2026-08-18,17,Available,False
UNIT01453,FAC015,B+,Whole Blood,403,2026-07-15,2026-08-19,18,Available,False
UNIT01454,FAC015,AB+,Whole Blood,392,2026-07-07,2026-08-11,10,Available,False
UNIT01455,FAC015,A+,Platelets,51,2026-07-26,2026-07-31,-1,Expired,False
UNIT01456,FAC015,B+,Platelets,55,2026-07-27,2026-08-01,0,Available,True
UNIT01457,FAC015,A+,Whole Blood,411,2026-07-17,2026-08-21,20,Available,False
UNIT01458,FAC015,B+,RBC,252,2026-07-13,2026-08-17,16,Available,False
UNIT01459,FAC015,B+,RBC,296,2026-07-21,2026-08-25,24,Available,False
UNIT01460,FAC015,AB+,Platelets,60,2026-07-31,2026-08-05,4,Available,False
UNIT01461,FAC015,A+,Whole Blood,427,2026-07-08,2026-08-12,11,Available,False
UNIT01462,FAC015,B+,RBC,299,2026-07-23,2026-08-27,26,Available,False
UNIT01463,FAC015,AB+,Whole Blood,399,2026-07-29,2026-09-02,32,Available,False
UNIT01464,FAC015,B+,RBC,259,2026-07-11,2026-08-15,14,Reserved,False
UNIT01465,FAC015,A+,RBC,269,2026-07-05,2026-08-09,8,Available,False
UNIT01466,FAC015,AB+,Platelets,55,2026-07-31,2026-08-05,4,Available,False
UNIT01467,FAC015,B+,RBC,267,2026-07-18,2026-08-22,21,Available,False
UNIT01468,FAC015,B+,RBC,273,2026-07-27,2026-08-31,30,Available,False
UNIT01469,FAC015,B+,RBC,282,2026-07-12,2026-08-16,15,Available,False
UNIT01470,FAC015,A+,RBC,295,2026-07-10,2026-08-14,13,Available,False
UNIT01471,FAC015,A+,RBC,255,2026-07-15,2026-08-19,18,Available,False
UNIT01472,FAC015,A+,RBC,269,2026-07-27,2026-08-31,30,Available,False
UNIT01473,FAC015,A+,Whole Blood,381,2026-07-10,2026-08-14,13,Available,False
UNIT01474,FAC015,B+,RBC,252,2026-07-14,2026-08-18,17,Available,False
UNIT01475,FAC015,B+,Platelets,60,2026-07-30,2026-08-04,3,Available,False
UNIT01476,FAC015,B+,RBC,299,2026-07-20,2026-08-24,23,Available,False
UNIT01477,FAC015,B+,Whole Blood,450,2026-07-08,2026-08-12,11,Available,False
UNIT01478,FAC015,A+,RBC,295,2026-07-28,2026-09-01,31,Available,False
UNIT01479,FAC015,A+,Platelets,57,2026-07-29,2026-08-03,2,Available,False
UNIT01480,FAC015,B+,RBC,261,2026-07-20,2026-08-24,23,Reserved,False
UNIT01481,FAC015,A+,Whole Blood,436,2026-07-08,2026-08-12,11,Available,False
UNIT01482,FAC015,A+,Platelets,50,2026-08-01,2026-08-06,5,Available,False
UNIT01483,FAC015,A+,RBC,292,2026-07-17,2026-08-21,20,Available,False
UNIT01484,FAC015,AB-,Platelets,59,2026-07-29,2026-08-03,2,Available,False
UNIT01485,FAC015,A-,Platelets,54,2026-07-27,2026-08-01,0,Available,True
UNIT01486,FAC015,A+,Whole Blood,352,2026-07-30,2026-09-03,33,Available,False
UNIT01487,FAC015,B+,Whole Blood,433,2026-07-02,2026-08-06,5,Available,True
UNIT01488,FAC015,A+,Whole Blood,418,2026-07-18,2026-08-22,21,Available,False
UNIT01489,FAC016,B+,Whole Blood,364,2026-07-25,2026-08-29,28,Available,False
UNIT01490,FAC016,A+,Whole Blood,412,2026-07-08,2026-08-12,11,Available,False
UNIT01491,FAC016,B+,Whole Blood,422,2026-07-13,2026-08-17,16,Available,False
UNIT01492,FAC016,O+,Whole Blood,430,2026-07-28,2026-09-01,31,Available,False
UNIT01493,FAC016,O+,Whole Blood,413,2026-06-22,2026-07-27,-5,Expired,False
UNIT01494,FAC016,O+,Whole Blood,415,2026-07-29,2026-09-02,32,Available,False
UNIT01495,FAC016,O+,Whole Blood,352,2026-07-23,2026-08-27,26,Available,False
UNIT01496,FAC016,B+,Whole Blood,432,2026-07-14,2026-08-18,17,Available,False
UNIT01497,FAC016,B+,Whole Blood,432,2026-07-26,2026-08-30,29,Available,False
UNIT01498,FAC016,B+,Whole Blood,374,2026-07-29,2026-09-02,32,Available,False
UNIT01499,FAC016,B+,Whole Blood,437,2026-07-23,2026-08-27,26,Available,False
UNIT01500,FAC016,B+,Whole Blood,441,2026-07-26,2026-08-30,29,Available,False
UNIT01501,FAC016,B+,Whole Blood,444,2026-07-04,2026-08-08,7,Available,True
UNIT01502,FAC016,B+,Whole Blood,429,2026-07-05,2026-08-09,8,Available,False
UNIT01503,FAC016,A+,Whole Blood,375,2026-07-11,2026-08-15,14,Available,False
UNIT01504,FAC016,A+,Whole Blood,413,2026-07-26,2026-08-30,29,Available,False
UNIT01505,FAC016,B+,Whole Blood,395,2026-07-14,2026-08-18,17,Reserved,False
UNIT01506,FAC016,O+,Whole Blood,414,2026-07-10,2026-08-14,13,Available,False
UNIT01507,FAC016,A+,Whole Blood,379,2026-07-21,2026-08-25,24,Available,False
UNIT01508,FAC016,A+,Whole Blood,450,2026-07-16,2026-08-20,19,Reserved,False
UNIT01509,FAC016,B+,Whole Blood,369,2026-07-07,2026-08-11,10,Available,False
UNIT01510,FAC016,O+,Whole Blood,406,2026-07-09,2026-08-13,12,Reserved,False
UNIT01511,FAC016,O+,Whole Blood,450,2026-06-23,2026-07-28,-4,Expired,False
UNIT01512,FAC016,O+,Whole Blood,363,2026-07-04,2026-08-08,7,Available,True
UNIT01513,FAC016,A+,Whole Blood,370,2026-07-02,2026-08-06,5,Reserved,False
UNIT01514,FAC016,O+,Whole Blood,362,2026-07-07,2026-08-11,10,Available,False
UNIT01515,FAC016,A+,Whole Blood,375,2026-07-21,2026-08-25,24,Available,False
UNIT01516,FAC016,B+,Whole Blood,410,2026-07-07,2026-08-11,10,Available,False
UNIT01517,FAC017,B+,Whole Blood,403,2026-07-22,2026-08-26,25,Available,False
UNIT01518,FAC017,B+,Whole Blood,403,2026-07-25,2026-08-29,28,Available,False
UNIT01519,FAC017,O+,Whole Blood,402,2026-07-05,2026-08-09,8,Available,False
UNIT01520,FAC017,O+,Whole Blood,406,2026-06-26,2026-07-31,-1,Expired,False
UNIT01521,FAC017,A+,Whole Blood,358,2026-07-09,2026-08-13,12,Available,False
UNIT01522,FAC017,A+,Whole Blood,405,2026-07-19,2026-08-23,22,Available,False
UNIT01523,FAC017,A+,Whole Blood,423,2026-07-11,2026-08-15,14,Available,False
UNIT01524,FAC017,A+,Whole Blood,439,2026-07-18,2026-08-22,21,Reserved,False
UNIT01525,FAC017,B+,Whole Blood,394,2026-07-09,2026-08-13,12,Available,False
UNIT01526,FAC017,A+,Whole Blood,368,2026-06-30,2026-08-04,3,Available,True
UNIT01527,FAC017,O+,Whole Blood,429,2026-07-11,2026-08-15,14,Reserved,False
UNIT01528,FAC017,O+,Whole Blood,450,2026-07-10,2026-08-14,13,Reserved,False
UNIT01529,FAC017,O+,Whole Blood,418,2026-07-01,2026-08-05,4,Available,True
UNIT01530,FAC017,B+,Whole Blood,377,2026-07-15,2026-08-19,18,Available,False
UNIT01531,FAC017,A+,Whole Blood,370,2026-07-15,2026-08-19,18,Available,False
UNIT01532,FAC017,A+,Whole Blood,442,2026-07-23,2026-08-27,26,Available,False
UNIT01533,FAC017,B+,Whole Blood,383,2026-07-08,2026-08-12,11,Available,False
UNIT01534,FAC017,O+,Whole Blood,365,2026-07-26,2026-08-30,29,Available,False
UNIT01535,FAC017,B+,Whole Blood,445,2026-07-17,2026-08-21,20,Reserved,False
UNIT01536,FAC017,O-,Whole Blood,450,2026-07-20,2026-08-24,23,Available,False
UNIT01537,FAC017,O+,Whole Blood,381,2026-07-09,2026-08-13,12,Available,False
UNIT01538,FAC017,A+,Whole Blood,362,2026-07-04,2026-08-08,7,Available,True
UNIT01539,FAC017,A+,Whole Blood,357,2026-07-04,2026-08-08,7,Available,True
UNIT01540,FAC017,B+,Whole Blood,397,2026-07-17,2026-08-21,20,Available,False
UNIT01541,FAC017,O+,Whole Blood,400,2026-07-13,2026-08-17,16,Available,False
UNIT01542,FAC017,O+,Whole Blood,438,2026-07-12,2026-08-16,15,Reserved,False
UNIT01543,FAC017,O+,Whole Blood,370,2026-07-08,2026-08-12,11,Available,False
UNIT01544,FAC017,A+,Whole Blood,440,2026-07-17,2026-08-21,20,Available,False
UNIT01545,FAC017,B+,Whole Blood,354,2026-07-10,2026-08-14,13,Available,False
UNIT01546,FAC018,O+,Whole Blood,402,2026-06-28,2026-08-02,1,Available,True
UNIT01547,FAC018,A+,Whole Blood,369,2026-07-14,2026-08-18,17,Available,False
UNIT01548,FAC018,A+,Whole Blood,388,2026-06-20,2026-07-25,-7,Expired,False
UNIT01549,FAC018,B+,Whole Blood,425,2026-07-06,2026-08-10,9,Available,False
UNIT01550,FAC018,B+,Whole Blood,444,2026-06-30,2026-08-04,3,Available,True
UNIT01551,FAC018,B+,Whole Blood,355,2026-07-15,2026-08-19,18,Available,False
UNIT01552,FAC018,B+,Whole Blood,450,2026-07-14,2026-08-18,17,Reserved,False
UNIT01553,FAC018,B+,Whole Blood,408,2026-07-07,2026-08-11,10,Available,False
UNIT01554,FAC018,O+,Whole Blood,361,2026-07-25,2026-08-29,28,Available,False
UNIT01555,FAC018,O+,Whole Blood,393,2026-07-19,2026-08-23,22,Reserved,False
UNIT01556,FAC018,B+,Whole Blood,371,2026-07-08,2026-08-12,11,Available,False
UNIT01557,FAC018,O+,Whole Blood,421,2026-07-14,2026-08-18,17,Available,False
UNIT01558,FAC018,A+,Whole Blood,416,2026-06-25,2026-07-30,-2,Expired,False
UNIT01559,FAC018,A+,Whole Blood,434,2026-07-16,2026-08-20,19,Available,False
UNIT01560,FAC018,O+,Whole Blood,385,2026-06-25,2026-07-30,-2,Expired,False
UNIT01561,FAC018,O+,Whole Blood,424,2026-07-04,2026-08-08,7,Available,True
UNIT01562,FAC018,B+,Whole Blood,352,2026-07-19,2026-08-23,22,Available,False
UNIT01563,FAC018,B+,Whole Blood,390,2026-07-19,2026-08-23,22,Available,False
UNIT01564,FAC018,B+,Whole Blood,371,2026-07-26,2026-08-30,29,Available,False
UNIT01565,FAC018,B+,Whole Blood,389,2026-07-23,2026-08-27,26,Available,False
UNIT01566,FAC018,O+,Whole Blood,373,2026-07-28,2026-09-01,31,Reserved,False
UNIT01567,FAC018,A+,Whole Blood,368,2026-07-22,2026-08-26,25,Available,False
UNIT01568,FAC018,B+,Whole Blood,365,2026-07-23,2026-08-27,26,Reserved,False
UNIT01569,FAC018,A+,Whole Blood,413,2026-07-07,2026-08-11,10,Available,False
UNIT01570,FAC018,B+,Whole Blood,384,2026-06-26,2026-07-31,-1,Expired,False
UNIT01571,FAC018,A+,Whole Blood,353,2026-07-14,2026-08-18,17,Available,False
UNIT01572,FAC018,B+,Whole Blood,420,2026-06-29,2026-08-03,2,Available,True
UNIT01573,FAC018,O+,Whole Blood,450,2026-07-23,2026-08-27,26,Available,False
UNIT01574,FAC018,A+,Whole Blood,414,2026-07-18,2026-08-22,21,Available,False
UNIT01575,FAC018,A+,Whole Blood,450,2026-07-20,2026-08-24,23,Reserved,False
UNIT01576,FAC018,B+,Whole Blood,421,2026-06-25,2026-07-30,-2,Expired,False
UNIT01577,FAC019,A+,Plasma,239,2025-07-09,2026-07-09,-23,Expired,False
UNIT01578,FAC019,B+,RBC,280,2026-08-01,2026-09-05,35,Reserved,False
UNIT01579,FAC019,B+,Platelets,55,2026-07-28,2026-08-02,1,Available,True
UNIT01580,FAC019,O+,RBC,252,2026-07-13,2026-08-17,16,Available,False
UNIT01581,FAC019,A+,Whole Blood,365,2026-07-22,2026-08-26,25,Available,False
UNIT01582,FAC019,O+,Platelets,58,2026-07-28,2026-08-02,1,Available,True
UNIT01583,FAC019,O+,Platelets,60,2026-07-28,2026-08-02,1,Reserved,False
UNIT01584,FAC019,B+,Plasma,220,2026-04-21,2027-04-21,263,Available,False
UNIT01585,FAC019,B+,Plasma,221,2025-07-11,2026-07-11,-21,Expired,False
UNIT01586,FAC019,A+,RBC,280,2026-07-11,2026-08-15,14,Available,False
UNIT01587,FAC019,A+,Whole Blood,439,2026-07-10,2026-08-14,13,Available,False
UNIT01588,FAC019,O+,Plasma,241,2026-02-04,2027-02-04,187,Available,False
UNIT01589,FAC019,O+,Whole Blood,406,2026-06-30,2026-08-04,3,Available,True
UNIT01590,FAC019,O+,Platelets,56,2026-07-26,2026-07-31,-1,Expired,False
UNIT01591,FAC019,O+,Platelets,50,2026-07-30,2026-08-04,3,Available,False
UNIT01592,FAC019,A+,Platelets,53,2026-07-27,2026-08-01,0,Available,True
UNIT01593,FAC019,O+,Platelets,53,2026-07-29,2026-08-03,2,Available,False
UNIT01594,FAC019,A+,Platelets,57,2026-07-28,2026-08-02,1,Available,True
UNIT01595,FAC019,O+,Whole Blood,440,2026-07-22,2026-08-26,25,Reserved,False
UNIT01596,FAC019,AB+,Whole Blood,400,2026-07-24,2026-08-28,27,Available,False
UNIT01597,FAC019,A+,Platelets,58,2026-07-29,2026-08-03,2,Available,False
UNIT01598,FAC019,A+,RBC,254,2026-07-27,2026-08-31,30,Available,False
UNIT01599,FAC019,A+,RBC,267,2026-07-01,2026-08-05,4,Available,True
UNIT01600,FAC019,A+,Whole Blood,438,2026-06-20,2026-07-25,-7,Expired,False
UNIT01601,FAC019,O+,Platelets,50,2026-07-29,2026-08-03,2,Reserved,False
UNIT01602,FAC019,O+,Whole Blood,402,2026-07-03,2026-08-07,6,Available,True
UNIT01603,FAC019,B+,Plasma,202,2026-02-17,2027-02-17,200,Available,False
UNIT01604,FAC019,O+,RBC,284,2026-07-28,2026-09-01,31,Reserved,False
UNIT01605,FAC019,B+,Whole Blood,423,2026-07-19,2026-08-23,22,Available,False
UNIT01606,FAC019,O+,RBC,277,2026-06-23,2026-07-28,-4,Expired,False
UNIT01607,FAC019,O+,RBC,254,2026-07-24,2026-08-28,27,Available,False
UNIT01608,FAC019,O+,Whole Blood,353,2026-07-29,2026-09-02,32,Available,False
UNIT01609,FAC019,AB+,Platelets,57,2026-07-28,2026-08-02,1,Available,True
UNIT01610,FAC019,B+,Platelets,58,2026-07-28,2026-08-02,1,Available,True
UNIT01611,FAC019,O+,Whole Blood,447,2026-07-06,2026-08-10,9,Available,False
UNIT01612,FAC019,A+,Plasma,203,2026-01-22,2027-01-22,174,Available,False
UNIT01613,FAC019,O+,Plasma,204,2026-04-10,2027-04-10,252,Available,False
UNIT01614,FAC019,O+,Whole Blood,388,2026-06-28,2026-08-02,1,Available,True
UNIT01615,FAC019,AB-,Plasma,235,2026-06-14,2027-06-14,317,Available,False
UNIT01616,FAC019,A+,Plasma,226,2026-03-17,2027-03-17,228,Available,False
UNIT01617,FAC019,B+,Whole Blood,404,2026-07-17,2026-08-21,20,Available,False
UNIT01618,FAC019,O+,Whole Blood,450,2026-07-21,2026-08-25,24,Reserved,False
UNIT01619,FAC019,A+,Platelets,50,2026-07-29,2026-08-03,2,Available,False
UNIT01620,FAC019,AB+,Whole Blood,423,2026-07-13,2026-08-17,16,Available,False
UNIT01621,FAC019,A+,Platelets,59,2026-07-30,2026-08-04,3,Available,False
UNIT01622,FAC019,B+,RBC,258,2026-07-25,2026-08-29,28,Available,False
UNIT01623,FAC019,B+,Plasma,222,2026-02-12,2027-02-12,195,Available,False
UNIT01624,FAC019,B+,RBC,271,2026-07-25,2026-08-29,28,Available,False
UNIT01625,FAC019,B+,Whole Blood,368,2026-07-16,2026-08-20,19,Available,False
UNIT01626,FAC019,A+,Whole Blood,375,2026-07-18,2026-08-22,21,Available,False
UNIT01627,FAC019,O+,RBC,292,2026-07-06,2026-08-10,9,Available,False
UNIT01628,FAC019,B+,Plasma,237,2026-01-15,2027-01-15,167,Available,False
UNIT01629,FAC019,AB+,Platelets,52,2026-07-29,2026-08-03,2,Available,False
UNIT01630,FAC019,A+,Whole Blood,431,2026-07-16,2026-08-20,19,Reserved,False
UNIT01631,FAC019,A-,RBC,280,2026-07-17,2026-08-21,20,Available,False
UNIT01632,FAC019,O+,Platelets,56,2026-07-28,2026-08-02,1,Available,True
UNIT01633,FAC019,A+,Whole Blood,353,2026-07-20,2026-08-24,23,Available,False
UNIT01634,FAC019,AB+,RBC,287,2026-07-22,2026-08-26,25,Available,False
UNIT01635,FAC019,O+,Platelets,53,2026-07-31,2026-08-05,4,Available,False
UNIT01636,FAC019,B+,RBC,271,2026-07-01,2026-08-05,4,Available,True
UNIT01637,FAC019,O+,RBC,266,2026-07-24,2026-08-28,27,Available,False
UNIT01638,FAC019,O+,Whole Blood,433,2026-07-04,2026-08-08,7,Available,True
UNIT01639,FAC019,O+,Whole Blood,408,2026-07-21,2026-08-25,24,Available,False
UNIT01640,FAC019,B+,Platelets,59,2026-07-29,2026-08-03,2,Reserved,False
UNIT01641,FAC019,O+,Whole Blood,366,2026-07-26,2026-08-30,29,Reserved,False
UNIT01642,FAC019,O+,RBC,270,2026-07-15,2026-08-19,18,Available,False
UNIT01643,FAC019,AB+,RBC,287,2026-06-28,2026-08-02,1,Available,True
UNIT01644,FAC019,A+,Platelets,50,2026-07-28,2026-08-02,1,Available,True
UNIT01645,FAC019,O+,Platelets,59,2026-07-28,2026-08-02,1,Available,True
UNIT01646,FAC019,O+,RBC,300,2026-07-08,2026-08-12,11,Available,False
UNIT01647,FAC019,O+,Whole Blood,432,2026-07-25,2026-08-29,28,Available,False
UNIT01648,FAC019,O+,Platelets,55,2026-07-30,2026-08-04,3,Available,False
UNIT01649,FAC019,O+,Plasma,217,2025-12-02,2026-12-02,123,Available,False
UNIT01650,FAC019,AB+,Whole Blood,407,2026-07-24,2026-08-28,27,Reserved,False
UNIT01651,FAC019,O+,Plasma,224,2026-05-04,2027-05-04,276,Available,False
UNIT01652,FAC019,AB+,Platelets,51,2026-07-31,2026-08-05,4,Available,False
UNIT01653,FAC019,B+,Platelets,58,2026-07-31,2026-08-05,4,Available,False
UNIT01654,FAC019,O+,Plasma,223,2026-03-03,2027-03-03,214,Available,False
UNIT01655,FAC019,O+,Platelets,57,2026-07-31,2026-08-05,4,Available,False
UNIT01656,FAC019,B+,Whole Blood,414,2026-07-20,2026-08-24,23,Available,False
UNIT01657,FAC019,B+,Whole Blood,362,2026-07-06,2026-08-10,9,Reserved,False
UNIT01658,FAC019,A+,Platelets,53,2026-08-01,2026-08-06,5,Available,False
UNIT01659,FAC019,O+,Platelets,60,2026-07-30,2026-08-04,3,Available,False
UNIT01660,FAC019,O+,RBC,298,2026-07-09,2026-08-13,12,Reserved,False
UNIT01661,FAC019,O+,Platelets,55,2026-08-01,2026-08-06,5,Available,False
UNIT01662,FAC019,O+,Plasma,237,2025-07-24,2026-07-24,-8,Expired,False
UNIT01663,FAC019,O+,Whole Blood,447,2026-07-17,2026-08-21,20,Available,False
UNIT01664,FAC019,O+,Plasma,213,2026-05-02,2027-05-02,274,Available,False
UNIT01665,FAC019,B+,Plasma,250,2025-11-29,2026-11-29,120,Available,False
UNIT01666,FAC019,A+,RBC,276,2026-07-18,2026-08-22,21,Reserved,False
UNIT01667,FAC019,A+,Plasma,208,2025-09-28,2026-09-28,58,Available,True
UNIT01668,FAC019,AB+,RBC,281,2026-07-21,2026-08-25,24,Available,False
UNIT01669,FAC019,O+,Platelets,60,2026-07-30,2026-08-04,3,Available,False
UNIT01670,FAC019,O+,Platelets,50,2026-07-30,2026-08-04,3,Available,False
UNIT01671,FAC019,O+,RBC,271,2026-06-23,2026-07-28,-4,Expired,False
UNIT01672,FAC019,AB+,Plasma,213,2025-06-14,2026-06-14,-48,Expired,False
UNIT01673,FAC019,O+,Whole Blood,363,2026-07-15,2026-08-19,18,Available,False
UNIT01674,FAC019,B+,Plasma,210,2026-01-01,2027-01-01,153,Available,False
UNIT01675,FAC019,A+,RBC,281,2026-07-29,2026-09-02,32,Available,False
UNIT01676,FAC019,A+,RBC,268,2026-07-27,2026-08-31,30,Reserved,False
UNIT01677,FAC019,A+,Platelets,50,2026-07-29,2026-08-03,2,Available,False
UNIT01678,FAC019,B+,Whole Blood,402,2026-07-25,2026-08-29,28,Available,False
UNIT01679,FAC019,B+,Whole Blood,445,2026-07-26,2026-08-30,29,Available,False
UNIT01680,FAC019,A+,RBC,277,2026-07-26,2026-08-30,29,Available,False
UNIT01681,FAC019,O+,Plasma,219,2026-05-19,2027-05-19,291,Available,False
UNIT01682,FAC019,AB+,Plasma,209,2026-04-20,2027-04-20,262,Available,False
UNIT01683,FAC019,B+,Plasma,221,2026-01-13,2027-01-13,165,Available,False
UNIT01684,FAC019,O+,Plasma,247,2026-02-28,2027-02-28,211,Available,False
UNIT01685,FAC019,A+,Plasma,250,2026-04-01,2027-04-01,243,Available,False
UNIT01686,FAC019,B+,RBC,289,2026-07-19,2026-08-23,22,Available,False
UNIT01687,FAC019,O+,Plasma,244,2026-03-22,2027-03-22,233,Available,False
UNIT01688,FAC019,AB+,Plasma,210,2025-12-09,2026-12-09,130,Available,False
UNIT01689,FAC019,B+,Platelets,53,2026-07-29,2026-08-03,2,Available,False
UNIT01690,FAC019,O+,Plasma,235,2025-05-22,2026-05-22,-71,Expired,False
UNIT01691,FAC019,A+,Platelets,55,2026-07-31,2026-08-05,4,Available,False
UNIT01692,FAC019,B+,RBC,279,2026-07-23,2026-08-27,26,Available,False
UNIT01693,FAC019,A+,Plasma,212,2026-03-23,2027-03-23,234,Available,False
UNIT01694,FAC019,B+,Whole Blood,367,2026-07-23,2026-08-27,26,Available,False
UNIT01695,FAC019,B+,Plasma,235,2026-02-21,2027-02-21,204,Available,False
UNIT01696,FAC019,O+,Plasma,210,2026-05-23,2027-05-23,295,Available,False
UNIT01697,FAC019,A+,Whole Blood,365,2026-07-13,2026-08-17,16,Available,False
UNIT01698,FAC019,B-,Plasma,200,2026-05-17,2027-05-17,289,Available,False
UNIT01699,FAC019,O+,RBC,295,2026-07-18,2026-08-22,21,Available,False
UNIT01700,FAC019,A+,RBC,290,2026-07-18,2026-08-22,21,Available,False
UNIT01701,FAC019,O+,Whole Blood,356,2026-07-19,2026-08-23,22,Available,False
UNIT01702,FAC019,AB+,Whole Blood,381,2026-07-06,2026-08-10,9,Available,False
UNIT01703,FAC019,B+,RBC,251,2026-07-24,2026-08-28,27,Available,False
UNIT01704,FAC019,O-,Platelets,51,2026-07-28,2026-08-02,1,Available,True
UNIT01705,FAC019,A-,Whole Blood,371,2026-07-05,2026-08-09,8,Available,False
UNIT01706,FAC019,O+,Whole Blood,391,2026-07-18,2026-08-22,21,Available,False
UNIT01707,FAC019,B+,RBC,275,2026-07-12,2026-08-16,15,Reserved,False
UNIT01708,FAC019,O+,Whole Blood,391,2026-07-23,2026-08-27,26,Available,False
UNIT01709,FAC019,A+,Plasma,213,2025-12-26,2026-12-26,147,Available,False
UNIT01710,FAC019,B+,Whole Blood,429,2026-07-11,2026-08-15,14,Available,False
UNIT01711,FAC019,B+,Whole Blood,448,2026-07-01,2026-08-05,4,Available,True
UNIT01712,FAC019,AB+,Whole Blood,422,2026-07-09,2026-08-13,12,Available,False
UNIT01713,FAC019,A+,Whole Blood,439,2026-07-13,2026-08-17,16,Reserved,False
UNIT01714,FAC019,B+,RBC,294,2026-07-21,2026-08-25,24,Available,False
UNIT01715,FAC019,B+,Plasma,237,2026-06-14,2027-06-14,317,Available,False
UNIT01716,FAC019,B+,RBC,250,2026-07-16,2026-08-20,19,Available,False
UNIT01717,FAC019,A-,Whole Blood,446,2026-07-21,2026-08-25,24,Available,False
UNIT01718,FAC019,B+,Whole Blood,387,2026-07-28,2026-09-01,31,Available,False
UNIT01719,FAC019,A+,Plasma,246,2026-05-08,2027-05-08,280,Available,False
UNIT01720,FAC019,AB+,Plasma,217,2025-11-22,2026-11-22,113,Available,False
UNIT01721,FAC019,B+,Whole Blood,432,2026-07-15,2026-08-19,18,Reserved,False
UNIT01722,FAC019,O+,Whole Blood,393,2026-07-23,2026-08-27,26,Available,False
UNIT01723,FAC019,B+,Whole Blood,381,2026-06-29,2026-08-03,2,Available,True
UNIT01724,FAC019,O+,RBC,270,2026-07-13,2026-08-17,16,Available,False
UNIT01725,FAC019,A+,Whole Blood,374,2026-07-27,2026-08-31,30,Available,False
UNIT01726,FAC020,O-,RBC,285,2026-07-26,2026-08-30,29,Available,False
UNIT01727,FAC020,O+,RBC,296,2026-07-23,2026-08-27,26,Available,False
UNIT01728,FAC020,B+,RBC,261,2026-07-09,2026-08-13,12,Available,False
UNIT01729,FAC020,AB+,Platelets,60,2026-07-31,2026-08-05,4,Available,False
UNIT01730,FAC020,A+,Plasma,225,2026-06-09,2027-06-09,312,Reserved,False
UNIT01731,FAC020,B+,Plasma,247,2026-03-06,2027-03-06,217,Available,False
UNIT01732,FAC020,B+,RBC,251,2026-07-04,2026-08-08,7,Available,True
UNIT01733,FAC020,O+,Plasma,219,2025-09-27,2026-09-27,57,Available,True
UNIT01734,FAC020,AB+,RBC,274,2026-07-14,2026-08-18,17,Available,False
UNIT01735,FAC020,B+,Plasma,230,2026-04-18,2027-04-18,260,Available,False
UNIT01736,FAC020,A+,RBC,262,2026-07-09,2026-08-13,12,Available,False
UNIT01737,FAC020,A+,Platelets,56,2026-07-30,2026-08-04,3,Reserved,False
UNIT01738,FAC020,O+,Platelets,59,2026-07-30,2026-08-04,3,Available,False
UNIT01739,FAC020,A+,Whole Blood,365,2026-06-20,2026-07-25,-7,Expired,False
UNIT01740,FAC020,B+,RBC,266,2026-07-24,2026-08-28,27,Available,False
UNIT01741,FAC020,O+,Platelets,55,2026-07-30,2026-08-04,3,Available,False
UNIT01742,FAC020,O+,Plasma,215,2025-08-10,2026-08-10,9,Available,True
UNIT01743,FAC020,B+,Platelets,60,2026-07-29,2026-08-03,2,Available,False
UNIT01744,FAC020,O+,Platelets,52,2026-07-29,2026-08-03,2,Reserved,False
UNIT01745,FAC020,B+,RBC,291,2026-07-30,2026-09-03,33,Available,False
UNIT01746,FAC020,O+,Plasma,205,2026-03-18,2027-03-18,229,Available,False
UNIT01747,FAC020,B+,RBC,277,2026-07-01,2026-08-05,4,Available,True
UNIT01748,FAC020,B+,Platelets,56,2026-07-30,2026-08-04,3,Available,False
UNIT01749,FAC020,AB+,Plasma,205,2025-11-17,2026-11-17,108,Reserved,False
UNIT01750,FAC020,A+,Platelets,53,2026-07-28,2026-08-02,1,Available,True
UNIT01751,FAC020,O+,Plasma,210,2025-12-09,2026-12-09,130,Available,False
UNIT01752,FAC020,O+,Whole Blood,403,2026-07-26,2026-08-30,29,Available,False
UNIT01753,FAC020,B+,Platelets,55,2026-07-29,2026-08-03,2,Available,False
UNIT01754,FAC020,A+,RBC,257,2026-07-24,2026-08-28,27,Available,False
UNIT01755,FAC020,B+,RBC,261,2026-07-24,2026-08-28,27,Available,False
UNIT01756,FAC020,O+,RBC,276,2026-07-23,2026-08-27,26,Reserved,False
UNIT01757,FAC020,B+,Whole Blood,387,2026-07-02,2026-08-06,5,Available,True
UNIT01758,FAC020,A+,Whole Blood,424,2026-07-22,2026-08-26,25,Available,False
UNIT01759,FAC020,B+,Plasma,203,2025-12-19,2026-12-19,140,Available,False
UNIT01760,FAC020,B+,Whole Blood,355,2026-07-11,2026-08-15,14,Available,False
UNIT01761,FAC020,A+,Whole Blood,447,2026-07-20,2026-08-24,23,Available,False
UNIT01762,FAC020,B+,Plasma,227,2026-02-24,2027-02-24,207,Available,False
UNIT01763,FAC020,B+,Platelets,53,2026-07-26,2026-07-31,-1,Expired,False
UNIT01764,FAC020,O+,Plasma,222,2026-03-24,2027-03-24,235,Available,False
UNIT01765,FAC020,O+,Whole Blood,401,2026-07-31,2026-09-04,34,Available,False
UNIT01766,FAC020,O+,RBC,283,2026-07-29,2026-09-02,32,Available,False
UNIT01767,FAC020,B+,RBC,292,2026-07-20,2026-08-24,23,Available,False
UNIT01768,FAC020,O+,Plasma,240,2025-12-24,2026-12-24,145,Available,False
UNIT01769,FAC020,O+,Platelets,50,2026-08-01,2026-08-06,5,Available,False
UNIT01770,FAC020,O+,Platelets,57,2026-07-29,2026-08-03,2,Available,False
UNIT01771,FAC020,B+,Whole Blood,410,2026-07-20,2026-08-24,23,Reserved,False
UNIT01772,FAC020,O-,Whole Blood,374,2026-07-08,2026-08-12,11,Available,False
UNIT01773,FAC020,O+,Whole Blood,388,2026-07-26,2026-08-30,29,Available,False
UNIT01774,FAC020,O+,Plasma,207,2026-05-17,2027-05-17,289,Available,False
UNIT01775,FAC020,B+,RBC,292,2026-07-23,2026-08-27,26,Available,False
UNIT01776,FAC020,O+,Whole Blood,370,2026-07-18,2026-08-22,21,Available,False
UNIT01777,FAC020,O+,Platelets,53,2026-07-27,2026-08-01,0,Available,True
UNIT01778,FAC020,O+,Plasma,242,2025-07-19,2026-07-19,-13,Expired,False
UNIT01779,FAC020,A+,RBC,281,2026-06-28,2026-08-02,1,Available,True
UNIT01780,FAC020,A+,Platelets,59,2026-07-28,2026-08-02,1,Reserved,False
UNIT01781,FAC020,A+,Platelets,56,2026-07-30,2026-08-04,3,Available,False
UNIT01782,FAC020,O+,Plasma,207,2025-10-22,2026-10-22,82,Available,False
UNIT01783,FAC020,B+,Whole Blood,374,2026-07-27,2026-08-31,30,Available,False
UNIT01784,FAC020,O+,Whole Blood,390,2026-07-14,2026-08-18,17,Available,False
UNIT01785,FAC020,O+,Whole Blood,374,2026-07-21,2026-08-25,24,Available,False
UNIT01786,FAC020,O+,Plasma,243,2026-04-09,2027-04-09,251,Available,False
UNIT01787,FAC020,O+,RBC,264,2026-07-16,2026-08-20,19,Available,False
UNIT01788,FAC020,A+,Whole Blood,368,2026-07-15,2026-08-19,18,Available,False
UNIT01789,FAC020,O+,Platelets,57,2026-07-28,2026-08-02,1,Available,True
UNIT01790,FAC020,A+,Platelets,50,2026-07-31,2026-08-05,4,Available,False
UNIT01791,FAC020,AB+,Platelets,54,2026-07-30,2026-08-04,3,Available,False
UNIT01792,FAC020,O-,Plasma,218,2026-01-04,2027-01-04,156,Available,False
UNIT01793,FAC020,O+,Plasma,209,2026-06-17,2027-06-17,320,Available,False
UNIT01794,FAC020,O+,RBC,264,2026-07-03,2026-08-07,6,Reserved,False
UNIT01795,FAC020,O+,Whole Blood,412,2026-06-28,2026-08-02,1,Available,True
UNIT01796,FAC020,O+,Platelets,60,2026-07-26,2026-07-31,-1,Expired,False
UNIT01797,FAC020,O+,RBC,285,2026-06-20,2026-07-25,-7,Expired,False
UNIT01798,FAC020,B+,Plasma,248,2025-12-17,2026-12-17,138,Reserved,False
UNIT01799,FAC020,B+,Whole Blood,439,2026-07-15,2026-08-19,18,Available,False
UNIT01800,FAC020,O+,Plasma,250,2026-06-04,2027-06-04,307,Available,False
UNIT01801,FAC020,AB+,Whole Blood,408,2026-07-03,2026-08-07,6,Available,True
UNIT01802,FAC020,O+,RBC,259,2026-07-18,2026-08-22,21,Available,False
UNIT01803,FAC020,A+,RBC,296,2026-07-08,2026-08-12,11,Available,False
UNIT01804,FAC020,O+,Whole Blood,368,2026-07-10,2026-08-14,13,Reserved,False
UNIT01805,FAC020,B+,Plasma,203,2025-12-17,2026-12-17,138,Available,False
UNIT01806,FAC020,A+,Plasma,232,2026-05-14,2027-05-14,286,Available,False
UNIT01807,FAC020,O+,Plasma,240,2025-06-28,2026-06-28,-34,Expired,False
UNIT01808,FAC020,O+,RBC,281,2026-07-29,2026-09-02,32,Available,False
UNIT01809,FAC020,B+,RBC,294,2026-07-11,2026-08-15,14,Available,False
UNIT01810,FAC020,O-,Whole Blood,433,2026-07-06,2026-08-10,9,Available,False
UNIT01811,FAC020,B+,Plasma,205,2026-03-27,2027-03-27,238,Available,False
UNIT01812,FAC020,A+,RBC,286,2026-07-29,2026-09-02,32,Available,False
UNIT01813,FAC020,B+,Whole Blood,411,2026-07-05,2026-08-09,8,Available,False
UNIT01814,FAC020,O-,Plasma,220,2026-04-14,2027-04-14,256,Available,False
UNIT01815,FAC020,A+,RBC,275,2026-07-19,2026-08-23,22,Available,False
UNIT01816,FAC020,AB+,Plasma,234,2026-06-15,2027-06-15,318,Available,False
UNIT01817,FAC020,O+,Whole Blood,434,2026-07-07,2026-08-11,10,Available,False
UNIT01818,FAC020,O+,RBC,250,2026-07-02,2026-08-06,5,Available,True
UNIT01819,FAC020,AB+,Platelets,53,2026-07-31,2026-08-05,4,Available,False
UNIT01820,FAC020,O+,Whole Blood,354,2026-07-14,2026-08-18,17,Available,False
UNIT01821,FAC020,A+,Whole Blood,419,2026-07-16,2026-08-20,19,Available,False
UNIT01822,FAC020,A+,Whole Blood,416,2026-07-23,2026-08-27,26,Available,False
UNIT01823,FAC020,O+,Platelets,59,2026-07-29,2026-08-03,2,Available,False
UNIT01824,FAC020,B+,Platelets,55,2026-07-30,2026-08-04,3,Reserved,False
UNIT01825,FAC020,AB+,RBC,252,2026-07-10,2026-08-14,13,Available,False
UNIT01826,FAC020,B+,RBC,263,2026-07-25,2026-08-29,28,Available,False
UNIT01827,FAC020,O+,RBC,296,2026-07-13,2026-08-17,16,Available,False
UNIT01828,FAC020,O+,Whole Blood,433,2026-07-15,2026-08-19,18,Available,False
UNIT01829,FAC020,O+,Plasma,243,2026-03-01,2027-03-01,212,Reserved,False
UNIT01830,FAC020,B+,RBC,296,2026-07-15,2026-08-19,18,Available,False
UNIT01831,FAC020,B+,RBC,291,2026-07-09,2026-08-13,12,Available,False
UNIT01832,FAC020,O+,RBC,300,2026-07-18,2026-08-22,21,Available,False
UNIT01833,FAC020,B+,Whole Blood,381,2026-06-24,2026-07-29,-3,Expired,False
UNIT01834,FAC020,A+,Whole Blood,402,2026-07-15,2026-08-19,18,Available,False
UNIT01835,FAC020,A+,Whole Blood,384,2026-07-20,2026-08-24,23,Available,False
UNIT01836,FAC020,A+,RBC,264,2026-07-22,2026-08-26,25,Available,False
UNIT01837,FAC020,B+,Whole Blood,417,2026-07-06,2026-08-10,9,Available,False
UNIT01838,FAC020,O+,Platelets,51,2026-07-29,2026-08-03,2,Available,False
UNIT01839,FAC020,B+,Platelets,50,2026-07-30,2026-08-04,3,Available,False
UNIT01840,FAC020,A+,Plasma,243,2026-05-14,2027-05-14,286,Available,False
UNIT01841,FAC020,O+,Plasma,200,2026-02-23,2027-02-23,206,Available,False
UNIT01842,FAC020,O+,RBC,286,2026-07-11,2026-08-15,14,Available,False
UNIT01843,FAC020,O+,Whole Blood,397,2026-06-28,2026-08-02,1,Available,True
UNIT01844,FAC020,O+,RBC,279,2026-07-10,2026-08-14,13,Available,False
UNIT01845,FAC020,A+,Platelets,54,2026-07-28,2026-08-02,1,Available,True
UNIT01846,FAC020,O+,RBC,269,2026-07-21,2026-08-25,24,Available,False
UNIT01847,FAC020,B+,Platelets,51,2026-07-28,2026-08-02,1,Available,True
UNIT01848,FAC020,O+,Whole Blood,445,2026-07-25,2026-08-29,28,Available,False
UNIT01849,FAC020,B+,Plasma,227,2025-10-22,2026-10-22,82,Available,False
UNIT01850,FAC020,O+,RBC,293,2026-07-17,2026-08-21,20,Available,False
UNIT01851,FAC020,O+,Whole Blood,445,2026-07-19,2026-08-23,22,Available,False
UNIT01852,FAC020,A+,Plasma,215,2025-12-08,2026-12-08,129,Available,False
UNIT01853,FAC020,O-,Whole Blood,436,2026-07-13,2026-08-17,16,Reserved,False
UNIT01854,FAC020,O+,RBC,258,2026-07-25,2026-08-29,28,Available,False
UNIT01855,FAC020,B+,Whole Blood,397,2026-07-18,2026-08-22,21,Available,False
UNIT01856,FAC020,O+,Platelets,58,2026-07-27,2026-08-01,0,Available,True
UNIT01857,FAC020,O+,Whole Blood,383,2026-07-22,2026-08-26,25,Available,False
UNIT01858,FAC020,A+,Plasma,241,2026-05-05,2027-05-05,277,Available,False
UNIT01859,FAC020,B+,Whole Blood,412,2026-06-27,2026-08-01,0,Reserved,False
UNIT01860,FAC020,A+,Whole Blood,395,2026-07-12,2026-08-16,15,Available,False
UNIT01861,FAC020,A+,Platelets,55,2026-07-27,2026-08-01,0,Available,True
UNIT01862,FAC020,A+,Plasma,232,2026-02-19,2027-02-19,202,Available,False
UNIT01863,FAC021,B+,Plasma,216,2026-07-17,2027-07-17,350,Available,False
UNIT01864,FAC021,A-,Plasma,211,2026-03-25,2027-03-25,236,Available,False
UNIT01865,FAC021,B-,Platelets,57,2026-07-31,2026-08-05,4,Available,False
UNIT01866,FAC021,A+,Platelets,53,2026-07-29,2026-08-03,2,Available,False
UNIT01867,FAC021,A+,Platelets,55,2026-07-31,2026-08-05,4,Available,False
UNIT01868,FAC021,O+,RBC,292,2026-07-11,2026-08-15,14,Reserved,False
UNIT01869,FAC021,O-,Whole Blood,437,2026-07-18,2026-08-22,21,Available,False
UNIT01870,FAC021,O+,Platelets,56,2026-07-28,2026-08-02,1,Available,True
UNIT01871,FAC021,B+,Plasma,250,2026-05-26,2027-05-26,298,Reserved,False
UNIT01872,FAC021,A+,RBC,293,2026-07-20,2026-08-24,23,Available,False
UNIT01873,FAC021,B+,Platelets,50,2026-07-30,2026-08-04,3,Available,False
UNIT01874,FAC021,B+,Platelets,56,2026-07-31,2026-08-05,4,Available,False
UNIT01875,FAC021,B+,RBC,267,2026-07-08,2026-08-12,11,Available,False
UNIT01876,FAC021,O+,Platelets,53,2026-07-26,2026-07-31,-1,Expired,False
UNIT01877,FAC021,O+,Plasma,206,2026-05-09,2027-05-09,281,Available,False
UNIT01878,FAC021,O+,RBC,290,2026-07-24,2026-08-28,27,Available,False
UNIT01879,FAC021,O+,RBC,267,2026-07-26,2026-08-30,29,Available,False
UNIT01880,FAC021,O-,RBC,255,2026-07-18,2026-08-22,21,Available,False
UNIT01881,FAC021,O+,Plasma,240,2026-03-16,2027-03-16,227,Available,False
UNIT01882,FAC021,O+,RBC,282,2026-07-21,2026-08-25,24,Available,False
UNIT01883,FAC021,B+,Whole Blood,385,2026-07-21,2026-08-25,24,Available,False
UNIT01884,FAC021,O+,Plasma,211,2026-04-27,2027-04-27,269,Reserved,False
UNIT01885,FAC021,A+,Whole Blood,386,2026-07-11,2026-08-15,14,Available,False
UNIT01886,FAC021,B+,Whole Blood,412,2026-07-18,2026-08-22,21,Available,False
UNIT01887,FAC021,B+,Platelets,60,2026-07-31,2026-08-05,4,Available,False
UNIT01888,FAC021,AB+,RBC,273,2026-07-21,2026-08-25,24,Available,False
UNIT01889,FAC021,O+,Platelets,59,2026-07-31,2026-08-05,4,Available,False
UNIT01890,FAC021,B+,Whole Blood,365,2026-07-26,2026-08-30,29,Available,False
UNIT01891,FAC021,A+,RBC,256,2026-07-24,2026-08-28,27,Available,False
UNIT01892,FAC021,A+,Platelets,53,2026-07-30,2026-08-04,3,Available,False
UNIT01893,FAC021,B-,RBC,285,2026-07-28,2026-09-01,31,Available,False
UNIT01894,FAC021,O+,Platelets,51,2026-07-27,2026-08-01,0,Available,True
UNIT01895,FAC021,O+,Whole Blood,414,2026-07-17,2026-08-21,20,Available,False
UNIT01896,FAC021,O+,RBC,258,2026-07-13,2026-08-17,16,Available,False
UNIT01897,FAC021,B+,Whole Blood,444,2026-07-05,2026-08-09,8,Available,False
UNIT01898,FAC021,O+,Plasma,204,2025-12-15,2026-12-15,136,Available,False
UNIT01899,FAC021,A+,Plasma,238,2026-01-27,2027-01-27,179,Available,False
UNIT01900,FAC021,B+,RBC,287,2026-07-31,2026-09-04,34,Available,False
UNIT01901,FAC021,O+,Plasma,216,2026-02-15,2027-02-15,198,Available,False
UNIT01902,FAC021,B+,RBC,257,2026-07-22,2026-08-26,25,Available,False
UNIT01903,FAC021,A+,Whole Blood,431,2026-07-15,2026-08-19,18,Available,False
UNIT01904,FAC021,A+,Platelets,50,2026-07-27,2026-08-01,0,Available,True
UNIT01905,FAC021,O+,RBC,263,2026-06-21,2026-07-26,-6,Expired,False
UNIT01906,FAC021,B-,Whole Blood,397,2026-07-11,2026-08-15,14,Available,False
UNIT01907,FAC021,B+,Platelets,59,2026-07-29,2026-08-03,2,Available,False
UNIT01908,FAC021,B+,Whole Blood,395,2026-07-12,2026-08-16,15,Available,False
UNIT01909,FAC021,A-,Platelets,58,2026-07-31,2026-08-05,4,Reserved,False
UNIT01910,FAC021,O+,Whole Blood,433,2026-07-09,2026-08-13,12,Available,False
UNIT01911,FAC021,B+,RBC,267,2026-07-04,2026-08-08,7,Available,True
UNIT01912,FAC021,A+,Plasma,246,2026-05-20,2027-05-20,292,Available,False
UNIT01913,FAC021,B+,RBC,261,2026-06-30,2026-08-04,3,Available,True
UNIT01914,FAC021,B+,RBC,296,2026-07-24,2026-08-28,27,Available,False
UNIT01915,FAC021,A+,Platelets,52,2026-08-01,2026-08-06,5,Available,False
UNIT01916,FAC021,O+,RBC,265,2026-07-27,2026-08-31,30,Available,False
UNIT01917,FAC021,B+,Plasma,246,2026-06-03,2027-06-03,306,Available,False
UNIT01918,FAC021,O+,Whole Blood,352,2026-07-13,2026-08-17,16,Available,False
UNIT01919,FAC021,A+,Whole Blood,355,2026-07-07,2026-08-11,10,Available,False
UNIT01920,FAC021,A+,Whole Blood,426,2026-07-22,2026-08-26,25,Reserved,False
UNIT01921,FAC021,A+,Whole Blood,363,2026-06-25,2026-07-30,-2,Expired,False
UNIT01922,FAC021,AB+,Platelets,52,2026-07-28,2026-08-02,1,Available,True
UNIT01923,FAC021,B+,Plasma,230,2025-10-18,2026-10-18,78,Available,False
UNIT01924,FAC021,A+,Whole Blood,419,2026-07-15,2026-08-19,18,Available,False
UNIT01925,FAC021,A+,Whole Blood,415,2026-07-26,2026-08-30,29,Available,False
UNIT01926,FAC021,O+,Plasma,201,2026-05-23,2027-05-23,295,Reserved,False
UNIT01927,FAC021,A-,Plasma,214,2026-05-22,2027-05-22,294,Available,False
UNIT01928,FAC021,O+,Plasma,207,2025-12-14,2026-12-14,135,Available,False
UNIT01929,FAC021,B+,Whole Blood,386,2026-07-23,2026-08-27,26,Reserved,False
UNIT01930,FAC021,B+,Platelets,51,2026-07-31,2026-08-05,4,Reserved,False
UNIT01931,FAC021,O+,RBC,288,2026-07-24,2026-08-28,27,Available,False
UNIT01932,FAC021,A+,Plasma,219,2026-05-21,2027-05-21,293,Available,False
UNIT01933,FAC021,O+,Platelets,57,2026-07-30,2026-08-04,3,Available,False
UNIT01934,FAC021,O+,Platelets,51,2026-07-28,2026-08-02,1,Available,True
UNIT01935,FAC021,O+,RBC,259,2026-07-06,2026-08-10,9,Available,False
UNIT01936,FAC021,B+,Plasma,227,2025-10-18,2026-10-18,78,Available,False
UNIT01937,FAC021,O+,Platelets,52,2026-07-31,2026-08-05,4,Available,False
UNIT01938,FAC021,A+,Plasma,230,2026-03-31,2027-03-31,242,Available,False
UNIT01939,FAC021,O+,Plasma,208,2026-01-14,2027-01-14,166,Available,False
UNIT01940,FAC021,O+,RBC,284,2026-07-19,2026-08-23,22,Available,False
UNIT01941,FAC021,B-,RBC,276,2026-07-19,2026-08-23,22,Available,False
UNIT01942,FAC021,B+,RBC,250,2026-07-09,2026-08-13,12,Available,False
UNIT01943,FAC021,A+,Whole Blood,367,2026-07-20,2026-08-24,23,Available,False
UNIT01944,FAC021,O+,Whole Blood,449,2026-06-29,2026-08-03,2,Available,True
UNIT01945,FAC021,O+,Platelets,58,2026-07-30,2026-08-04,3,Available,False
UNIT01946,FAC021,O+,Plasma,203,2026-04-28,2027-04-28,270,Available,False
UNIT01947,FAC021,O+,Whole Blood,440,2026-06-25,2026-07-30,-2,Expired,False
UNIT01948,FAC021,A+,Whole Blood,356,2026-07-10,2026-08-14,13,Available,False
UNIT01949,FAC021,O+,Whole Blood,370,2026-07-17,2026-08-21,20,Available,False
UNIT01950,FAC021,A+,Platelets,50,2026-07-31,2026-08-05,4,Available,False
UNIT01951,FAC021,AB+,Plasma,247,2026-05-21,2027-05-21,293,Available,False
UNIT01952,FAC021,A+,Platelets,57,2026-07-30,2026-08-04,3,Available,False
UNIT01953,FAC021,O+,Whole Blood,432,2026-07-22,2026-08-26,25,Available,False
UNIT01954,FAC021,A+,RBC,277,2026-07-16,2026-08-20,19,Available,False
UNIT01955,FAC021,O+,Plasma,236,2026-01-30,2027-01-30,182,Available,False
UNIT01956,FAC021,B+,RBC,255,2026-07-18,2026-08-22,21,Available,False
UNIT01957,FAC021,B+,RBC,253,2026-07-08,2026-08-12,11,Available,False
UNIT01958,FAC021,A-,RBC,288,2026-07-04,2026-08-08,7,Reserved,False
UNIT01959,FAC021,O+,Plasma,225,2026-02-23,2027-02-23,206,Available,False
UNIT01960,FAC021,O+,RBC,277,2026-07-28,2026-09-01,31,Available,False
UNIT01961,FAC021,A+,Whole Blood,449,2026-07-26,2026-08-30,29,Available,False
UNIT01962,FAC021,O+,Whole Blood,363,2026-07-23,2026-08-27,26,Available,False
UNIT01963,FAC021,A+,Whole Blood,420,2026-07-07,2026-08-11,10,Available,False
UNIT01964,FAC021,A+,Whole Blood,422,2026-07-23,2026-08-27,26,Available,False
UNIT01965,FAC021,AB+,Plasma,219,2026-06-22,2027-06-22,325,Available,False
UNIT01966,FAC021,A+,Platelets,58,2026-07-28,2026-08-02,1,Reserved,False
UNIT01967,FAC021,A+,Plasma,244,2025-11-28,2026-11-28,119,Reserved,False
UNIT01968,FAC021,O+,Platelets,51,2026-07-30,2026-08-04,3,Available,False
UNIT01969,FAC021,B+,RBC,280,2026-07-29,2026-09-02,32,Available,False
UNIT01970,FAC021,AB+,Whole Blood,409,2026-07-22,2026-08-26,25,Available,False
UNIT01971,FAC021,A+,Whole Blood,379,2026-06-26,2026-07-31,-1,Expired,False
UNIT01972,FAC021,O+,RBC,282,2026-07-07,2026-08-11,10,Available,False
UNIT01973,FAC021,B+,Platelets,54,2026-07-30,2026-08-04,3,Available,False
UNIT01974,FAC021,B+,Plasma,243,2026-06-25,2027-06-25,328,Available,False
UNIT01975,FAC021,B+,RBC,288,2026-06-19,2026-07-24,-8,Expired,False
UNIT01976,FAC021,A+,RBC,256,2026-07-14,2026-08-18,17,Reserved,False
UNIT01977,FAC021,O+,RBC,300,2026-07-07,2026-08-11,10,Available,False
UNIT01978,FAC021,O+,Plasma,218,2026-06-05,2027-06-05,308,Available,False
UNIT01979,FAC021,A+,Platelets,51,2026-07-29,2026-08-03,2,Available,False
UNIT01980,FAC021,A+,Plasma,216,2026-04-24,2027-04-24,266,Available,False
UNIT01981,FAC021,O+,Plasma,207,2025-12-28,2026-12-28,149,Available,False
UNIT01982,FAC021,O+,Plasma,225,2026-06-25,2027-06-25,328,Available,False
UNIT01983,FAC021,B+,RBC,289,2026-07-18,2026-08-22,21,Available,False
UNIT01984,FAC021,O+,Platelets,57,2026-07-31,2026-08-05,4,Available,False
UNIT01985,FAC021,B+,Whole Blood,444,2026-07-12,2026-08-16,15,Available,False
UNIT01986,FAC021,O+,Whole Blood,398,2026-07-25,2026-08-29,28,Available,False
UNIT01987,FAC021,A+,Plasma,229,2025-09-27,2026-09-27,57,Available,True
UNIT01988,FAC021,O+,Platelets,57,2026-07-30,2026-08-04,3,Available,False
UNIT01989,FAC021,A+,RBC,275,2026-07-08,2026-08-12,11,Reserved,False
UNIT01990,FAC021,O+,RBC,271,2026-07-19,2026-08-23,22,Available,False
UNIT01991,FAC021,O-,Plasma,207,2026-05-06,2027-05-06,278,Available,False
UNIT01992,FAC021,B+,Whole Blood,368,2026-07-15,2026-08-19,18,Reserved,False
UNIT01993,FAC021,O+,Platelets,56,2026-07-29,2026-08-03,2,Reserved,False
UNIT01994,FAC021,A+,Platelets,53,2026-07-28,2026-08-02,1,Reserved,False
UNIT01995,FAC021,A+,Whole Blood,437,2026-06-26,2026-07-31,-1,Expired,False
UNIT01996,FAC021,B+,Platelets,51,2026-07-29,2026-08-03,2,Available,False
UNIT01997,FAC021,B+,Whole Blood,403,2026-07-22,2026-08-26,25,Available,False
UNIT01998,FAC021,B+,Platelets,56,2026-07-31,2026-08-05,4,Available,False
UNIT01999,FAC021,B+,Platelets,56,2026-07-31,2026-08-05,4,Available,False
UNIT02000,FAC021,B+,RBC,277,2026-06-24,2026-07-29,-3,Expired,False
UNIT02001,FAC021,B+,Plasma,238,2025-10-14,2026-10-14,74,Available,False
UNIT02002,FAC021,A+,RBC,296,2026-07-21,2026-08-25,24,Reserved,False
UNIT02003,FAC021,O+,Platelets,52,2026-08-01,2026-08-06,5,Reserved,False
UNIT02004,FAC021,B+,Platelets,56,2026-07-31,2026-08-05,4,Reserved,False
UNIT02005,FAC021,B+,Whole Blood,366,2026-06-21,2026-07-26,-6,Expired,False
UNIT02006,FAC021,O+,Whole Blood,374,2026-07-29,2026-09-02,32,Available,False
UNIT02007,FAC021,B+,RBC,263,2026-07-13,2026-08-17,16,Available,False
UNIT02008,FAC021,O+,Whole Blood,388,2026-07-20,2026-08-24,23,Available,False
UNIT02009,FAC021,O+,Whole Blood,408,2026-07-09,2026-08-13,12,Available,False
UNIT02010,FAC021,B+,Platelets,58,2026-07-30,2026-08-04,3,Available,False
UNIT02011,FAC021,O+,Platelets,56,2026-07-31,2026-08-05,4,Available,False
UNIT02012,FAC021,B+,RBC,292,2026-07-15,2026-08-19,18,Available,False
UNIT02013,FAC021,O+,Plasma,206,2026-01-03,2027-01-03,155,Available,False
UNIT02014,FAC021,O-,Whole Blood,402,2026-07-27,2026-08-31,30,Available,False
UNIT02015,FAC021,A+,Whole Blood,354,2026-07-12,2026-08-16,15,Available,False
UNIT02016,FAC021,O+,Plasma,235,2026-05-06,2027-05-06,278,Available,False
UNIT02017,FAC021,B+,RBC,272,2026-07-02,2026-08-06,5,Reserved,False
UNIT02018,FAC021,O+,Plasma,245,2026-03-14,2027-03-14,225,Available,False
UNIT02019,FAC021,O+,Plasma,214,2026-07-16,2027-07-16,349,Available,False
UNIT02020,FAC021,B+,Platelets,56,2026-07-28,2026-08-02,1,Available,True
UNIT02021,FAC021,O+,Whole Blood,351,2026-06-30,2026-08-04,3,Available,True
UNIT02022,FAC021,A+,Platelets,59,2026-07-28,2026-08-02,1,Available,True
UNIT02023,FAC021,B+,RBC,277,2026-06-25,2026-07-30,-2,Expired,False
UNIT02024,FAC021,B+,Plasma,203,2026-05-11,2027-05-11,283,Available,False
UNIT02025,FAC022,A+,Whole Blood,450,2026-07-16,2026-08-20,19,Available,False
UNIT02026,FAC022,AB+,Platelets,52,2026-07-27,2026-08-01,0,Available,True
UNIT02027,FAC022,O+,Whole Blood,351,2026-07-27,2026-08-31,30,Available,False
UNIT02028,FAC022,O+,Platelets,58,2026-07-31,2026-08-05,4,Available,False
UNIT02029,FAC022,O+,Whole Blood,443,2026-07-14,2026-08-18,17,Available,False
UNIT02030,FAC022,A+,RBC,261,2026-07-12,2026-08-16,15,Available,False
UNIT02031,FAC022,A+,Whole Blood,381,2026-07-22,2026-08-26,25,Available,False
UNIT02032,FAC022,O+,RBC,267,2026-07-07,2026-08-11,10,Available,False
UNIT02033,FAC022,A+,Whole Blood,424,2026-07-12,2026-08-16,15,Available,False
UNIT02034,FAC022,O+,Whole Blood,363,2026-07-17,2026-08-21,20,Available,False
UNIT02035,FAC022,A+,RBC,281,2026-06-30,2026-08-04,3,Available,True
UNIT02036,FAC022,O+,Whole Blood,352,2026-07-19,2026-08-23,22,Available,False
UNIT02037,FAC022,AB+,RBC,254,2026-06-25,2026-07-30,-2,Expired,False
UNIT02038,FAC022,A+,RBC,278,2026-07-20,2026-08-24,23,Available,False
UNIT02039,FAC022,O+,Whole Blood,434,2026-07-22,2026-08-26,25,Reserved,False
UNIT02040,FAC022,O+,Platelets,55,2026-07-28,2026-08-02,1,Available,True
UNIT02041,FAC022,O-,RBC,288,2026-06-19,2026-07-24,-8,Expired,False
UNIT02042,FAC022,O+,Whole Blood,365,2026-07-15,2026-08-19,18,Available,False
UNIT02043,FAC022,A+,Whole Blood,447,2026-07-15,2026-08-19,18,Available,False
UNIT02044,FAC022,A+,RBC,270,2026-07-26,2026-08-30,29,Available,False
UNIT02045,FAC022,A+,Whole Blood,384,2026-07-08,2026-08-12,11,Reserved,False
UNIT02046,FAC022,A+,Whole Blood,394,2026-06-26,2026-07-31,-1,Expired,False
UNIT02047,FAC022,O+,Platelets,57,2026-07-31,2026-08-05,4,Available,False
UNIT02048,FAC022,AB+,RBC,262,2026-06-28,2026-08-02,1,Available,True
UNIT02049,FAC022,O+,Platelets,59,2026-07-31,2026-08-05,4,Available,False
UNIT02050,FAC022,O+,Platelets,57,2026-07-30,2026-08-04,3,Available,False
UNIT02051,FAC022,AB+,RBC,270,2026-07-18,2026-08-22,21,Available,False
UNIT02052,FAC022,O+,Platelets,55,2026-07-30,2026-08-04,3,Available,False
UNIT02053,FAC022,AB+,Platelets,50,2026-07-28,2026-08-02,1,Available,True
UNIT02054,FAC022,O+,RBC,291,2026-07-13,2026-08-17,16,Available,False
UNIT02055,FAC022,O+,Platelets,52,2026-07-30,2026-08-04,3,Available,False
UNIT02056,FAC022,O+,RBC,254,2026-07-06,2026-08-10,9,Available,False
UNIT02057,FAC022,A+,RBC,257,2026-07-20,2026-08-24,23,Available,False
UNIT02058,FAC022,A+,Platelets,57,2026-08-01,2026-08-06,5,Available,False
UNIT02059,FAC022,O+,RBC,274,2026-06-30,2026-08-04,3,Available,True
UNIT02060,FAC022,A+,Whole Blood,385,2026-07-15,2026-08-19,18,Available,False
UNIT02061,FAC022,O+,Platelets,56,2026-07-31,2026-08-05,4,Reserved,False
UNIT02062,FAC022,O+,RBC,262,2026-07-21,2026-08-25,24,Available,False
UNIT02063,FAC022,A+,RBC,276,2026-07-16,2026-08-20,19,Reserved,False
UNIT02064,FAC022,A+,RBC,274,2026-07-25,2026-08-29,28,Available,False
UNIT02065,FAC022,A+,Whole Blood,423,2026-07-22,2026-08-26,25,Available,False
UNIT02066,FAC022,O-,RBC,275,2026-07-22,2026-08-26,25,Available,False
UNIT02067,FAC022,A+,Platelets,60,2026-07-27,2026-08-01,0,Available,True
UNIT02068,FAC022,A+,RBC,296,2026-07-26,2026-08-30,29,Available,False
UNIT02069,FAC022,A+,RBC,285,2026-07-07,2026-08-11,10,Available,False
UNIT02070,FAC022,O+,RBC,294,2026-07-13,2026-08-17,16,Available,False
UNIT02071,FAC022,O-,RBC,257,2026-07-03,2026-08-07,6,Reserved,False
UNIT02072,FAC022,O+,Platelets,50,2026-07-31,2026-08-05,4,Available,False
UNIT02073,FAC022,A+,RBC,264,2026-07-02,2026-08-06,5,Available,True
UNIT02074,FAC022,A+,Whole Blood,418,2026-07-08,2026-08-12,11,Available,False
UNIT02075,FAC022,O-,Platelets,50,2026-07-28,2026-08-02,1,Available,True
UNIT02076,FAC022,A+,RBC,289,2026-07-27,2026-08-31,30,Available,False
UNIT02077,FAC022,O+,RBC,258,2026-07-22,2026-08-26,25,Available,False
UNIT02078,FAC022,O+,Whole Blood,446,2026-07-26,2026-08-30,29,Available,False
UNIT02079,FAC022,O+,RBC,283,2026-07-12,2026-08-16,15,Available,False
UNIT02080,FAC022,O+,Platelets,54,2026-07-30,2026-08-04,3,Available,False
UNIT02081,FAC022,A-,Platelets,54,2026-07-30,2026-08-04,3,Available,False
UNIT02082,FAC022,O+,RBC,292,2026-07-14,2026-08-18,17,Available,False
UNIT02083,FAC022,O+,Whole Blood,413,2026-07-10,2026-08-14,13,Available,False
UNIT02084,FAC022,A+,Whole Blood,399,2026-07-11,2026-08-15,14,Available,False
UNIT02085,FAC022,A+,Whole Blood,447,2026-07-20,2026-08-24,23,Available,False
UNIT02086,FAC022,O+,RBC,279,2026-07-07,2026-08-11,10,Available,False
UNIT02087,FAC022,O+,Platelets,55,2026-07-31,2026-08-05,4,Available,False
UNIT02088,FAC022,AB+,RBC,299,2026-07-02,2026-08-06,5,Available,True
UNIT02089,FAC022,AB+,Whole Blood,389,2026-07-22,2026-08-26,25,Available,False
UNIT02090,FAC022,O+,Platelets,51,2026-07-29,2026-08-03,2,Available,False
UNIT02091,FAC022,O+,Whole Blood,384,2026-07-30,2026-09-03,33,Available,False
UNIT02092,FAC022,A+,Platelets,51,2026-07-30,2026-08-04,3,Available,False
UNIT02093,FAC022,O+,Whole Blood,400,2026-07-20,2026-08-24,23,Available,False
UNIT02094,FAC022,O+,Platelets,55,2026-07-30,2026-08-04,3,Available,False
UNIT02095,FAC022,A+,Platelets,53,2026-07-30,2026-08-04,3,Reserved,False
UNIT02096,FAC022,A+,RBC,288,2026-07-24,2026-08-28,27,Available,False
UNIT02097,FAC022,O+,RBC,265,2026-07-26,2026-08-30,29,Available,False
UNIT02098,FAC022,O+,Whole Blood,423,2026-07-26,2026-08-30,29,Reserved,False
UNIT02099,FAC022,A+,Whole Blood,429,2026-07-15,2026-08-19,18,Available,False
UNIT02100,FAC022,O+,RBC,296,2026-07-19,2026-08-23,22,Available,False
UNIT02101,FAC022,O+,Platelets,53,2026-07-31,2026-08-05,4,Available,False
UNIT02102,FAC022,AB+,RBC,250,2026-07-09,2026-08-13,12,Available,False
UNIT02103,FAC022,A+,Platelets,54,2026-07-27,2026-08-01,0,Available,True
UNIT02104,FAC023,B+,Whole Blood,359,2026-07-24,2026-08-28,27,Available,False
UNIT02105,FAC023,A+,Whole Blood,424,2026-07-13,2026-08-17,16,Reserved,False
UNIT02106,FAC023,A+,Whole Blood,352,2026-07-17,2026-08-21,20,Available,False
UNIT02107,FAC023,AB+,RBC,260,2026-07-03,2026-08-07,6,Available,True
UNIT02108,FAC023,O+,Whole Blood,392,2026-07-26,2026-08-30,29,Available,False
UNIT02109,FAC023,B+,Platelets,60,2026-07-30,2026-08-04,3,Available,False
UNIT02110,FAC023,B+,RBC,269,2026-07-17,2026-08-21,20,Available,False
UNIT02111,FAC023,O+,Platelets,59,2026-07-28,2026-08-02,1,Available,True
UNIT02112,FAC023,B+,RBC,251,2026-07-10,2026-08-14,13,Available,False
UNIT02113,FAC023,A+,RBC,259,2026-07-02,2026-08-06,5,Available,True
UNIT02114,FAC023,B+,Whole Blood,405,2026-07-23,2026-08-27,26,Available,False
UNIT02115,FAC023,B+,Platelets,56,2026-07-31,2026-08-05,4,Reserved,False
UNIT02116,FAC023,O+,RBC,278,2026-07-01,2026-08-05,4,Available,True
UNIT02117,FAC023,O-,Platelets,55,2026-07-31,2026-08-05,4,Reserved,False
UNIT02118,FAC023,O+,RBC,267,2026-07-13,2026-08-17,16,Reserved,False
UNIT02119,FAC023,B+,Whole Blood,428,2026-07-14,2026-08-18,17,Available,False
UNIT02120,FAC023,A+,RBC,272,2026-07-14,2026-08-18,17,Available,False
UNIT02121,FAC023,B+,Whole Blood,409,2026-07-16,2026-08-20,19,Available,False
UNIT02122,FAC023,O+,Platelets,60,2026-07-27,2026-08-01,0,Available,True
UNIT02123,FAC023,A+,RBC,250,2026-07-22,2026-08-26,25,Available,False
UNIT02124,FAC023,B+,Whole Blood,356,2026-07-22,2026-08-26,25,Available,False
UNIT02125,FAC023,B+,Whole Blood,350,2026-07-18,2026-08-22,21,Available,False
UNIT02126,FAC023,A+,Whole Blood,414,2026-07-20,2026-08-24,23,Available,False
UNIT02127,FAC023,O+,Platelets,54,2026-07-31,2026-08-05,4,Available,False
UNIT02128,FAC023,A+,Platelets,51,2026-07-31,2026-08-05,4,Available,False
UNIT02129,FAC023,B+,Whole Blood,436,2026-07-17,2026-08-21,20,Available,False
UNIT02130,FAC023,O+,RBC,266,2026-07-19,2026-08-23,22,Reserved,False
UNIT02131,FAC023,O+,Platelets,60,2026-07-30,2026-08-04,3,Available,False
UNIT02132,FAC023,O+,Platelets,54,2026-07-31,2026-08-05,4,Available,False
UNIT02133,FAC023,A+,Platelets,54,2026-07-31,2026-08-05,4,Available,False
UNIT02134,FAC023,AB+,Platelets,56,2026-07-30,2026-08-04,3,Available,False
UNIT02135,FAC023,A+,Platelets,60,2026-07-30,2026-08-04,3,Available,False
UNIT02136,FAC023,O+,RBC,276,2026-07-20,2026-08-24,23,Available,False
UNIT02137,FAC023,B+,Platelets,51,2026-08-01,2026-08-06,5,Available,False
UNIT02138,FAC023,O+,Platelets,59,2026-07-27,2026-08-01,0,Available,True
UNIT02139,FAC023,B+,Whole Blood,387,2026-07-12,2026-08-16,15,Reserved,False
UNIT02140,FAC023,A+,RBC,279,2026-07-26,2026-08-30,29,Available,False
UNIT02141,FAC023,O+,Platelets,50,2026-07-30,2026-08-04,3,Available,False
UNIT02142,FAC023,B+,Platelets,54,2026-07-31,2026-08-05,4,Available,False
UNIT02143,FAC023,AB+,Platelets,59,2026-07-30,2026-08-04,3,Available,False
UNIT02144,FAC023,O+,Platelets,58,2026-07-29,2026-08-03,2,Available,False
UNIT02145,FAC023,A+,Platelets,60,2026-07-27,2026-08-01,0,Available,True
UNIT02146,FAC023,O+,Whole Blood,350,2026-07-21,2026-08-25,24,Available,False
UNIT02147,FAC023,O+,Platelets,50,2026-07-29,2026-08-03,2,Available,False
UNIT02148,FAC023,A+,Whole Blood,363,2026-07-16,2026-08-20,19,Available,False
UNIT02149,FAC023,B+,Platelets,51,2026-07-30,2026-08-04,3,Available,False
UNIT02150,FAC023,B+,RBC,265,2026-06-22,2026-07-27,-5,Expired,False
UNIT02151,FAC023,O+,Platelets,57,2026-07-31,2026-08-05,4,Available,False
UNIT02152,FAC023,O+,Platelets,50,2026-07-31,2026-08-05,4,Available,False
UNIT02153,FAC023,A+,Platelets,58,2026-07-29,2026-08-03,2,Available,False
UNIT02154,FAC023,A+,RBC,287,2026-07-22,2026-08-26,25,Available,False
UNIT02155,FAC023,B+,Platelets,51,2026-07-31,2026-08-05,4,Available,False
UNIT02156,FAC023,B+,RBC,257,2026-07-25,2026-08-29,28,Available,False
UNIT02157,FAC023,AB+,Whole Blood,433,2026-07-14,2026-08-18,17,Available,False
UNIT02158,FAC023,O+,Platelets,55,2026-07-30,2026-08-04,3,Reserved,False
UNIT02159,FAC023,O+,RBC,250,2026-07-01,2026-08-05,4,Available,True
UNIT02160,FAC023,O-,RBC,263,2026-07-16,2026-08-20,19,Available,False
UNIT02161,FAC023,B+,Platelets,52,2026-07-30,2026-08-04,3,Available,False
UNIT02162,FAC023,O+,RBC,279,2026-07-11,2026-08-15,14,Available,False
UNIT02163,FAC023,O+,Whole Blood,388,2026-07-22,2026-08-26,25,Available,False
UNIT02164,FAC023,O+,Whole Blood,398,2026-06-29,2026-08-03,2,Available,True
UNIT02165,FAC023,O+,Platelets,58,2026-07-29,2026-08-03,2,Available,False
UNIT02166,FAC023,O+,Platelets,59,2026-07-31,2026-08-05,4,Available,False
UNIT02167,FAC023,O+,RBC,254,2026-07-13,2026-08-17,16,Available,False
UNIT02168,FAC023,A+,Platelets,51,2026-07-31,2026-08-05,4,Available,False
UNIT02169,FAC023,B+,Platelets,53,2026-07-30,2026-08-04,3,Available,False
UNIT02170,FAC023,A+,Whole Blood,403,2026-07-08,2026-08-12,11,Available,False
UNIT02171,FAC023,O+,Whole Blood,445,2026-07-13,2026-08-17,16,Available,False
UNIT02172,FAC023,A+,RBC,261,2026-07-13,2026-08-17,16,Available,False
UNIT02173,FAC023,B+,Platelets,60,2026-07-30,2026-08-04,3,Available,False
UNIT02174,FAC023,AB+,Whole Blood,436,2026-07-24,2026-08-28,27,Available,False
UNIT02175,FAC023,B+,Whole Blood,417,2026-07-08,2026-08-12,11,Available,False
UNIT02176,FAC023,O+,Whole Blood,435,2026-07-27,2026-08-31,30,Available,False
UNIT02177,FAC023,A+,Whole Blood,396,2026-07-05,2026-08-09,8,Reserved,False
UNIT02178,FAC023,O+,Platelets,52,2026-07-30,2026-08-04,3,Available,False
UNIT02179,FAC023,O+,Platelets,53,2026-07-29,2026-08-03,2,Available,False
UNIT02180,FAC023,AB+,RBC,285,2026-07-16,2026-08-20,19,Available,False
UNIT02181,FAC023,O+,Whole Blood,359,2026-07-18,2026-08-22,21,Available,False
UNIT02182,FAC023,AB+,Whole Blood,365,2026-07-06,2026-08-10,9,Available,False
UNIT02183,FAC023,B+,Whole Blood,378,2026-07-13,2026-08-17,16,Available,False
UNIT02184,FAC023,O+,RBC,295,2026-06-28,2026-08-02,1,Available,True
UNIT02185,FAC023,B+,Whole Blood,359,2026-06-24,2026-07-29,-3,Expired,False
UNIT02186,FAC023,B-,Whole Blood,414,2026-07-03,2026-08-07,6,Reserved,False
UNIT02187,FAC024,B+,Whole Blood,367,2026-07-21,2026-08-25,24,Available,False
UNIT02188,FAC024,A+,Platelets,50,2026-07-30,2026-08-04,3,Available,False
UNIT02189,FAC024,B+,Whole Blood,428,2026-07-05,2026-08-09,8,Available,False
UNIT02190,FAC024,O+,Whole Blood,403,2026-07-20,2026-08-24,23,Available,False
UNIT02191,FAC024,AB+,Platelets,57,2026-07-27,2026-08-01,0,Reserved,False
UNIT02192,FAC024,O+,RBC,281,2026-07-09,2026-08-13,12,Available,False
UNIT02193,FAC024,B+,Platelets,53,2026-07-30,2026-08-04,3,Available,False
UNIT02194,FAC024,A+,Whole Blood,375,2026-07-29,2026-09-02,32,Available,False
UNIT02195,FAC024,B-,RBC,285,2026-07-10,2026-08-14,13,Available,False
UNIT02196,FAC024,B+,RBC,277,2026-07-07,2026-08-11,10,Available,False
UNIT02197,FAC024,O+,Platelets,59,2026-07-31,2026-08-05,4,Available,False
UNIT02198,FAC024,O-,RBC,253,2026-07-20,2026-08-24,23,Available,False
UNIT02199,FAC024,B+,Whole Blood,445,2026-07-13,2026-08-17,16,Available,False
UNIT02200,FAC024,O+,Platelets,50,2026-07-29,2026-08-03,2,Reserved,False
UNIT02201,FAC024,O+,Whole Blood,366,2026-07-05,2026-08-09,8,Available,False
UNIT02202,FAC024,B+,RBC,291,2026-07-28,2026-09-01,31,Available,False
UNIT02203,FAC024,O+,RBC,292,2026-07-26,2026-08-30,29,Available,False
UNIT02204,FAC024,A+,Whole Blood,376,2026-07-27,2026-08-31,30,Reserved,False
UNIT02205,FAC024,B+,Platelets,53,2026-07-28,2026-08-02,1,Reserved,False
UNIT02206,FAC024,B+,RBC,268,2026-06-27,2026-08-01,0,Available,True
UNIT02207,FAC024,O+,Whole Blood,439,2026-07-15,2026-08-19,18,Available,False
UNIT02208,FAC024,AB+,Whole Blood,440,2026-07-28,2026-09-01,31,Reserved,False
UNIT02209,FAC024,O+,RBC,258,2026-07-22,2026-08-26,25,Available,False
UNIT02210,FAC024,O+,Platelets,53,2026-07-31,2026-08-05,4,Available,False
UNIT02211,FAC024,A+,Platelets,53,2026-07-28,2026-08-02,1,Available,True
UNIT02212,FAC024,O+,Platelets,50,2026-07-28,2026-08-02,1,Reserved,False
UNIT02213,FAC024,B+,Whole Blood,388,2026-07-22,2026-08-26,25,Available,False
UNIT02214,FAC024,O+,Whole Blood,399,2026-07-28,2026-09-01,31,Available,False
UNIT02215,FAC024,B+,RBC,263,2026-07-19,2026-08-23,22,Available,False
UNIT02216,FAC024,B+,Platelets,54,2026-07-30,2026-08-04,3,Available,False
UNIT02217,FAC024,A+,RBC,298,2026-06-27,2026-08-01,0,Reserved,False
UNIT02218,FAC024,O+,RBC,298,2026-07-05,2026-08-09,8,Available,False
UNIT02219,FAC024,A+,Platelets,56,2026-07-28,2026-08-02,1,Available,True
UNIT02220,FAC024,O+,Platelets,58,2026-07-28,2026-08-02,1,Available,True
UNIT02221,FAC024,B+,Platelets,58,2026-07-27,2026-08-01,0,Available,True
UNIT02222,FAC024,B+,Platelets,54,2026-07-29,2026-08-03,2,Available,False
UNIT02223,FAC024,A+,RBC,265,2026-07-17,2026-08-21,20,Reserved,False
UNIT02224,FAC024,A+,Whole Blood,385,2026-07-22,2026-08-26,25,Available,False
UNIT02225,FAC024,A+,Whole Blood,423,2026-07-07,2026-08-11,10,Available,False
UNIT02226,FAC024,B+,Platelets,54,2026-07-31,2026-08-05,4,Available,False
UNIT02227,FAC024,O+,Platelets,60,2026-08-01,2026-08-06,5,Available,False
UNIT02228,FAC024,B+,RBC,251,2026-07-03,2026-08-07,6,Available,True
UNIT02229,FAC024,B+,RBC,290,2026-07-29,2026-09-02,32,Available,False
UNIT02230,FAC024,O+,Whole Blood,360,2026-07-19,2026-08-23,22,Available,False
UNIT02231,FAC024,B+,Platelets,57,2026-07-30,2026-08-04,3,Reserved,False
UNIT02232,FAC024,A+,RBC,264,2026-07-23,2026-08-27,26,Available,False
UNIT02233,FAC024,O+,Whole Blood,379,2026-07-02,2026-08-06,5,Available,True
UNIT02234,FAC024,A+,Whole Blood,406,2026-07-24,2026-08-28,27,Available,False
UNIT02235,FAC024,AB+,Whole Blood,441,2026-07-14,2026-08-18,17,Available,False
UNIT02236,FAC024,O-,RBC,272,2026-07-30,2026-09-03,33,Available,False
UNIT02237,FAC024,AB+,Whole Blood,359,2026-07-13,2026-08-17,16,Available,False
UNIT02238,FAC024,B+,Whole Blood,391,2026-07-16,2026-08-20,19,Available,False
UNIT02239,FAC024,AB+,Platelets,54,2026-07-30,2026-08-04,3,Available,False
UNIT02240,FAC024,A+,RBC,276,2026-07-13,2026-08-17,16,Available,False
UNIT02241,FAC024,O+,RBC,289,2026-07-17,2026-08-21,20,Reserved,False
UNIT02242,FAC024,A+,RBC,287,2026-07-28,2026-09-01,31,Reserved,False
UNIT02243,FAC024,A+,Platelets,58,2026-07-31,2026-08-05,4,Available,False
UNIT02244,FAC024,O+,Platelets,59,2026-07-30,2026-08-04,3,Available,False
UNIT02245,FAC024,A+,Platelets,60,2026-07-31,2026-08-05,4,Available,False
UNIT02246,FAC024,A+,Whole Blood,378,2026-06-25,2026-07-30,-2,Expired,False
UNIT02247,FAC024,AB+,Platelets,58,2026-07-29,2026-08-03,2,Available,False
UNIT02248,FAC024,O+,Platelets,60,2026-07-28,2026-08-02,1,Available,True
UNIT02249,FAC024,B+,RBC,286,2026-07-21,2026-08-25,24,Available,False
UNIT02250,FAC024,B+,Whole Blood,396,2026-07-21,2026-08-25,24,Available,False
UNIT02251,FAC024,A-,RBC,265,2026-07-08,2026-08-12,11,Available,False
UNIT02252,FAC024,B+,RBC,282,2026-07-20,2026-08-24,23,Available,False
UNIT02253,FAC024,A+,RBC,278,2026-07-11,2026-08-15,14,Available,False
UNIT02254,FAC024,O+,Whole Blood,366,2026-07-14,2026-08-18,17,Available,False
UNIT02255,FAC024,O+,Whole Blood,424,2026-07-06,2026-08-10,9,Available,False
UNIT02256,FAC024,O+,Platelets,55,2026-07-31,2026-08-05,4,Available,False
UNIT02257,FAC024,A+,RBC,286,2026-07-18,2026-08-22,21,Reserved,False
UNIT02258,FAC024,B+,Whole Blood,351,2026-06-30,2026-08-04,3,Available,True
UNIT02259,FAC024,A+,RBC,280,2026-07-22,2026-08-26,25,Available,False
UNIT02260,FAC025,A+,Whole Blood,371,2026-07-04,2026-08-08,7,Available,True
UNIT02261,FAC025,O-,Whole Blood,399,2026-07-16,2026-08-20,19,Available,False
UNIT02262,FAC025,O+,Whole Blood,380,2026-07-26,2026-08-30,29,Available,False
UNIT02263,FAC025,O+,Whole Blood,393,2026-07-21,2026-08-25,24,Available,False
UNIT02264,FAC025,O+,Whole Blood,355,2026-06-20,2026-07-25,-7,Expired,False
UNIT02265,FAC025,A+,Whole Blood,402,2026-06-26,2026-07-31,-1,Expired,False
UNIT02266,FAC025,O+,Whole Blood,367,2026-07-22,2026-08-26,25,Available,False
UNIT02267,FAC025,O+,Whole Blood,425,2026-07-25,2026-08-29,28,Available,False
UNIT02268,FAC025,B+,Whole Blood,415,2026-07-19,2026-08-23,22,Available,False
UNIT02269,FAC025,O+,Whole Blood,362,2026-06-26,2026-07-31,-1,Expired,False
UNIT02270,FAC025,A+,Whole Blood,417,2026-07-20,2026-08-24,23,Available,False
UNIT02271,FAC025,O+,Whole Blood,446,2026-07-22,2026-08-26,25,Available,False
UNIT02272,FAC025,A+,Whole Blood,443,2026-07-28,2026-09-01,31,Reserved,False
UNIT02273,FAC025,A+,Whole Blood,362,2026-07-14,2026-08-18,17,Available,False
UNIT02274,FAC025,B+,Whole Blood,406,2026-07-26,2026-08-30,29,Available,False
UNIT02275,FAC025,A+,Whole Blood,427,2026-07-22,2026-08-26,25,Reserved,False
UNIT02276,FAC025,O+,Whole Blood,376,2026-07-11,2026-08-15,14,Available,False
UNIT02277,FAC025,B+,Whole Blood,419,2026-07-29,2026-09-02,32,Reserved,False
UNIT02278,FAC025,B+,Whole Blood,353,2026-07-31,2026-09-04,34,Available,False
UNIT02279,FAC025,B+,Whole Blood,443,2026-06-27,2026-08-01,0,Available,True
UNIT02280,FAC025,B+,Whole Blood,364,2026-07-04,2026-08-08,7,Available,True
UNIT02281,FAC025,O+,Whole Blood,383,2026-07-18,2026-08-22,21,Available,False
UNIT02282,FAC025,A+,Whole Blood,443,2026-06-20,2026-07-25,-7,Expired,False
UNIT02283,FAC025,O+,Whole Blood,378,2026-07-05,2026-08-09,8,Available,False
UNIT02284,FAC025,O+,Whole Blood,408,2026-07-25,2026-08-29,28,Available,False
UNIT02285,FAC025,O+,Whole Blood,354,2026-07-09,2026-08-13,12,Available,False
UNIT02286,FAC025,B+,Whole Blood,430,2026-07-24,2026-08-28,27,Available,False
UNIT02287,FAC025,A+,Whole Blood,378,2026-07-23,2026-08-27,26,Available,False
UNIT02288,FAC025,O+,Whole Blood,373,2026-07-17,2026-08-21,20,Available,False
UNIT02289,FAC025,O+,Whole Blood,361,2026-07-26,2026-08-30,29,Available,False
UNIT02290,FAC025,O+,Whole Blood,421,2026-07-31,2026-09-04,34,Available,False
UNIT02291,FAC026,O+,Whole Blood,398,2026-07-18,2026-08-22,21,Available,False
UNIT02292,FAC026,O+,Whole Blood,434,2026-07-12,2026-08-16,15,Available,False
UNIT02293,FAC026,O+,Whole Blood,435,2026-07-03,2026-08-07,6,Available,True
UNIT02294,FAC026,B+,Whole Blood,387,2026-07-13,2026-08-17,16,Available,False
UNIT02295,FAC026,A+,Whole Blood,446,2026-06-25,2026-07-30,-2,Expired,False
UNIT02296,FAC026,O+,Whole Blood,391,2026-06-24,2026-07-29,-3,Expired,False
UNIT02297,FAC026,B+,Whole Blood,390,2026-07-26,2026-08-30,29,Available,False
UNIT02298,FAC026,O+,Whole Blood,449,2026-07-10,2026-08-14,13,Available,False
UNIT02299,FAC026,O+,Whole Blood,353,2026-07-13,2026-08-17,16,Available,False
UNIT02300,FAC026,B+,Whole Blood,357,2026-06-30,2026-08-04,3,Available,True
UNIT02301,FAC026,B+,Whole Blood,400,2026-07-22,2026-08-26,25,Available,False
UNIT02302,FAC026,O+,Whole Blood,384,2026-07-19,2026-08-23,22,Reserved,False
UNIT02303,FAC026,B+,Whole Blood,389,2026-07-21,2026-08-25,24,Available,False
UNIT02304,FAC026,B+,Whole Blood,376,2026-07-14,2026-08-18,17,Available,False
UNIT02305,FAC026,O+,Whole Blood,428,2026-06-26,2026-07-31,-1,Expired,False
UNIT02306,FAC026,O+,Whole Blood,442,2026-07-13,2026-08-17,16,Available,False
UNIT02307,FAC026,A+,Whole Blood,395,2026-07-27,2026-08-31,30,Available,False
UNIT02308,FAC026,O+,Whole Blood,396,2026-07-11,2026-08-15,14,Available,False
UNIT02309,FAC026,B+,Whole Blood,441,2026-07-03,2026-08-07,6,Available,True
UNIT02310,FAC026,A+,Whole Blood,377,2026-06-29,2026-08-03,2,Available,True
UNIT02311,FAC026,B+,Whole Blood,352,2026-06-27,2026-08-01,0,Available,True
UNIT02312,FAC026,O+,Whole Blood,355,2026-07-16,2026-08-20,19,Available,False
UNIT02313,FAC026,A+,Whole Blood,438,2026-07-29,2026-09-02,32,Available,False
UNIT02314,FAC026,B+,Whole Blood,398,2026-07-07,2026-08-11,10,Available,False
UNIT02315,FAC026,O+,Whole Blood,360,2026-07-04,2026-08-08,7,Available,True
UNIT02316,FAC026,A+,Whole Blood,419,2026-07-29,2026-09-02,32,Available,False
UNIT02317,FAC026,O+,Whole Blood,400,2026-07-26,2026-08-30,29,Available,False
UNIT02318,FAC026,A+,Whole Blood,445,2026-07-06,2026-08-10,9,Available,False
UNIT02319,FAC026,A+,Whole Blood,433,2026-07-17,2026-08-21,20,Available,False
UNIT02320,FAC026,O+,Whole Blood,402,2026-07-22,2026-08-26,25,Available,False
UNIT02321,FAC026,B+,Whole Blood,414,2026-07-22,2026-08-26,25,Available,False
UNIT02322,FAC027,A+,Whole Blood,447,2026-07-08,2026-08-12,11,Reserved,False
UNIT02323,FAC027,B+,Whole Blood,353,2026-07-17,2026-08-21,20,Available,False
UNIT02324,FAC027,B+,Whole Blood,363,2026-07-18,2026-08-22,21,Available,False
UNIT02325,FAC027,O+,Whole Blood,360,2026-07-25,2026-08-29,28,Available,False
UNIT02326,FAC027,A+,Whole Blood,425,2026-07-24,2026-08-28,27,Reserved,False
UNIT02327,FAC027,B+,Whole Blood,416,2026-07-19,2026-08-23,22,Available,False
UNIT02328,FAC027,O+,Whole Blood,402,2026-07-28,2026-09-01,31,Available,False
UNIT02329,FAC027,B+,Whole Blood,438,2026-07-04,2026-08-08,7,Available,True
UNIT02330,FAC027,B+,Whole Blood,376,2026-07-02,2026-08-06,5,Available,True
UNIT02331,FAC027,O+,Whole Blood,433,2026-07-15,2026-08-19,18,Available,False
UNIT02332,FAC027,A+,Whole Blood,444,2026-07-09,2026-08-13,12,Available,False
UNIT02333,FAC027,O-,Whole Blood,359,2026-06-28,2026-08-02,1,Available,True
UNIT02334,FAC027,B+,Whole Blood,371,2026-07-25,2026-08-29,28,Available,False
UNIT02335,FAC027,A+,Whole Blood,371,2026-07-28,2026-09-01,31,Available,False
UNIT02336,FAC027,O+,Whole Blood,403,2026-07-25,2026-08-29,28,Available,False
UNIT02337,FAC027,B+,Whole Blood,442,2026-07-26,2026-08-30,29,Reserved,False
UNIT02338,FAC027,O+,Whole Blood,397,2026-07-15,2026-08-19,18,Available,False
UNIT02339,FAC027,B+,Whole Blood,376,2026-07-25,2026-08-29,28,Available,False
UNIT02340,FAC027,O+,Whole Blood,409,2026-07-16,2026-08-20,19,Available,False
UNIT02341,FAC027,A+,Whole Blood,367,2026-06-28,2026-08-02,1,Available,True
UNIT02342,FAC027,A+,Whole Blood,369,2026-07-30,2026-09-03,33,Available,False
UNIT02343,FAC027,B+,Whole Blood,438,2026-07-21,2026-08-25,24,Available,False
UNIT02344,FAC027,A+,Whole Blood,409,2026-07-21,2026-08-25,24,Available,False
UNIT02345,FAC027,O+,Whole Blood,378,2026-07-20,2026-08-24,23,Available,False
UNIT02346,FAC027,B+,Whole Blood,404,2026-06-28,2026-08-02,1,Available,True
UNIT02347,FAC027,O+,Whole Blood,382,2026-07-20,2026-08-24,23,Available,False
UNIT02348,FAC027,B+,Whole Blood,443,2026-07-27,2026-08-31,30,Available,False
UNIT02349,FAC027,A+,Whole Blood,416,2026-07-22,2026-08-26,25,Available,False
UNIT02350,FAC028,O+,Platelets,59,2026-07-29,2026-08-03,2,Available,False
UNIT02351,FAC028,B+,Plasma,214,2026-05-07,2027-05-07,279,Available,False
UNIT02352,FAC028,O-,Whole Blood,368,2026-06-28,2026-08-02,1,Available,True
UNIT02353,FAC028,A+,Whole Blood,356,2026-07-21,2026-08-25,24,Reserved,False
UNIT02354,FAC028,A+,Plasma,219,2026-03-10,2027-03-10,221,Available,False
UNIT02355,FAC028,B+,Whole Blood,449,2026-07-23,2026-08-27,26,Available,False
UNIT02356,FAC028,B+,Plasma,220,2026-03-30,2027-03-30,241,Available,False
UNIT02357,FAC028,B-,RBC,290,2026-06-25,2026-07-30,-2,Expired,False
UNIT02358,FAC028,O+,RBC,281,2026-07-03,2026-08-07,6,Available,True
UNIT02359,FAC028,O+,Platelets,56,2026-07-29,2026-08-03,2,Available,False
UNIT02360,FAC028,O+,RBC,279,2026-07-29,2026-09-02,32,Available,False
UNIT02361,FAC028,O+,Platelets,58,2026-07-29,2026-08-03,2,Available,False
UNIT02362,FAC028,O+,RBC,297,2026-07-19,2026-08-23,22,Available,False
UNIT02363,FAC028,O-,RBC,250,2026-07-18,2026-08-22,21,Available,False
UNIT02364,FAC028,AB+,Platelets,54,2026-07-31,2026-08-05,4,Available,False
UNIT02365,FAC028,B+,Whole Blood,385,2026-07-13,2026-08-17,16,Available,False
UNIT02366,FAC028,O+,Plasma,216,2026-06-23,2027-06-23,326,Available,False
UNIT02367,FAC028,B+,Whole Blood,353,2026-06-24,2026-07-29,-3,Expired,False
UNIT02368,FAC028,O+,Plasma,240,2025-05-06,2026-05-06,-87,Expired,False
UNIT02369,FAC028,B+,RBC,298,2026-07-17,2026-08-21,20,Available,False
UNIT02370,FAC028,AB+,Whole Blood,441,2026-07-29,2026-09-02,32,Available,False
UNIT02371,FAC028,A+,RBC,276,2026-07-02,2026-08-06,5,Available,True
UNIT02372,FAC028,O+,Whole Blood,357,2026-07-28,2026-09-01,31,Available,False
UNIT02373,FAC028,B+,Platelets,53,2026-07-26,2026-07-31,-1,Expired,False
UNIT02374,FAC028,O+,Whole Blood,390,2026-07-21,2026-08-25,24,Available,False
UNIT02375,FAC028,O+,RBC,273,2026-06-29,2026-08-03,2,Available,True
UNIT02376,FAC028,B+,Plasma,203,2026-03-13,2027-03-13,224,Available,False
UNIT02377,FAC028,A+,RBC,278,2026-07-08,2026-08-12,11,Available,False
UNIT02378,FAC028,A+,RBC,290,2026-07-10,2026-08-14,13,Available,False
UNIT02379,FAC028,O+,Whole Blood,365,2026-07-21,2026-08-25,24,Available,False
UNIT02380,FAC028,B+,Whole Blood,364,2026-07-14,2026-08-18,17,Available,False
UNIT02381,FAC028,O+,RBC,287,2026-07-08,2026-08-12,11,Available,False
UNIT02382,FAC028,O+,Whole Blood,377,2026-07-07,2026-08-11,10,Available,False
UNIT02383,FAC028,O+,Plasma,215,2026-06-09,2027-06-09,312,Available,False
UNIT02384,FAC028,B+,RBC,269,2026-07-08,2026-08-12,11,Available,False
UNIT02385,FAC028,A+,Platelets,55,2026-07-31,2026-08-05,4,Available,False
UNIT02386,FAC028,B+,RBC,268,2026-07-22,2026-08-26,25,Available,False
UNIT02387,FAC028,B+,Plasma,237,2026-04-23,2027-04-23,265,Available,False
UNIT02388,FAC028,B+,Plasma,210,2025-10-11,2026-10-11,71,Available,True
UNIT02389,FAC028,A+,Plasma,244,2026-05-20,2027-05-20,292,Available,False
UNIT02390,FAC028,B+,Platelets,58,2026-07-31,2026-08-05,4,Available,False
UNIT02391,FAC028,AB+,Platelets,54,2026-07-31,2026-08-05,4,Available,False
UNIT02392,FAC028,A-,Platelets,60,2026-08-01,2026-08-06,5,Available,False
UNIT02393,FAC028,O+,Plasma,223,2026-05-23,2027-05-23,295,Available,False
UNIT02394,FAC028,AB+,Whole Blood,395,2026-07-21,2026-08-25,24,Available,False
UNIT02395,FAC028,O+,Whole Blood,393,2026-07-25,2026-08-29,28,Available,False
UNIT02396,FAC028,O+,Whole Blood,370,2026-07-24,2026-08-28,27,Available,False
UNIT02397,FAC028,B+,RBC,289,2026-07-07,2026-08-11,10,Available,False
UNIT02398,FAC028,B+,Plasma,215,2025-11-26,2026-11-26,117,Available,False
UNIT02399,FAC028,B+,Platelets,56,2026-07-29,2026-08-03,2,Available,False
UNIT02400,FAC028,B+,RBC,282,2026-07-07,2026-08-11,10,Reserved,False
UNIT02401,FAC028,A+,Plasma,225,2025-11-07,2026-11-07,98,Reserved,False
UNIT02402,FAC028,AB+,RBC,288,2026-07-16,2026-08-20,19,Reserved,False
UNIT02403,FAC028,O+,RBC,286,2026-06-26,2026-07-31,-1,Expired,False
UNIT02404,FAC028,O+,RBC,253,2026-07-11,2026-08-15,14,Available,False
UNIT02405,FAC028,O+,Platelets,55,2026-07-28,2026-08-02,1,Available,True
UNIT02406,FAC028,B+,RBC,262,2026-07-17,2026-08-21,20,Available,False
UNIT02407,FAC028,O+,Platelets,53,2026-07-30,2026-08-04,3,Available,False
UNIT02408,FAC028,B+,RBC,299,2026-07-25,2026-08-29,28,Available,False
UNIT02409,FAC028,B+,Plasma,235,2026-05-19,2027-05-19,291,Available,False
UNIT02410,FAC028,O+,RBC,279,2026-06-29,2026-08-03,2,Available,True
UNIT02411,FAC028,O+,Whole Blood,367,2026-07-19,2026-08-23,22,Available,False
UNIT02412,FAC028,B+,Platelets,56,2026-07-27,2026-08-01,0,Available,True
UNIT02413,FAC028,AB+,Whole Blood,425,2026-07-20,2026-08-24,23,Available,False
UNIT02414,FAC028,A+,RBC,271,2026-07-07,2026-08-11,10,Available,False
UNIT02415,FAC028,B+,Whole Blood,359,2026-07-13,2026-08-17,16,Available,False
UNIT02416,FAC028,O+,RBC,269,2026-07-16,2026-08-20,19,Available,False
UNIT02417,FAC028,B+,Platelets,52,2026-07-30,2026-08-04,3,Available,False
UNIT02418,FAC028,B+,Plasma,216,2025-12-18,2026-12-18,139,Available,False
UNIT02419,FAC028,O+,Plasma,233,2026-05-14,2027-05-14,286,Available,False
UNIT02420,FAC028,O+,Plasma,246,2025-10-23,2026-10-23,83,Available,False
UNIT02421,FAC028,A+,Plasma,220,2025-10-24,2026-10-24,84,Available,False
UNIT02422,FAC028,A+,Plasma,241,2025-12-14,2026-12-14,135,Available,False
UNIT02423,FAC028,O+,Plasma,227,2026-03-11,2027-03-11,222,Available,False
UNIT02424,FAC028,B+,Whole Blood,407,2026-07-13,2026-08-17,16,Available,False
UNIT02425,FAC028,B+,Plasma,223,2025-12-04,2026-12-04,125,Available,False
UNIT02426,FAC028,A+,RBC,284,2026-06-22,2026-07-27,-5,Expired,False
UNIT02427,FAC028,O+,Whole Blood,440,2026-07-25,2026-08-29,28,Available,False
UNIT02428,FAC028,AB+,RBC,279,2026-07-16,2026-08-20,19,Available,False
UNIT02429,FAC028,B+,Plasma,231,2026-04-18,2027-04-18,260,Available,False
UNIT02430,FAC028,B+,Whole Blood,382,2026-06-30,2026-08-04,3,Available,True
UNIT02431,FAC028,B+,Platelets,54,2026-07-28,2026-08-02,1,Available,True
UNIT02432,FAC028,A+,Platelets,54,2026-07-30,2026-08-04,3,Available,False
UNIT02433,FAC028,O+,Whole Blood,444,2026-07-20,2026-08-24,23,Available,False
UNIT02434,FAC028,B+,RBC,296,2026-07-27,2026-08-31,30,Available,False
UNIT02435,FAC028,A+,Plasma,229,2026-03-09,2027-03-09,220,Available,False
UNIT02436,FAC028,O+,RBC,296,2026-06-28,2026-08-02,1,Reserved,False
UNIT02437,FAC028,O+,Plasma,202,2026-06-24,2027-06-24,327,Available,False
UNIT02438,FAC028,A+,Whole Blood,360,2026-07-19,2026-08-23,22,Reserved,False
UNIT02439,FAC028,B+,Platelets,54,2026-07-30,2026-08-04,3,Available,False
UNIT02440,FAC028,O+,Whole Blood,364,2026-07-03,2026-08-07,6,Available,True
UNIT02441,FAC028,O+,Platelets,59,2026-07-26,2026-07-31,-1,Expired,False
UNIT02442,FAC028,B+,RBC,286,2026-07-10,2026-08-14,13,Available,False
UNIT02443,FAC028,B+,Plasma,211,2026-04-20,2027-04-20,262,Available,False
UNIT02444,FAC028,B+,Whole Blood,436,2026-07-13,2026-08-17,16,Reserved,False
UNIT02445,FAC028,B+,Whole Blood,403,2026-07-19,2026-08-23,22,Available,False
UNIT02446,FAC028,O+,Platelets,60,2026-07-31,2026-08-05,4,Available,False
UNIT02447,FAC028,B+,RBC,264,2026-07-23,2026-08-27,26,Available,False
UNIT02448,FAC028,A+,Platelets,57,2026-07-29,2026-08-03,2,Available,False
UNIT02449,FAC028,AB+,Platelets,58,2026-07-30,2026-08-04,3,Available,False
UNIT02450,FAC028,A+,Platelets,52,2026-07-30,2026-08-04,3,Available,False
UNIT02451,FAC028,B+,Plasma,243,2026-05-06,2027-05-06,278,Available,False
UNIT02452,FAC028,B+,Plasma,205,2026-06-29,2027-06-29,332,Available,False
UNIT02453,FAC028,O+,Platelets,58,2026-07-31,2026-08-05,4,Available,False
UNIT02454,FAC028,B+,Platelets,57,2026-07-28,2026-08-02,1,Available,True
UNIT02455,FAC028,A+,RBC,276,2026-07-12,2026-08-16,15,Available,False
UNIT02456,FAC028,O-,Whole Blood,445,2026-07-07,2026-08-11,10,Available,False
UNIT02457,FAC028,B+,RBC,274,2026-07-20,2026-08-24,23,Available,False
UNIT02458,FAC028,AB+,Whole Blood,364,2026-07-26,2026-08-30,29,Available,False
UNIT02459,FAC028,AB+,RBC,297,2026-07-02,2026-08-06,5,Available,True
UNIT02460,FAC028,O+,Plasma,238,2026-03-31,2027-03-31,242,Available,False
UNIT02461,FAC028,B+,Platelets,60,2026-07-29,2026-08-03,2,Available,False
UNIT02462,FAC028,O+,Platelets,53,2026-07-30,2026-08-04,3,Available,False
UNIT02463,FAC028,O+,Plasma,228,2025-11-15,2026-11-15,106,Available,False
UNIT02464,FAC028,A+,RBC,271,2026-07-19,2026-08-23,22,Available,False
UNIT02465,FAC028,O+,RBC,287,2026-07-10,2026-08-14,13,Available,False
UNIT02466,FAC028,O+,Plasma,239,2026-03-15,2027-03-15,226,Available,False
UNIT02467,FAC028,A-,Whole Blood,352,2026-07-13,2026-08-17,16,Available,False
UNIT02468,FAC028,B+,RBC,293,2026-07-25,2026-08-29,28,Available,False
UNIT02469,FAC028,A+,Platelets,60,2026-08-01,2026-08-06,5,Available,False
UNIT02470,FAC028,B+,RBC,273,2026-07-03,2026-08-07,6,Available,True
UNIT02471,FAC028,O+,RBC,262,2026-07-25,2026-08-29,28,Reserved,False
UNIT02472,FAC028,B+,Platelets,59,2026-07-31,2026-08-05,4,Available,False
UNIT02473,FAC028,B+,RBC,265,2026-07-10,2026-08-14,13,Available,False
UNIT02474,FAC028,O+,Plasma,238,2026-02-16,2027-02-16,199,Available,False
UNIT02475,FAC028,O+,RBC,254,2026-07-23,2026-08-27,26,Available,False
UNIT02476,FAC028,A+,Whole Blood,416,2026-07-10,2026-08-14,13,Available,False
UNIT02477,FAC028,O-,Plasma,216,2026-06-13,2027-06-13,316,Available,False
UNIT02478,FAC028,O+,Whole Blood,418,2026-07-09,2026-08-13,12,Available,False
UNIT02479,FAC028,O+,Plasma,218,2026-02-22,2027-02-22,205,Available,False
UNIT02480,FAC028,O+,Whole Blood,415,2026-07-20,2026-08-24,23,Available,False
UNIT02481,FAC028,O+,Plasma,209,2026-03-09,2027-03-09,220,Available,False
UNIT02482,FAC028,O+,Whole Blood,434,2026-07-09,2026-08-13,12,Available,False
UNIT02483,FAC028,B+,RBC,256,2026-07-05,2026-08-09,8,Available,False
UNIT02484,FAC028,B+,Whole Blood,446,2026-07-17,2026-08-21,20,Available,False
UNIT02485,FAC028,B+,Platelets,55,2026-07-30,2026-08-04,3,Available,False
UNIT02486,FAC028,O+,Platelets,52,2026-07-29,2026-08-03,2,Available,False
UNIT02487,FAC028,A+,Platelets,59,2026-08-01,2026-08-06,5,Reserved,False
UNIT02488,FAC028,B+,Platelets,59,2026-07-30,2026-08-04,3,Available,False
UNIT02489,FAC028,O+,Plasma,209,2025-12-03,2026-12-03,124,Available,False
UNIT02490,FAC028,O+,RBC,274,2026-07-25,2026-08-29,28,Available,False
UNIT02491,FAC028,B+,RBC,269,2026-07-29,2026-09-02,32,Available,False
UNIT02492,FAC028,A+,Whole Blood,445,2026-07-23,2026-08-27,26,Available,False
UNIT02493,FAC028,O+,Plasma,222,2026-02-23,2027-02-23,206,Reserved,False
UNIT02494,FAC028,O+,Platelets,57,2026-07-30,2026-08-04,3,Available,False
UNIT02495,FAC028,O+,Plasma,200,2026-05-15,2027-05-15,287,Reserved,False
UNIT02496,FAC028,O+,Whole Blood,378,2026-07-20,2026-08-24,23,Available,False
UNIT02497,FAC028,A+,Whole Blood,408,2026-07-11,2026-08-15,14,Available,False
UNIT02498,FAC028,AB+,Whole Blood,450,2026-07-03,2026-08-07,6,Available,True
UNIT02499,FAC028,O+,RBC,252,2026-07-08,2026-08-12,11,Available,False
UNIT02500,FAC028,B+,Whole Blood,414,2026-06-26,2026-07-31,-1,Expired,False
UNIT02501,FAC028,A+,Whole Blood,357,2026-06-24,2026-07-29,-3,Expired,False
UNIT02502,FAC028,B+,RBC,261,2026-07-23,2026-08-27,26,Available,False
UNIT02503,FAC029,O+,RBC,261,2026-07-23,2026-08-27,26,Available,False
UNIT02504,FAC029,A+,Platelets,53,2026-07-30,2026-08-04,3,Available,False
UNIT02505,FAC029,O+,Whole Blood,388,2026-06-29,2026-08-03,2,Available,True
UNIT02506,FAC029,A+,RBC,280,2026-07-23,2026-08-27,26,Available,False
UNIT02507,FAC029,B+,Whole Blood,375,2026-07-21,2026-08-25,24,Available,False
UNIT02508,FAC029,B+,Plasma,234,2026-06-08,2027-06-08,311,Available,False
UNIT02509,FAC029,AB+,Plasma,227,2026-04-14,2027-04-14,256,Available,False
UNIT02510,FAC029,O+,Whole Blood,432,2026-07-09,2026-08-13,12,Available,False
UNIT02511,FAC029,A+,Plasma,216,2025-05-22,2026-05-22,-71,Expired,False
UNIT02512,FAC029,O+,Platelets,58,2026-07-30,2026-08-04,3,Available,False
UNIT02513,FAC029,B+,Platelets,58,2026-07-27,2026-08-01,0,Available,True
UNIT02514,FAC029,B+,Platelets,60,2026-07-29,2026-08-03,2,Available,False
UNIT02515,FAC029,B+,RBC,282,2026-07-16,2026-08-20,19,Available,False
UNIT02516,FAC029,B+,RBC,293,2026-07-24,2026-08-28,27,Available,False
UNIT02517,FAC029,B+,Plasma,211,2026-04-02,2027-04-02,244,Available,False
UNIT02518,FAC029,A+,Whole Blood,414,2026-07-07,2026-08-11,10,Available,False
UNIT02519,FAC029,B+,Plasma,239,2026-06-02,2027-06-02,305,Available,False
UNIT02520,FAC029,A+,RBC,275,2026-07-21,2026-08-25,24,Available,False
UNIT02521,FAC029,O+,RBC,283,2026-07-13,2026-08-17,16,Available,False
UNIT02522,FAC029,O-,Plasma,216,2025-11-04,2026-11-04,95,Available,False
UNIT02523,FAC029,B+,Platelets,55,2026-07-30,2026-08-04,3,Available,False
UNIT02524,FAC029,O+,Platelets,56,2026-07-30,2026-08-04,3,Available,False
UNIT02525,FAC029,O+,Whole Blood,402,2026-07-07,2026-08-11,10,Available,False
UNIT02526,FAC029,B+,RBC,299,2026-06-23,2026-07-28,-4,Expired,False
UNIT02527,FAC029,B+,RBC,268,2026-07-24,2026-08-28,27,Available,False
UNIT02528,FAC029,O+,Whole Blood,391,2026-07-21,2026-08-25,24,Available,False
UNIT02529,FAC029,AB+,RBC,278,2026-07-05,2026-08-09,8,Available,False
UNIT02530,FAC029,O+,Whole Blood,442,2026-07-27,2026-08-31,30,Available,False
UNIT02531,FAC029,B+,Plasma,202,2025-07-18,2026-07-18,-14,Expired,False
UNIT02532,FAC029,O+,Plasma,231,2025-12-13,2026-12-13,134,Reserved,False
UNIT02533,FAC029,B+,Plasma,221,2026-06-17,2027-06-17,320,Available,False
UNIT02534,FAC029,B+,Platelets,57,2026-07-30,2026-08-04,3,Available,False
UNIT02535,FAC029,A+,Whole Blood,402,2026-07-21,2026-08-25,24,Available,False
UNIT02536,FAC029,O+,RBC,285,2026-07-13,2026-08-17,16,Available,False
UNIT02537,FAC029,A+,RBC,292,2026-07-21,2026-08-25,24,Available,False
UNIT02538,FAC029,B+,Platelets,51,2026-07-29,2026-08-03,2,Available,False
UNIT02539,FAC029,O+,Platelets,57,2026-07-27,2026-08-01,0,Available,True
UNIT02540,FAC029,O+,RBC,279,2026-07-24,2026-08-28,27,Available,False
UNIT02541,FAC029,B+,RBC,266,2026-07-10,2026-08-14,13,Available,False
UNIT02542,FAC029,AB+,Whole Blood,404,2026-07-25,2026-08-29,28,Available,False
UNIT02543,FAC029,B+,Plasma,203,2025-10-27,2026-10-27,87,Available,False
UNIT02544,FAC029,O+,Platelets,50,2026-08-01,2026-08-06,5,Available,False
UNIT02545,FAC029,O+,Platelets,59,2026-07-28,2026-08-02,1,Available,True
UNIT02546,FAC029,B+,Whole Blood,421,2026-07-08,2026-08-12,11,Available,False
UNIT02547,FAC029,O+,RBC,255,2026-07-05,2026-08-09,8,Available,False
UNIT02548,FAC029,AB+,Plasma,248,2026-01-11,2027-01-11,163,Reserved,False
UNIT02549,FAC029,A+,Plasma,247,2025-10-17,2026-10-17,77,Available,False
UNIT02550,FAC029,A+,Platelets,55,2026-07-31,2026-08-05,4,Available,False
UNIT02551,FAC029,B+,Plasma,218,2025-09-06,2026-09-06,36,Available,True
UNIT02552,FAC029,A+,Plasma,227,2026-07-06,2027-07-06,339,Available,False
UNIT02553,FAC029,A+,RBC,284,2026-07-13,2026-08-17,16,Available,False
UNIT02554,FAC029,B+,RBC,272,2026-07-07,2026-08-11,10,Available,False
UNIT02555,FAC029,O+,RBC,269,2026-07-24,2026-08-28,27,Available,False
UNIT02556,FAC029,A+,Whole Blood,355,2026-07-15,2026-08-19,18,Reserved,False
UNIT02557,FAC029,O+,Platelets,55,2026-07-27,2026-08-01,0,Available,True
UNIT02558,FAC029,O+,RBC,267,2026-07-24,2026-08-28,27,Available,False
UNIT02559,FAC029,B+,RBC,278,2026-07-06,2026-08-10,9,Available,False
UNIT02560,FAC029,A+,Plasma,247,2026-07-02,2027-07-02,335,Available,False
UNIT02561,FAC029,A+,Whole Blood,376,2026-07-18,2026-08-22,21,Available,False
UNIT02562,FAC029,O+,Whole Blood,424,2026-07-27,2026-08-31,30,Available,False
UNIT02563,FAC029,O+,Whole Blood,412,2026-07-25,2026-08-29,28,Available,False
UNIT02564,FAC029,O+,Platelets,53,2026-07-28,2026-08-02,1,Available,True
UNIT02565,FAC029,A+,Whole Blood,382,2026-07-05,2026-08-09,8,Available,False
UNIT02566,FAC029,B+,Plasma,226,2026-07-08,2027-07-08,341,Available,False
UNIT02567,FAC029,B+,Whole Blood,358,2026-07-20,2026-08-24,23,Reserved,False
UNIT02568,FAC029,B+,Platelets,60,2026-07-31,2026-08-05,4,Available,False
UNIT02569,FAC029,O+,Plasma,217,2025-09-14,2026-09-14,44,Available,True
UNIT02570,FAC029,O+,Platelets,52,2026-07-31,2026-08-05,4,Available,False
UNIT02571,FAC029,AB+,RBC,280,2026-07-16,2026-08-20,19,Available,False
UNIT02572,FAC029,O+,Whole Blood,444,2026-07-13,2026-08-17,16,Available,False
UNIT02573,FAC029,O+,Platelets,56,2026-07-29,2026-08-03,2,Available,False
UNIT02574,FAC029,A+,RBC,261,2026-07-08,2026-08-12,11,Available,False
UNIT02575,FAC029,B+,Whole Blood,376,2026-07-06,2026-08-10,9,Available,False
UNIT02576,FAC029,B+,Platelets,55,2026-07-27,2026-08-01,0,Available,True
UNIT02577,FAC029,A+,Whole Blood,354,2026-07-21,2026-08-25,24,Reserved,False
UNIT02578,FAC029,O+,RBC,274,2026-06-29,2026-08-03,2,Available,True
UNIT02579,FAC029,O+,RBC,264,2026-07-25,2026-08-29,28,Available,False
UNIT02580,FAC029,A+,Whole Blood,403,2026-07-26,2026-08-30,29,Available,False
UNIT02581,FAC029,O+,Plasma,240,2026-05-25,2027-05-25,297,Available,False
UNIT02582,FAC029,A+,Plasma,208,2026-02-25,2027-02-25,208,Reserved,False
UNIT02583,FAC029,B+,Platelets,51,2026-07-27,2026-08-01,0,Available,True
UNIT02584,FAC029,B+,RBC,259,2026-07-26,2026-08-30,29,Available,False
UNIT02585,FAC029,A-,Whole Blood,386,2026-07-08,2026-08-12,11,Available,False
UNIT02586,FAC029,O+,Whole Blood,443,2026-07-23,2026-08-27,26,Available,False
UNIT02587,FAC029,O+,Platelets,59,2026-07-29,2026-08-03,2,Available,False
UNIT02588,FAC029,B+,Platelets,56,2026-07-28,2026-08-02,1,Available,True
UNIT02589,FAC029,B+,RBC,252,2026-07-14,2026-08-18,17,Reserved,False
UNIT02590,FAC029,O+,Plasma,211,2026-01-03,2027-01-03,155,Available,False
UNIT02591,FAC029,A+,Whole Blood,400,2026-07-03,2026-08-07,6,Available,True
UNIT02592,FAC029,B+,Plasma,240,2026-02-21,2027-02-21,204,Available,False
UNIT02593,FAC029,O+,Plasma,239,2026-03-03,2027-03-03,214,Available,False
UNIT02594,FAC029,B+,Plasma,249,2026-05-29,2027-05-29,301,Available,False
UNIT02595,FAC029,B+,Platelets,54,2026-07-30,2026-08-04,3,Reserved,False
UNIT02596,FAC029,B+,Plasma,206,2025-11-08,2026-11-08,99,Available,False
UNIT02597,FAC029,O+,Platelets,55,2026-07-28,2026-08-02,1,Available,True
UNIT02598,FAC029,B+,Whole Blood,366,2026-06-24,2026-07-29,-3,Expired,False
UNIT02599,FAC029,A+,Plasma,245,2025-10-10,2026-10-10,70,Available,True
UNIT02600,FAC029,B+,Platelets,51,2026-07-30,2026-08-04,3,Available,False
UNIT02601,FAC029,O+,RBC,282,2026-07-19,2026-08-23,22,Reserved,False
UNIT02602,FAC029,A+,RBC,297,2026-07-06,2026-08-10,9,Available,False
UNIT02603,FAC029,B+,RBC,253,2026-07-14,2026-08-18,17,Available,False
UNIT02604,FAC029,O+,Platelets,58,2026-07-30,2026-08-04,3,Available,False
UNIT02605,FAC029,A+,RBC,290,2026-07-26,2026-08-30,29,Available,False
UNIT02606,FAC029,O+,RBC,259,2026-07-03,2026-08-07,6,Available,True
UNIT02607,FAC029,AB+,Plasma,225,2025-09-25,2026-09-25,55,Available,True
UNIT02608,FAC029,B+,Plasma,208,2025-09-03,2026-09-03,33,Available,True
UNIT02609,FAC029,O+,Platelets,58,2026-08-01,2026-08-06,5,Available,False
UNIT02610,FAC029,O+,RBC,254,2026-06-28,2026-08-02,1,Available,True
UNIT02611,FAC029,A+,Plasma,210,2026-05-23,2027-05-23,295,Available,False
UNIT02612,FAC029,O+,RBC,276,2026-07-19,2026-08-23,22,Available,False
UNIT02613,FAC029,B+,RBC,264,2026-07-23,2026-08-27,26,Available,False
UNIT02614,FAC029,O+,Platelets,59,2026-07-31,2026-08-05,4,Available,False
UNIT02615,FAC029,O+,RBC,267,2026-07-24,2026-08-28,27,Available,False
UNIT02616,FAC029,O+,Whole Blood,417,2026-07-12,2026-08-16,15,Available,False
UNIT02617,FAC029,A+,Plasma,207,2026-05-01,2027-05-01,273,Available,False
UNIT02618,FAC029,AB+,Plasma,248,2026-05-20,2027-05-20,292,Reserved,False
UNIT02619,FAC029,O+,Platelets,50,2026-07-28,2026-08-02,1,Reserved,False
UNIT02620,FAC029,B+,Platelets,59,2026-07-31,2026-08-05,4,Available,False
UNIT02621,FAC029,A+,Plasma,206,2025-11-14,2026-11-14,105,Available,False
UNIT02622,FAC029,A+,Platelets,57,2026-07-31,2026-08-05,4,Available,False
UNIT02623,FAC029,O+,Plasma,249,2026-03-11,2027-03-11,222,Available,False
UNIT02624,FAC029,B+,Platelets,55,2026-07-27,2026-08-01,0,Available,True
UNIT02625,FAC029,B+,Platelets,51,2026-07-26,2026-07-31,-1,Expired,False
UNIT02626,FAC029,A+,Plasma,237,2026-04-28,2027-04-28,270,Available,False
UNIT02627,FAC029,B+,Platelets,57,2026-07-31,2026-08-05,4,Available,False
UNIT02628,FAC029,AB+,Plasma,242,2026-01-12,2027-01-12,164,Available,False
UNIT02629,FAC029,B+,Whole Blood,362,2026-07-13,2026-08-17,16,Available,False
UNIT02630,FAC029,AB+,Whole Blood,380,2026-06-24,2026-07-29,-3,Expired,False
UNIT02631,FAC029,B+,Plasma,202,2025-10-18,2026-10-18,78,Available,False
UNIT02632,FAC029,B+,Plasma,233,2025-09-28,2026-09-28,58,Available,True
UNIT02633,FAC029,A+,Plasma,249,2025-10-19,2026-10-19,79,Available,False
UNIT02634,FAC029,B+,Whole Blood,430,2026-07-24,2026-08-28,27,Available,False
UNIT02635,FAC029,O+,Whole Blood,353,2026-07-22,2026-08-26,25,Available,False
UNIT02636,FAC029,O+,Platelets,55,2026-07-30,2026-08-04,3,Available,False
UNIT02637,FAC029,O+,RBC,270,2026-07-22,2026-08-26,25,Available,False
UNIT02638,FAC029,B+,Platelets,58,2026-07-28,2026-08-02,1,Available,True
UNIT02639,FAC029,O+,Platelets,52,2026-07-29,2026-08-03,2,Available,False
UNIT02640,FAC029,O+,Whole Blood,444,2026-07-21,2026-08-25,24,Available,False
UNIT02641,FAC029,O+,RBC,296,2026-07-21,2026-08-25,24,Available,False
UNIT02642,FAC029,A+,Plasma,211,2026-04-10,2027-04-10,252,Available,False
UNIT02643,FAC029,O+,RBC,272,2026-07-22,2026-08-26,25,Available,False
UNIT02644,FAC029,B+,Plasma,210,2025-09-01,2026-09-01,31,Available,True
UNIT02645,FAC029,B+,Whole Blood,414,2026-07-24,2026-08-28,27,Available,False
UNIT02646,FAC029,O+,Platelets,56,2026-07-28,2026-08-02,1,Available,True
UNIT02647,FAC029,O+,Whole Blood,426,2026-07-24,2026-08-28,27,Available,False
UNIT02648,FAC029,O+,Plasma,221,2025-09-28,2026-09-28,58,Available,True
UNIT02649,FAC029,B-,Plasma,247,2026-05-25,2027-05-25,297,Available,False
UNIT02650,FAC029,O+,Platelets,55,2026-07-29,2026-08-03,2,Reserved,False
UNIT02651,FAC029,O-,Plasma,209,2025-10-12,2026-10-12,72,Available,True
UNIT02652,FAC029,O+,Platelets,53,2026-08-01,2026-08-06,5,Available,False
UNIT02653,FAC029,B+,RBC,259,2026-07-18,2026-08-22,21,Available,False
UNIT02654,FAC029,A+,RBC,289,2026-06-24,2026-07-29,-3,Expired,False
UNIT02655,FAC029,B+,Plasma,236,2026-03-13,2027-03-13,224,Available,False
UNIT02656,FAC029,A+,RBC,290,2026-07-03,2026-08-07,6,Available,True
UNIT02657,FAC029,AB+,Plasma,223,2025-11-19,2026-11-19,110,Available,False
UNIT02658,FAC029,O+,Platelets,53,2026-07-30,2026-08-04,3,Available,False
UNIT02659,FAC030,B+,RBC,294,2026-07-21,2026-08-25,24,Available,False
UNIT02660,FAC030,B+,RBC,282,2026-07-26,2026-08-30,29,Reserved,False
UNIT02661,FAC030,O+,Platelets,53,2026-07-31,2026-08-05,4,Available,False
UNIT02662,FAC030,O+,RBC,253,2026-07-17,2026-08-21,20,Available,False
UNIT02663,FAC030,B+,Plasma,210,2026-02-17,2027-02-17,200,Available,False
UNIT02664,FAC030,A+,Plasma,222,2026-01-28,2027-01-28,180,Available,False
UNIT02665,FAC030,B+,RBC,296,2026-07-27,2026-08-31,30,Available,False
UNIT02666,FAC030,B+,Platelets,59,2026-07-27,2026-08-01,0,Available,True
UNIT02667,FAC030,B+,RBC,263,2026-06-21,2026-07-26,-6,Expired,False
UNIT02668,FAC030,O+,Platelets,55,2026-07-30,2026-08-04,3,Available,False
UNIT02669,FAC030,A-,Plasma,243,2026-05-22,2027-05-22,294,Available,False
UNIT02670,FAC030,AB+,Whole Blood,356,2026-06-24,2026-07-29,-3,Expired,False
UNIT02671,FAC030,O+,Platelets,51,2026-07-29,2026-08-03,2,Available,False
UNIT02672,FAC030,AB-,Plasma,215,2025-11-26,2026-11-26,117,Available,False
UNIT02673,FAC030,O+,RBC,281,2026-07-03,2026-08-07,6,Available,True
UNIT02674,FAC030,O+,Platelets,59,2026-07-31,2026-08-05,4,Reserved,False
UNIT02675,FAC030,O+,Plasma,230,2025-10-23,2026-10-23,83,Available,False
UNIT02676,FAC030,A+,Platelets,52,2026-07-31,2026-08-05,4,Available,False
UNIT02677,FAC030,O+,Platelets,56,2026-07-30,2026-08-04,3,Available,False
UNIT02678,FAC030,A+,Platelets,60,2026-07-26,2026-07-31,-1,Expired,False
UNIT02679,FAC030,A+,Plasma,201,2025-11-17,2026-11-17,108,Available,False
UNIT02680,FAC030,O+,Whole Blood,357,2026-06-22,2026-07-27,-5,Expired,False
UNIT02681,FAC030,O+,Whole Blood,417,2026-07-25,2026-08-29,28,Reserved,False
UNIT02682,FAC030,A+,Platelets,59,2026-07-30,2026-08-04,3,Available,False
UNIT02683,FAC030,AB+,Whole Blood,374,2026-06-25,2026-07-30,-2,Expired,False
UNIT02684,FAC030,O+,Plasma,222,2026-05-13,2027-05-13,285,Available,False
UNIT02685,FAC030,A+,RBC,278,2026-07-13,2026-08-17,16,Available,False
UNIT02686,FAC030,O+,RBC,278,2026-07-16,2026-08-20,19,Available,False
UNIT02687,FAC030,A+,Whole Blood,365,2026-06-27,2026-08-01,0,Reserved,False
UNIT02688,FAC030,O+,Platelets,60,2026-07-27,2026-08-01,0,Available,True
UNIT02689,FAC030,A+,RBC,288,2026-06-30,2026-08-04,3,Available,True
UNIT02690,FAC030,A+,Platelets,58,2026-07-27,2026-08-01,0,Reserved,False
UNIT02691,FAC030,O+,Plasma,242,2025-07-26,2026-07-26,-6,Expired,False
UNIT02692,FAC030,AB+,Platelets,57,2026-07-31,2026-08-05,4,Available,False
UNIT02693,FAC030,A+,Plasma,230,2026-06-24,2027-06-24,327,Available,False
UNIT02694,FAC030,O+,Whole Blood,433,2026-07-03,2026-08-07,6,Available,True
UNIT02695,FAC030,B+,Plasma,218,2025-11-15,2026-11-15,106,Available,False
UNIT02696,FAC030,B+,Plasma,240,2025-11-12,2026-11-12,103,Available,False
UNIT02697,FAC030,B+,Plasma,231,2026-03-24,2027-03-24,235,Available,False
UNIT02698,FAC030,A+,Plasma,250,2026-01-11,2027-01-11,163,Available,False
UNIT02699,FAC030,O+,Whole Blood,361,2026-07-15,2026-08-19,18,Available,False
UNIT02700,FAC030,B+,RBC,284,2026-07-12,2026-08-16,15,Available,False
UNIT02701,FAC030,A+,Platelets,58,2026-07-30,2026-08-04,3,Available,False
UNIT02702,FAC030,A+,Plasma,211,2025-11-23,2026-11-23,114,Available,False
UNIT02703,FAC030,B+,Whole Blood,373,2026-06-29,2026-08-03,2,Available,True
UNIT02704,FAC030,O+,Platelets,53,2026-07-31,2026-08-05,4,Available,False
UNIT02705,FAC030,AB+,Whole Blood,438,2026-07-28,2026-09-01,31,Available,False
UNIT02706,FAC030,A+,Platelets,55,2026-08-01,2026-08-06,5,Available,False
UNIT02707,FAC030,O-,Plasma,225,2025-10-12,2026-10-12,72,Available,True
UNIT02708,FAC030,A+,RBC,266,2026-07-13,2026-08-17,16,Available,False
UNIT02709,FAC030,O+,Plasma,240,2025-12-16,2026-12-16,137,Available,False
UNIT02710,FAC030,B+,Platelets,56,2026-07-30,2026-08-04,3,Available,False
UNIT02711,FAC030,B+,RBC,288,2026-07-04,2026-08-08,7,Available,True
UNIT02712,FAC030,A+,Plasma,208,2026-06-24,2027-06-24,327,Available,False
UNIT02713,FAC030,O+,RBC,260,2026-07-27,2026-08-31,30,Available,False
UNIT02714,FAC030,O+,Plasma,210,2026-06-14,2027-06-14,317,Available,False
UNIT02715,FAC030,O+,Platelets,56,2026-07-27,2026-08-01,0,Available,True
UNIT02716,FAC030,B+,Platelets,51,2026-07-31,2026-08-05,4,Available,False
UNIT02717,FAC030,O+,Plasma,205,2025-10-14,2026-10-14,74,Reserved,False
UNIT02718,FAC030,AB+,Plasma,202,2026-05-09,2027-05-09,281,Available,False
UNIT02719,FAC030,B+,Whole Blood,399,2026-07-26,2026-08-30,29,Available,False
UNIT02720,FAC030,A+,Whole Blood,406,2026-07-23,2026-08-27,26,Available,False
UNIT02721,FAC030,O+,Plasma,232,2026-01-16,2027-01-16,168,Available,False
UNIT02722,FAC030,O+,RBC,252,2026-07-07,2026-08-11,10,Available,False
UNIT02723,FAC030,AB+,RBC,261,2026-07-20,2026-08-24,23,Reserved,False
UNIT02724,FAC030,B+,RBC,274,2026-06-30,2026-08-04,3,Available,True
UNIT02725,FAC030,A+,Platelets,60,2026-07-30,2026-08-04,3,Available,False
UNIT02726,FAC030,A+,Plasma,215,2026-07-02,2027-07-02,335,Available,False
UNIT02727,FAC030,AB+,Platelets,55,2026-07-29,2026-08-03,2,Available,False
UNIT02728,FAC030,A+,Whole Blood,429,2026-07-19,2026-08-23,22,Available,False
UNIT02729,FAC030,O+,Platelets,51,2026-07-30,2026-08-04,3,Available,False
UNIT02730,FAC030,O+,Whole Blood,399,2026-07-19,2026-08-23,22,Available,False
UNIT02731,FAC030,O+,Whole Blood,354,2026-07-02,2026-08-06,5,Available,True
UNIT02732,FAC030,AB+,Whole Blood,410,2026-07-29,2026-09-02,32,Available,False
UNIT02733,FAC030,O+,Plasma,228,2026-04-18,2027-04-18,260,Available,False
UNIT02734,FAC030,O+,RBC,272,2026-07-10,2026-08-14,13,Available,False
UNIT02735,FAC030,O+,Plasma,229,2026-02-23,2027-02-23,206,Reserved,False
UNIT02736,FAC030,B-,Platelets,52,2026-07-31,2026-08-05,4,Available,False
UNIT02737,FAC030,O+,Plasma,210,2025-04-26,2026-04-26,-97,Expired,False
UNIT02738,FAC030,B+,Whole Blood,355,2026-07-18,2026-08-22,21,Available,False
UNIT02739,FAC030,B+,RBC,258,2026-06-21,2026-07-26,-6,Expired,False
UNIT02740,FAC030,O+,Platelets,56,2026-07-31,2026-08-05,4,Available,False
UNIT02741,FAC030,B+,Plasma,223,2026-03-05,2027-03-05,216,Available,False
UNIT02742,FAC030,B+,Plasma,215,2026-05-25,2027-05-25,297,Available,False
UNIT02743,FAC030,A+,RBC,296,2026-07-14,2026-08-18,17,Reserved,False
UNIT02744,FAC030,O+,Platelets,56,2026-07-27,2026-08-01,0,Available,True
UNIT02745,FAC030,B+,Platelets,51,2026-07-31,2026-08-05,4,Available,False
UNIT02746,FAC030,AB+,Plasma,249,2026-04-14,2027-04-14,256,Available,False
UNIT02747,FAC030,O+,Plasma,235,2026-06-20,2027-06-20,323,Available,False
UNIT02748,FAC030,O+,Plasma,228,2025-08-01,2026-08-01,0,Available,True
UNIT02749,FAC030,A+,RBC,267,2026-07-19,2026-08-23,22,Available,False
UNIT02750,FAC030,O-,RBC,262,2026-07-12,2026-08-16,15,Available,False
UNIT02751,FAC030,A+,Platelets,52,2026-07-30,2026-08-04,3,Available,False
UNIT02752,FAC030,O+,Plasma,239,2026-04-09,2027-04-09,251,Reserved,False
UNIT02753,FAC030,B-,Whole Blood,360,2026-07-10,2026-08-14,13,Available,False
UNIT02754,FAC030,A+,Whole Blood,395,2026-07-21,2026-08-25,24,Available,False
UNIT02755,FAC030,A+,RBC,269,2026-06-25,2026-07-30,-2,Expired,False
UNIT02756,FAC030,O+,Platelets,57,2026-07-29,2026-08-03,2,Available,False
UNIT02757,FAC030,B+,RBC,285,2026-07-22,2026-08-26,25,Available,False
UNIT02758,FAC030,A+,RBC,289,2026-07-25,2026-08-29,28,Available,False
UNIT02759,FAC030,B+,Plasma,215,2025-12-09,2026-12-09,130,Available,False
UNIT02760,FAC030,O+,RBC,252,2026-06-29,2026-08-03,2,Available,True
UNIT02761,FAC030,A+,Plasma,249,2026-02-24,2027-02-24,207,Available,False
UNIT02762,FAC030,A+,Platelets,52,2026-07-27,2026-08-01,0,Available,True
UNIT02763,FAC030,B+,Whole Blood,435,2026-06-24,2026-07-29,-3,Expired,False
UNIT02764,FAC030,AB+,Platelets,55,2026-07-26,2026-07-31,-1,Expired,False
UNIT02765,FAC030,A+,RBC,259,2026-07-12,2026-08-16,15,Available,False
UNIT02766,FAC030,A+,RBC,270,2026-06-25,2026-07-30,-2,Expired,False
UNIT02767,FAC030,B+,Whole Blood,413,2026-07-20,2026-08-24,23,Reserved,False
UNIT02768,FAC030,A+,Plasma,223,2025-05-23,2026-05-23,-70,Expired,False
UNIT02769,FAC030,O+,RBC,251,2026-07-16,2026-08-20,19,Reserved,False
UNIT02770,FAC030,B+,RBC,269,2026-07-28,2026-09-01,31,Available,False
UNIT02771,FAC030,B+,Plasma,248,2026-04-04,2027-04-04,246,Available,False
UNIT02772,FAC030,O+,Whole Blood,429,2026-07-21,2026-08-25,24,Available,False
UNIT02773,FAC030,A+,Whole Blood,410,2026-07-21,2026-08-25,24,Available,False
UNIT02774,FAC030,B+,Whole Blood,398,2026-07-10,2026-08-14,13,Available,False
UNIT02775,FAC030,B+,Plasma,222,2026-03-16,2027-03-16,227,Available,False
UNIT02776,FAC030,O+,RBC,278,2026-07-16,2026-08-20,19,Available,False
UNIT02777,FAC030,O+,Whole Blood,415,2026-07-05,2026-08-09,8,Reserved,False
UNIT02778,FAC030,O+,Whole Blood,363,2026-07-05,2026-08-09,8,Available,False
UNIT02779,FAC030,B+,RBC,265,2026-07-20,2026-08-24,23,Available,False
UNIT02780,FAC030,O+,Whole Blood,393,2026-07-30,2026-09-03,33,Available,False
UNIT02781,FAC030,O+,Whole Blood,408,2026-07-25,2026-08-29,28,Available,False
UNIT02782,FAC030,O+,Platelets,51,2026-07-28,2026-08-02,1,Available,True
UNIT02783,FAC030,A+,RBC,255,2026-07-24,2026-08-28,27,Available,False
UNIT02784,FAC030,A+,Whole Blood,379,2026-07-31,2026-09-04,34,Available,False
UNIT02785,FAC030,A+,Whole Blood,374,2026-07-19,2026-08-23,22,Available,False
UNIT02786,FAC030,B+,RBC,295,2026-07-09,2026-08-13,12,Available,False
UNIT02787,FAC030,A+,Platelets,50,2026-07-29,2026-08-03,2,Available,False
UNIT02788,FAC030,B+,Whole Blood,383,2026-07-27,2026-08-31,30,Reserved,False
UNIT02789,FAC030,A+,RBC,254,2026-07-09,2026-08-13,12,Available,False
UNIT02790,FAC030,A+,Platelets,56,2026-07-28,2026-08-02,1,Available,True
UNIT02791,FAC030,O+,Platelets,54,2026-07-29,2026-08-03,2,Available,False
UNIT02792,FAC030,A-,Platelets,58,2026-07-28,2026-08-02,1,Available,True
UNIT02793,FAC030,A+,Platelets,50,2026-07-31,2026-08-05,4,Available,False
UNIT02794,FAC030,A+,Platelets,56,2026-07-27,2026-08-01,0,Available,True
UNIT02795,FAC030,A+,Plasma,205,2026-07-12,2027-07-12,345,Available,False
UNIT02796,FAC030,B+,Platelets,51,2026-07-29,2026-08-03,2,Available,False
UNIT02797,FAC030,AB+,Platelets,57,2026-07-30,2026-08-04,3,Available,False
UNIT02798,FAC030,B+,Platelets,53,2026-07-28,2026-08-02,1,Available,True
UNIT02799,FAC030,A-,RBC,279,2026-07-28,2026-09-01,31,Available,False
UNIT02800,FAC030,O+,Platelets,56,2026-07-27,2026-08-01,0,Available,True
UNIT02801,FAC030,B+,Plasma,248,2026-03-03,2027-03-03,214,Available,False
UNIT02802,FAC030,B+,Whole Blood,398,2026-07-01,2026-08-05,4,Available,True
UNIT02803,FAC030,O-,RBC,300,2026-07-19,2026-08-23,22,Available,False
UNIT02804,FAC031,B+,Whole Blood,420,2026-07-21,2026-08-25,24,Reserved,False
UNIT02805,FAC031,B+,Whole Blood,405,2026-07-16,2026-08-20,19,Available,False
UNIT02806,FAC031,B+,Whole Blood,395,2026-07-16,2026-08-20,19,Available,False
UNIT02807,FAC031,O+,Whole Blood,440,2026-06-26,2026-07-31,-1,Expired,False
UNIT02808,FAC031,B+,RBC,281,2026-07-25,2026-08-29,28,Available,False
UNIT02809,FAC031,O+,RBC,290,2026-07-16,2026-08-20,19,Reserved,False
UNIT02810,FAC031,A+,Platelets,59,2026-07-30,2026-08-04,3,Available,False
UNIT02811,FAC031,A+,Whole Blood,397,2026-07-15,2026-08-19,18,Available,False
UNIT02812,FAC031,O+,Whole Blood,358,2026-07-20,2026-08-24,23,Reserved,False
UNIT02813,FAC031,A+,RBC,270,2026-07-18,2026-08-22,21,Available,False
UNIT02814,FAC031,O+,RBC,280,2026-07-12,2026-08-16,15,Reserved,False
UNIT02815,FAC031,O+,Platelets,53,2026-07-30,2026-08-04,3,Available,False
UNIT02816,FAC031,O+,RBC,264,2026-07-06,2026-08-10,9,Available,False
UNIT02817,FAC031,O+,Platelets,57,2026-07-31,2026-08-05,4,Available,False
UNIT02818,FAC031,AB+,Whole Blood,399,2026-07-21,2026-08-25,24,Reserved,False
UNIT02819,FAC031,O+,Platelets,57,2026-07-30,2026-08-04,3,Available,False
UNIT02820,FAC031,AB+,Platelets,53,2026-07-31,2026-08-05,4,Available,False
UNIT02821,FAC031,O+,RBC,299,2026-07-09,2026-08-13,12,Available,False
UNIT02822,FAC031,A+,Whole Blood,395,2026-07-23,2026-08-27,26,Available,False
UNIT02823,FAC031,O+,RBC,270,2026-07-14,2026-08-18,17,Available,False
UNIT02824,FAC031,B+,RBC,291,2026-07-13,2026-08-17,16,Available,False
UNIT02825,FAC031,A+,Platelets,50,2026-07-29,2026-08-03,2,Available,False
UNIT02826,FAC031,O+,Whole Blood,381,2026-07-15,2026-08-19,18,Available,False
UNIT02827,FAC031,O+,RBC,269,2026-07-09,2026-08-13,12,Available,False
UNIT02828,FAC031,B+,Whole Blood,432,2026-07-22,2026-08-26,25,Available,False
UNIT02829,FAC031,O+,Whole Blood,368,2026-07-20,2026-08-24,23,Available,False
UNIT02830,FAC031,B+,RBC,298,2026-07-14,2026-08-18,17,Available,False
UNIT02831,FAC031,B+,RBC,288,2026-07-17,2026-08-21,20,Available,False
UNIT02832,FAC031,B+,Whole Blood,352,2026-07-13,2026-08-17,16,Available,False
UNIT02833,FAC031,A+,RBC,270,2026-07-14,2026-08-18,17,Available,False
UNIT02834,FAC031,O+,RBC,291,2026-07-15,2026-08-19,18,Available,False
UNIT02835,FAC031,B+,Whole Blood,354,2026-07-21,2026-08-25,24,Available,False
UNIT02836,FAC031,O+,RBC,282,2026-07-14,2026-08-18,17,Available,False
UNIT02837,FAC031,A+,Platelets,51,2026-07-29,2026-08-03,2,Available,False
UNIT02838,FAC031,A+,Whole Blood,380,2026-07-15,2026-08-19,18,Reserved,False
UNIT02839,FAC031,A+,RBC,271,2026-06-23,2026-07-28,-4,Expired,False
UNIT02840,FAC031,A+,RBC,284,2026-07-07,2026-08-11,10,Available,False
UNIT02841,FAC031,A+,RBC,259,2026-07-12,2026-08-16,15,Available,False
UNIT02842,FAC031,AB+,Whole Blood,364,2026-07-05,2026-08-09,8,Available,False
UNIT02843,FAC031,O+,RBC,293,2026-07-23,2026-08-27,26,Available,False
UNIT02844,FAC031,AB+,Whole Blood,411,2026-07-12,2026-08-16,15,Available,False
UNIT02845,FAC031,A+,Whole Blood,367,2026-07-07,2026-08-11,10,Reserved,False
UNIT02846,FAC031,B+,RBC,275,2026-07-19,2026-08-23,22,Available,False
UNIT02847,FAC031,A+,RBC,294,2026-07-16,2026-08-20,19,Available,False
UNIT02848,FAC031,B+,Whole Blood,376,2026-07-28,2026-09-01,31,Available,False
UNIT02849,FAC031,A-,RBC,287,2026-07-30,2026-09-03,33,Available,False
UNIT02850,FAC031,O+,Platelets,53,2026-07-27,2026-08-01,0,Available,True
UNIT02851,FAC031,A+,Whole Blood,386,2026-06-29,2026-08-03,2,Available,True
UNIT02852,FAC031,B+,RBC,262,2026-07-16,2026-08-20,19,Available,False
UNIT02853,FAC031,O+,RBC,266,2026-07-21,2026-08-25,24,Available,False
UNIT02854,FAC031,B+,Platelets,59,2026-07-31,2026-08-05,4,Available,False
UNIT02855,FAC031,O+,Platelets,52,2026-07-30,2026-08-04,3,Available,False
UNIT02856,FAC031,A+,RBC,263,2026-07-05,2026-08-09,8,Available,False
UNIT02857,FAC031,A+,Platelets,60,2026-07-29,2026-08-03,2,Available,False
UNIT02858,FAC031,A+,Platelets,50,2026-07-28,2026-08-02,1,Available,True
UNIT02859,FAC031,O+,Whole Blood,382,2026-07-14,2026-08-18,17,Reserved,False
UNIT02860,FAC031,A+,Whole Blood,373,2026-07-21,2026-08-25,24,Available,False
UNIT02861,FAC031,O+,Whole Blood,442,2026-07-16,2026-08-20,19,Available,False
UNIT02862,FAC031,B+,RBC,281,2026-07-13,2026-08-17,16,Available,False
UNIT02863,FAC031,B+,Platelets,53,2026-07-31,2026-08-05,4,Reserved,False
UNIT02864,FAC031,A+,Whole Blood,429,2026-07-01,2026-08-05,4,Available,True
UNIT02865,FAC031,A+,Whole Blood,350,2026-06-26,2026-07-31,-1,Expired,False
UNIT02866,FAC031,B+,RBC,256,2026-07-08,2026-08-12,11,Reserved,False
UNIT02867,FAC031,A+,Whole Blood,444,2026-07-11,2026-08-15,14,Reserved,False
UNIT02868,FAC031,O+,Whole Blood,388,2026-07-22,2026-08-26,25,Available,False
UNIT02869,FAC031,O+,Whole Blood,376,2026-07-21,2026-08-25,24,Available,False
UNIT02870,FAC031,A+,Platelets,50,2026-07-29,2026-08-03,2,Available,False
UNIT02871,FAC031,O+,RBC,296,2026-07-25,2026-08-29,28,Available,False
UNIT02872,FAC031,B+,Platelets,50,2026-07-29,2026-08-03,2,Available,False
UNIT02873,FAC031,O+,RBC,263,2026-07-28,2026-09-01,31,Available,False
UNIT02874,FAC031,A+,Platelets,56,2026-07-30,2026-08-04,3,Available,False
UNIT02875,FAC031,O+,RBC,252,2026-07-25,2026-08-29,28,Available,False
UNIT02876,FAC031,O+,RBC,262,2026-07-09,2026-08-13,12,Available,False
UNIT02877,FAC031,O+,Whole Blood,374,2026-07-10,2026-08-14,13,Reserved,False
UNIT02878,FAC031,B+,RBC,252,2026-07-05,2026-08-09,8,Reserved,False
UNIT02879,FAC032,AB+,RBC,273,2026-07-04,2026-08-08,7,Available,True
UNIT02880,FAC032,O+,RBC,270,2026-07-08,2026-08-12,11,Available,False
UNIT02881,FAC032,O+,RBC,273,2026-07-19,2026-08-23,22,Available,False
UNIT02882,FAC032,B+,RBC,293,2026-07-07,2026-08-11,10,Available,False
UNIT02883,FAC032,O+,RBC,277,2026-07-10,2026-08-14,13,Available,False
UNIT02884,FAC032,A+,RBC,272,2026-07-01,2026-08-05,4,Available,True
UNIT02885,FAC032,O+,RBC,260,2026-07-07,2026-08-11,10,Available,False
UNIT02886,FAC032,O+,RBC,290,2026-07-16,2026-08-20,19,Available,False
UNIT02887,FAC032,A+,RBC,260,2026-07-15,2026-08-19,18,Available,False
UNIT02888,FAC032,O+,Platelets,53,2026-07-31,2026-08-05,4,Available,False
UNIT02889,FAC032,O+,RBC,257,2026-07-27,2026-08-31,30,Available,False
UNIT02890,FAC032,O+,Platelets,50,2026-07-31,2026-08-05,4,Available,False
UNIT02891,FAC032,B+,Platelets,53,2026-07-29,2026-08-03,2,Available,False
UNIT02892,FAC032,O+,RBC,273,2026-07-16,2026-08-20,19,Available,False
UNIT02893,FAC032,B-,RBC,264,2026-07-15,2026-08-19,18,Available,False
UNIT02894,FAC032,AB+,Platelets,51,2026-07-30,2026-08-04,3,Available,False
UNIT02895,FAC032,A-,Platelets,53,2026-07-30,2026-08-04,3,Available,False
UNIT02896,FAC032,O+,Platelets,51,2026-07-28,2026-08-02,1,Available,True
UNIT02897,FAC032,O+,RBC,263,2026-07-23,2026-08-27,26,Available,False
UNIT02898,FAC032,B-,Whole Blood,374,2026-06-26,2026-07-31,-1,Expired,False
UNIT02899,FAC032,A+,Whole Blood,449,2026-07-22,2026-08-26,25,Available,False
UNIT02900,FAC032,O+,Whole Blood,404,2026-07-23,2026-08-27,26,Reserved,False
UNIT02901,FAC032,O+,Platelets,54,2026-07-30,2026-08-04,3,Available,False
UNIT02902,FAC032,B+,RBC,287,2026-07-24,2026-08-28,27,Available,False
UNIT02903,FAC032,O+,Platelets,57,2026-07-29,2026-08-03,2,Available,False
UNIT02904,FAC032,O+,RBC,294,2026-07-21,2026-08-25,24,Available,False
UNIT02905,FAC032,B+,RBC,277,2026-07-07,2026-08-11,10,Available,False
UNIT02906,FAC032,O+,Platelets,60,2026-07-28,2026-08-02,1,Reserved,False
UNIT02907,FAC032,B+,Whole Blood,447,2026-07-19,2026-08-23,22,Reserved,False
UNIT02908,FAC032,O+,RBC,265,2026-07-23,2026-08-27,26,Available,False
UNIT02909,FAC032,O+,Platelets,56,2026-07-29,2026-08-03,2,Available,False
UNIT02910,FAC032,O+,Whole Blood,391,2026-07-13,2026-08-17,16,Available,False
UNIT02911,FAC032,B+,Platelets,56,2026-07-28,2026-08-02,1,Available,True
UNIT02912,FAC032,A+,Platelets,50,2026-07-31,2026-08-05,4,Available,False
UNIT02913,FAC032,O+,RBC,267,2026-07-27,2026-08-31,30,Available,False
UNIT02914,FAC032,O+,RBC,296,2026-07-05,2026-08-09,8,Available,False
UNIT02915,FAC032,A+,Platelets,52,2026-07-31,2026-08-05,4,Available,False
UNIT02916,FAC032,O+,RBC,288,2026-07-03,2026-08-07,6,Available,True
UNIT02917,FAC032,B+,Whole Blood,359,2026-07-10,2026-08-14,13,Reserved,False
UNIT02918,FAC032,A+,RBC,297,2026-07-23,2026-08-27,26,Available,False
UNIT02919,FAC032,O+,Whole Blood,373,2026-07-06,2026-08-10,9,Available,False
UNIT02920,FAC032,A-,Platelets,57,2026-07-29,2026-08-03,2,Available,False
UNIT02921,FAC032,O+,Whole Blood,444,2026-07-26,2026-08-30,29,Available,False
UNIT02922,FAC032,O+,Platelets,55,2026-07-29,2026-08-03,2,Available,False
UNIT02923,FAC032,O+,RBC,294,2026-07-29,2026-09-02,32,Available,False
UNIT02924,FAC032,B+,Platelets,54,2026-07-31,2026-08-05,4,Available,False
UNIT02925,FAC032,B+,Platelets,54,2026-07-30,2026-08-04,3,Available,False
UNIT02926,FAC032,O+,Platelets,53,2026-07-30,2026-08-04,3,Available,False
UNIT02927,FAC032,O+,Whole Blood,423,2026-07-26,2026-08-30,29,Available,False
UNIT02928,FAC032,A+,Whole Blood,397,2026-07-18,2026-08-22,21,Reserved,False
UNIT02929,FAC032,AB+,RBC,261,2026-07-27,2026-08-31,30,Available,False
UNIT02930,FAC032,AB+,Whole Blood,368,2026-07-14,2026-08-18,17,Available,False
UNIT02931,FAC032,B+,Platelets,50,2026-07-29,2026-08-03,2,Available,False
UNIT02932,FAC032,B+,Whole Blood,424,2026-07-26,2026-08-30,29,Available,False
UNIT02933,FAC032,B+,RBC,265,2026-07-01,2026-08-05,4,Available,True
UNIT02934,FAC032,O+,Whole Blood,411,2026-07-24,2026-08-28,27,Available,False
UNIT02935,FAC032,A+,Whole Blood,419,2026-07-19,2026-08-23,22,Available,False
UNIT02936,FAC032,O+,Whole Blood,415,2026-07-25,2026-08-29,28,Available,False
UNIT02937,FAC032,A+,Whole Blood,359,2026-07-17,2026-08-21,20,Reserved,False
UNIT02938,FAC032,AB+,Whole Blood,430,2026-07-12,2026-08-16,15,Available,False
UNIT02939,FAC032,B+,Whole Blood,446,2026-07-04,2026-08-08,7,Available,True
UNIT02940,FAC032,B+,RBC,292,2026-07-06,2026-08-10,9,Available,False
UNIT02941,FAC032,O+,RBC,264,2026-07-19,2026-08-23,22,Available,False
UNIT02942,FAC032,O+,Whole Blood,415,2026-07-17,2026-08-21,20,Reserved,False
UNIT02943,FAC032,O+,Platelets,53,2026-07-28,2026-08-02,1,Available,True
UNIT02944,FAC032,AB+,RBC,288,2026-07-16,2026-08-20,19,Available,False
UNIT02945,FAC032,A+,Whole Blood,449,2026-07-14,2026-08-18,17,Available,False
UNIT02946,FAC032,A+,Platelets,54,2026-07-31,2026-08-05,4,Available,False
UNIT02947,FAC032,B+,RBC,270,2026-07-21,2026-08-25,24,Available,False
UNIT02948,FAC032,O+,RBC,294,2026-07-16,2026-08-20,19,Available,False
UNIT02949,FAC032,AB+,Platelets,60,2026-07-27,2026-08-01,0,Available,True
UNIT02950,FAC032,O+,Whole Blood,412,2026-07-17,2026-08-21,20,Available,False
UNIT02951,FAC032,O+,Platelets,54,2026-07-30,2026-08-04,3,Available,False
UNIT02952,FAC032,O+,RBC,264,2026-07-01,2026-08-05,4,Available,True
UNIT02953,FAC032,B+,RBC,272,2026-06-29,2026-08-03,2,Available,True
UNIT02954,FAC032,O+,Whole Blood,402,2026-07-04,2026-08-08,7,Available,True
UNIT02955,FAC032,B+,Platelets,59,2026-07-30,2026-08-04,3,Available,False
UNIT02956,FAC032,O+,Whole Blood,374,2026-07-05,2026-08-09,8,Available,False
UNIT02957,FAC033,O+,Whole Blood,393,2026-07-13,2026-08-17,16,Available,False
UNIT02958,FAC033,A+,Platelets,56,2026-07-28,2026-08-02,1,Available,True
UNIT02959,FAC033,B+,RBC,271,2026-06-27,2026-08-01,0,Available,True
UNIT02960,FAC033,A+,Platelets,56,2026-07-31,2026-08-05,4,Available,False
UNIT02961,FAC033,O+,RBC,266,2026-07-31,2026-09-04,34,Available,False
UNIT02962,FAC033,O+,RBC,267,2026-06-27,2026-08-01,0,Available,True
UNIT02963,FAC033,B+,RBC,277,2026-07-24,2026-08-28,27,Available,False
UNIT02964,FAC033,O+,RBC,274,2026-07-13,2026-08-17,16,Available,False
UNIT02965,FAC033,B+,Whole Blood,356,2026-07-24,2026-08-28,27,Available,False
UNIT02966,FAC033,A+,Whole Blood,384,2026-07-22,2026-08-26,25,Available,False
UNIT02967,FAC033,A+,Whole Blood,376,2026-06-28,2026-08-02,1,Available,True
UNIT02968,FAC033,A+,Platelets,55,2026-07-29,2026-08-03,2,Available,False
UNIT02969,FAC033,O+,Platelets,53,2026-07-31,2026-08-05,4,Available,False
UNIT02970,FAC033,A-,Platelets,58,2026-07-29,2026-08-03,2,Available,False
UNIT02971,FAC033,B+,Whole Blood,390,2026-07-25,2026-08-29,28,Available,False
UNIT02972,FAC033,O+,Whole Blood,376,2026-07-05,2026-08-09,8,Available,False
UNIT02973,FAC033,AB+,Whole Blood,361,2026-06-25,2026-07-30,-2,Expired,False
UNIT02974,FAC033,AB+,Platelets,54,2026-07-26,2026-07-31,-1,Expired,False
UNIT02975,FAC033,O+,Whole Blood,378,2026-07-26,2026-08-30,29,Available,False
UNIT02976,FAC033,B+,Platelets,53,2026-07-31,2026-08-05,4,Available,False
UNIT02977,FAC033,B+,Whole Blood,424,2026-07-23,2026-08-27,26,Available,False
UNIT02978,FAC033,O+,RBC,255,2026-07-18,2026-08-22,21,Available,False
UNIT02979,FAC033,B+,RBC,274,2026-07-18,2026-08-22,21,Available,False
UNIT02980,FAC033,O+,RBC,263,2026-07-29,2026-09-02,32,Available,False
UNIT02981,FAC033,O+,RBC,271,2026-07-18,2026-08-22,21,Available,False
UNIT02982,FAC033,B+,RBC,278,2026-07-16,2026-08-20,19,Available,False
UNIT02983,FAC033,AB+,RBC,294,2026-07-25,2026-08-29,28,Available,False
UNIT02984,FAC033,O+,Whole Blood,390,2026-07-06,2026-08-10,9,Available,False
UNIT02985,FAC033,B+,RBC,264,2026-07-23,2026-08-27,26,Available,False
UNIT02986,FAC033,B+,RBC,293,2026-06-25,2026-07-30,-2,Expired,False
UNIT02987,FAC033,O+,Whole Blood,441,2026-07-11,2026-08-15,14,Available,False
UNIT02988,FAC033,O+,RBC,251,2026-07-14,2026-08-18,17,Available,False
UNIT02989,FAC033,B+,Platelets,56,2026-07-30,2026-08-04,3,Available,False
UNIT02990,FAC033,B+,Whole Blood,383,2026-07-22,2026-08-26,25,Reserved,False
UNIT02991,FAC033,B+,Whole Blood,416,2026-07-23,2026-08-27,26,Available,False
UNIT02992,FAC033,AB+,Whole Blood,396,2026-07-03,2026-08-07,6,Reserved,False
UNIT02993,FAC033,A+,Whole Blood,361,2026-07-27,2026-08-31,30,Reserved,False
UNIT02994,FAC033,O+,Platelets,54,2026-07-31,2026-08-05,4,Available,False
UNIT02995,FAC033,B+,RBC,261,2026-07-25,2026-08-29,28,Available,False
UNIT02996,FAC033,A-,RBC,255,2026-07-25,2026-08-29,28,Available,False
UNIT02997,FAC033,O+,Platelets,52,2026-07-29,2026-08-03,2,Available,False
UNIT02998,FAC033,B+,RBC,265,2026-06-27,2026-08-01,0,Reserved,False
UNIT02999,FAC033,A+,Whole Blood,448,2026-07-13,2026-08-17,16,Available,False
UNIT03000,FAC033,A+,Whole Blood,420,2026-07-15,2026-08-19,18,Available,False
UNIT03001,FAC033,O+,Platelets,52,2026-07-31,2026-08-05,4,Available,False
UNIT03002,FAC033,B+,Whole Blood,384,2026-07-21,2026-08-25,24,Available,False
UNIT03003,FAC033,B+,Whole Blood,400,2026-07-16,2026-08-20,19,Reserved,False
UNIT03004,FAC033,A+,Whole Blood,380,2026-07-17,2026-08-21,20,Available,False
UNIT03005,FAC033,O+,RBC,265,2026-07-14,2026-08-18,17,Available,False
UNIT03006,FAC033,B+,Platelets,60,2026-07-31,2026-08-05,4,Available,False
UNIT03007,FAC033,AB+,Whole Blood,350,2026-07-27,2026-08-31,30,Available,False
UNIT03008,FAC033,B+,Platelets,56,2026-07-28,2026-08-02,1,Available,True
UNIT03009,FAC033,AB+,Platelets,60,2026-07-30,2026-08-04,3,Available,False
UNIT03010,FAC033,O+,RBC,297,2026-07-06,2026-08-10,9,Available,False
UNIT03011,FAC033,B+,RBC,282,2026-07-15,2026-08-19,18,Available,False
UNIT03012,FAC033,O+,Whole Blood,426,2026-07-05,2026-08-09,8,Available,False
UNIT03013,FAC033,O-,RBC,274,2026-07-26,2026-08-30,29,Reserved,False
UNIT03014,FAC033,B+,RBC,298,2026-07-29,2026-09-02,32,Available,False
UNIT03015,FAC033,A+,RBC,278,2026-07-06,2026-08-10,9,Available,False
UNIT03016,FAC033,O+,Platelets,56,2026-07-31,2026-08-05,4,Available,False
UNIT03017,FAC033,B+,Whole Blood,382,2026-06-30,2026-08-04,3,Reserved,False
UNIT03018,FAC033,B+,RBC,263,2026-07-09,2026-08-13,12,Available,False
UNIT03019,FAC033,B+,RBC,265,2026-06-25,2026-07-30,-2,Expired,False
UNIT03020,FAC033,O+,Platelets,50,2026-07-27,2026-08-01,0,Available,True
UNIT03021,FAC033,B+,RBC,254,2026-07-01,2026-08-05,4,Available,True
UNIT03022,FAC033,AB+,RBC,252,2026-07-04,2026-08-08,7,Available,True
UNIT03023,FAC033,O+,RBC,269,2026-07-27,2026-08-31,30,Available,False
UNIT03024,FAC033,O+,Whole Blood,445,2026-07-30,2026-09-03,33,Available,False
UNIT03025,FAC033,O+,RBC,290,2026-07-28,2026-09-01,31,Available,False
UNIT03026,FAC033,B+,Whole Blood,428,2026-07-18,2026-08-22,21,Available,False
UNIT03027,FAC033,B+,Platelets,58,2026-07-30,2026-08-04,3,Available,False
UNIT03028,FAC033,AB+,RBC,282,2026-07-07,2026-08-11,10,Available,False
UNIT03029,FAC033,A+,Platelets,51,2026-07-29,2026-08-03,2,Available,False
UNIT03030,FAC033,O-,Whole Blood,434,2026-06-27,2026-08-01,0,Available,True
UNIT03031,FAC033,O+,Platelets,52,2026-07-29,2026-08-03,2,Available,False
UNIT03032,FAC033,O+,Whole Blood,400,2026-07-27,2026-08-31,30,Available,False
UNIT03033,FAC033,A-,Whole Blood,374,2026-07-21,2026-08-25,24,Reserved,False
UNIT03034,FAC033,B+,Whole Blood,369,2026-07-18,2026-08-22,21,Available,False
UNIT03035,FAC033,B+,Platelets,50,2026-07-31,2026-08-05,4,Reserved,False
UNIT03036,FAC033,O-,Whole Blood,411,2026-07-02,2026-08-06,5,Available,True
UNIT03037,FAC033,O+,Whole Blood,436,2026-07-17,2026-08-21,20,Reserved,False
UNIT03038,FAC033,B+,Whole Blood,393,2026-07-11,2026-08-15,14,Available,False
UNIT03039,FAC033,O+,RBC,266,2026-07-03,2026-08-07,6,Reserved,False
UNIT03040,FAC033,AB+,Platelets,55,2026-07-27,2026-08-01,0,Available,True
UNIT03041,FAC033,O+,RBC,295,2026-07-15,2026-08-19,18,Available,False
UNIT03042,FAC033,AB+,Platelets,53,2026-07-31,2026-08-05,4,Available,False
UNIT03043,FAC034,A+,Whole Blood,388,2026-07-22,2026-08-26,25,Reserved,False
UNIT03044,FAC034,B+,Whole Blood,382,2026-07-28,2026-09-01,31,Available,False
UNIT03045,FAC034,A+,Whole Blood,378,2026-07-14,2026-08-18,17,Available,False
UNIT03046,FAC034,O+,Whole Blood,362,2026-07-17,2026-08-21,20,Available,False
UNIT03047,FAC034,O+,Whole Blood,422,2026-07-19,2026-08-23,22,Available,False
UNIT03048,FAC034,B+,Whole Blood,434,2026-07-23,2026-08-27,26,Available,False
UNIT03049,FAC034,A+,Whole Blood,401,2026-06-28,2026-08-02,1,Available,True
UNIT03050,FAC034,O+,Whole Blood,392,2026-07-19,2026-08-23,22,Reserved,False
UNIT03051,FAC034,O+,Whole Blood,412,2026-07-21,2026-08-25,24,Available,False
UNIT03052,FAC034,O+,Whole Blood,380,2026-07-13,2026-08-17,16,Available,False
UNIT03053,FAC034,B+,Whole Blood,425,2026-07-21,2026-08-25,24,Available,False
UNIT03054,FAC034,B+,Whole Blood,444,2026-07-26,2026-08-30,29,Available,False
UNIT03055,FAC034,A+,Whole Blood,439,2026-07-16,2026-08-20,19,Available,False
UNIT03056,FAC034,O+,Whole Blood,367,2026-07-31,2026-09-04,34,Available,False
UNIT03057,FAC034,B+,Whole Blood,439,2026-07-10,2026-08-14,13,Reserved,False
UNIT03058,FAC034,B+,Whole Blood,392,2026-07-28,2026-09-01,31,Reserved,False
UNIT03059,FAC034,A+,Whole Blood,428,2026-06-21,2026-07-26,-6,Expired,False
UNIT03060,FAC034,A+,Whole Blood,412,2026-07-06,2026-08-10,9,Reserved,False
UNIT03061,FAC034,A+,Whole Blood,428,2026-07-12,2026-08-16,15,Available,False
UNIT03062,FAC034,B+,Whole Blood,370,2026-07-17,2026-08-21,20,Available,False
UNIT03063,FAC034,O+,Whole Blood,386,2026-07-16,2026-08-20,19,Available,False
UNIT03064,FAC034,A+,Whole Blood,407,2026-07-11,2026-08-15,14,Available,False
UNIT03065,FAC034,B+,Whole Blood,401,2026-07-22,2026-08-26,25,Available,False
UNIT03066,FAC034,B+,Whole Blood,435,2026-07-05,2026-08-09,8,Available,False
UNIT03067,FAC034,B+,Whole Blood,354,2026-07-17,2026-08-21,20,Available,False
UNIT03068,FAC034,A+,Whole Blood,366,2026-07-25,2026-08-29,28,Reserved,False
UNIT03069,FAC034,A+,Whole Blood,390,2026-07-22,2026-08-26,25,Available,False
UNIT03070,FAC034,O+,Whole Blood,432,2026-07-18,2026-08-22,21,Available,False
UNIT03071,FAC035,O+,Whole Blood,410,2026-06-27,2026-08-01,0,Available,True
UNIT03072,FAC035,O+,Whole Blood,358,2026-07-25,2026-08-29,28,Available,False
UNIT03073,FAC035,A+,Whole Blood,409,2026-07-19,2026-08-23,22,Available,False
UNIT03074,FAC035,O+,Whole Blood,407,2026-07-06,2026-08-10,9,Available,False
UNIT03075,FAC035,A+,Whole Blood,434,2026-07-08,2026-08-12,11,Available,False
UNIT03076,FAC035,B+,Whole Blood,382,2026-07-30,2026-09-03,33,Available,False
UNIT03077,FAC035,B+,Whole Blood,355,2026-07-01,2026-08-05,4,Available,True
UNIT03078,FAC035,O+,Whole Blood,385,2026-07-16,2026-08-20,19,Available,False
UNIT03079,FAC035,O+,Whole Blood,430,2026-07-18,2026-08-22,21,Available,False
UNIT03080,FAC035,B+,Whole Blood,350,2026-07-05,2026-08-09,8,Available,False
UNIT03081,FAC035,A+,Whole Blood,434,2026-07-24,2026-08-28,27,Available,False
UNIT03082,FAC035,O+,Whole Blood,425,2026-07-15,2026-08-19,18,Reserved,False
UNIT03083,FAC035,O+,Whole Blood,355,2026-07-18,2026-08-22,21,Reserved,False
UNIT03084,FAC035,B+,Whole Blood,355,2026-07-15,2026-08-19,18,Available,False
UNIT03085,FAC035,B+,Whole Blood,358,2026-07-19,2026-08-23,22,Available,False
UNIT03086,FAC035,B+,Whole Blood,427,2026-06-28,2026-08-02,1,Reserved,False
UNIT03087,FAC035,O+,Whole Blood,383,2026-07-04,2026-08-08,7,Available,True
UNIT03088,FAC035,B+,Whole Blood,424,2026-07-04,2026-08-08,7,Available,True
UNIT03089,FAC035,B+,Whole Blood,378,2026-07-31,2026-09-04,34,Available,False
UNIT03090,FAC035,O+,Whole Blood,356,2026-07-23,2026-08-27,26,Available,False
UNIT03091,FAC035,O+,Whole Blood,403,2026-07-15,2026-08-19,18,Reserved,False
UNIT03092,FAC035,A+,Whole Blood,413,2026-07-07,2026-08-11,10,Available,False
UNIT03093,FAC035,O-,Whole Blood,449,2026-07-15,2026-08-19,18,Available,False
UNIT03094,FAC035,A+,Whole Blood,442,2026-06-28,2026-08-02,1,Available,True
UNIT03095,FAC035,B+,Whole Blood,392,2026-07-30,2026-09-03,33,Available,False
UNIT03096,FAC035,O+,Whole Blood,445,2026-07-29,2026-09-02,32,Available,False
UNIT03097,FAC035,O+,Whole Blood,403,2026-07-11,2026-08-15,14,Available,False
UNIT03098,FAC035,A+,Whole Blood,362,2026-07-24,2026-08-28,27,Available,False
UNIT03099,FAC035,O+,Whole Blood,420,2026-07-21,2026-08-25,24,Available,False
UNIT03100,FAC035,O+,Whole Blood,365,2026-06-22,2026-07-27,-5,Expired,False
UNIT03101,FAC035,O+,Whole Blood,358,2026-06-26,2026-07-31,-1,Expired,False
UNIT03102,FAC036,O+,Whole Blood,364,2026-06-24,2026-07-29,-3,Expired,False
UNIT03103,FAC036,O+,Whole Blood,449,2026-07-26,2026-08-30,29,Available,False
UNIT03104,FAC036,B+,Whole Blood,450,2026-07-17,2026-08-21,20,Available,False
UNIT03105,FAC036,A+,Whole Blood,374,2026-07-20,2026-08-24,23,Available,False
UNIT03106,FAC036,B+,Whole Blood,429,2026-07-08,2026-08-12,11,Reserved,False
UNIT03107,FAC036,O+,Whole Blood,370,2026-06-20,2026-07-25,-7,Expired,False
UNIT03108,FAC036,A+,Whole Blood,374,2026-07-15,2026-08-19,18,Available,False
UNIT03109,FAC036,B+,Whole Blood,446,2026-07-29,2026-09-02,32,Available,False
UNIT03110,FAC036,B+,Whole Blood,431,2026-07-24,2026-08-28,27,Available,False
UNIT03111,FAC036,B+,Whole Blood,445,2026-06-23,2026-07-28,-4,Expired,False
UNIT03112,FAC036,A+,Whole Blood,391,2026-07-14,2026-08-18,17,Available,False
UNIT03113,FAC036,O+,Whole Blood,374,2026-06-30,2026-08-04,3,Available,True
UNIT03114,FAC036,A+,Whole Blood,397,2026-07-30,2026-09-03,33,Available,False
UNIT03115,FAC036,O+,Whole Blood,390,2026-07-07,2026-08-11,10,Available,False
UNIT03116,FAC036,O+,Whole Blood,416,2026-07-25,2026-08-29,28,Available,False
UNIT03117,FAC036,B+,Whole Blood,420,2026-07-13,2026-08-17,16,Available,False
UNIT03118,FAC036,O-,Whole Blood,450,2026-07-26,2026-08-30,29,Available,False
UNIT03119,FAC036,O+,Whole Blood,404,2026-07-23,2026-08-27,26,Available,False
UNIT03120,FAC036,B+,Whole Blood,367,2026-07-28,2026-09-01,31,Available,False
UNIT03121,FAC036,O+,Whole Blood,385,2026-06-18,2026-07-23,-9,Expired,False
UNIT03122,FAC036,B+,Whole Blood,417,2026-06-22,2026-07-27,-5,Expired,False
UNIT03123,FAC036,B+,Whole Blood,352,2026-07-21,2026-08-25,24,Available,False
UNIT03124,FAC036,A+,Whole Blood,367,2026-07-21,2026-08-25,24,Available,False
UNIT03125,FAC036,O+,Whole Blood,383,2026-07-20,2026-08-24,23,Available,False
UNIT03126,FAC036,O+,Whole Blood,377,2026-06-30,2026-08-04,3,Available,True
UNIT03127,FAC036,O+,Whole Blood,447,2026-07-23,2026-08-27,26,Available,False
UNIT03128,FAC036,B+,Whole Blood,423,2026-07-05,2026-08-09,8,Available,False
UNIT03129,FAC036,O+,Whole Blood,362,2026-06-29,2026-08-03,2,Available,True
UNIT03130,FAC036,O+,Whole Blood,361,2026-07-21,2026-08-25,24,Available,False
UNIT03131,FAC036,O+,Whole Blood,362,2026-07-08,2026-08-12,11,Available,False
UNIT03132,FAC036,O+,Whole Blood,410,2026-07-26,2026-08-30,29,Available,False
UNIT03133,FAC036,O+,Whole Blood,425,2026-07-15,2026-08-19,18,Available,False
UNIT03134,FAC037,O+,RBC,291,2026-07-27,2026-08-31,30,Available,False
UNIT03135,FAC037,O+,Whole Blood,377,2026-07-12,2026-08-16,15,Available,False
UNIT03136,FAC037,O+,RBC,293,2026-07-25,2026-08-29,28,Reserved,False
UNIT03137,FAC037,B+,Plasma,217,2026-07-18,2027-07-18,351,Available,False
UNIT03138,FAC037,AB+,RBC,277,2026-07-16,2026-08-20,19,Available,False
UNIT03139,FAC037,A+,Plasma,222,2026-05-11,2027-05-11,283,Available,False
UNIT03140,FAC037,A+,Plasma,215,2025-08-22,2026-08-22,21,Available,True
UNIT03141,FAC037,O+,Whole Blood,427,2026-07-09,2026-08-13,12,Available,False
UNIT03142,FAC037,B+,Whole Blood,382,2026-07-19,2026-08-23,22,Available,False
UNIT03143,FAC037,O+,RBC,292,2026-07-05,2026-08-09,8,Available,False
UNIT03144,FAC037,B+,Whole Blood,355,2026-07-23,2026-08-27,26,Available,False
UNIT03145,FAC037,O+,Plasma,207,2026-05-25,2027-05-25,297,Available,False
UNIT03146,FAC037,AB+,RBC,250,2026-07-09,2026-08-13,12,Available,False
UNIT03147,FAC037,B+,Platelets,60,2026-07-31,2026-08-05,4,Available,False
UNIT03148,FAC037,O+,Platelets,60,2026-07-30,2026-08-04,3,Available,False
UNIT03149,FAC037,B+,Platelets,60,2026-07-30,2026-08-04,3,Available,False
UNIT03150,FAC037,A+,Plasma,242,2026-03-31,2027-03-31,242,Available,False
UNIT03151,FAC037,B+,Plasma,227,2025-07-21,2026-07-21,-11,Expired,False
UNIT03152,FAC037,A+,Whole Blood,450,2026-07-18,2026-08-22,21,Available,False
UNIT03153,FAC037,O+,Whole Blood,376,2026-07-07,2026-08-11,10,Available,False
UNIT03154,FAC037,B+,Platelets,56,2026-07-31,2026-08-05,4,Available,False
UNIT03155,FAC037,O+,Plasma,237,2025-11-02,2026-11-02,93,Available,False
UNIT03156,FAC037,B+,Platelets,54,2026-07-29,2026-08-03,2,Available,False
UNIT03157,FAC037,O+,Plasma,228,2026-04-22,2027-04-22,264,Available,False
UNIT03158,FAC037,O+,Whole Blood,399,2026-07-06,2026-08-10,9,Available,False
UNIT03159,FAC037,A-,RBC,283,2026-07-26,2026-08-30,29,Available,False
UNIT03160,FAC037,B+,Whole Blood,389,2026-07-22,2026-08-26,25,Available,False
UNIT03161,FAC037,O+,Whole Blood,363,2026-07-28,2026-09-01,31,Reserved,False
UNIT03162,FAC037,B+,Platelets,60,2026-07-31,2026-08-05,4,Available,False
UNIT03163,FAC037,O+,RBC,250,2026-07-12,2026-08-16,15,Reserved,False
UNIT03164,FAC037,A+,Whole Blood,420,2026-07-21,2026-08-25,24,Available,False
UNIT03165,FAC037,B+,Platelets,51,2026-08-01,2026-08-06,5,Available,False
UNIT03166,FAC037,O+,Plasma,237,2026-04-26,2027-04-26,268,Available,False
UNIT03167,FAC037,A+,Plasma,236,2025-12-20,2026-12-20,141,Reserved,False
UNIT03168,FAC037,AB+,Whole Blood,381,2026-07-19,2026-08-23,22,Available,False
UNIT03169,FAC037,B+,Platelets,58,2026-07-30,2026-08-04,3,Available,False
UNIT03170,FAC037,B+,RBC,294,2026-07-18,2026-08-22,21,Available,False
UNIT03171,FAC037,A+,RBC,263,2026-07-23,2026-08-27,26,Available,False
UNIT03172,FAC037,B+,Whole Blood,420,2026-07-26,2026-08-30,29,Reserved,False
UNIT03173,FAC037,B+,RBC,273,2026-07-23,2026-08-27,26,Available,False
UNIT03174,FAC037,A+,Platelets,51,2026-08-01,2026-08-06,5,Available,False
UNIT03175,FAC037,O-,Plasma,215,2025-09-03,2026-09-03,33,Available,True
UNIT03176,FAC037,AB-,Whole Blood,418,2026-07-05,2026-08-09,8,Available,False
UNIT03177,FAC037,O+,RBC,284,2026-07-28,2026-09-01,31,Available,False
UNIT03178,FAC037,A+,Whole Blood,377,2026-06-28,2026-08-02,1,Available,True
UNIT03179,FAC037,O+,Platelets,53,2026-07-31,2026-08-05,4,Available,False
UNIT03180,FAC037,O+,Platelets,55,2026-08-01,2026-08-06,5,Available,False
UNIT03181,FAC037,O+,RBC,290,2026-07-29,2026-09-02,32,Available,False
UNIT03182,FAC037,AB+,Platelets,53,2026-07-31,2026-08-05,4,Available,False
UNIT03183,FAC037,O+,RBC,258,2026-07-24,2026-08-28,27,Available,False
UNIT03184,FAC037,B+,Whole Blood,367,2026-07-11,2026-08-15,14,Available,False
UNIT03185,FAC037,A+,RBC,298,2026-07-20,2026-08-24,23,Available,False
UNIT03186,FAC037,B+,Plasma,210,2026-05-20,2027-05-20,292,Available,False
UNIT03187,FAC037,B+,Whole Blood,372,2026-07-25,2026-08-29,28,Available,False
UNIT03188,FAC037,O+,Plasma,213,2026-06-01,2027-06-01,304,Available,False
UNIT03189,FAC037,A+,Plasma,210,2026-06-01,2027-06-01,304,Available,False
UNIT03190,FAC037,B+,Platelets,59,2026-07-28,2026-08-02,1,Available,True
UNIT03191,FAC037,B-,RBC,277,2026-06-26,2026-07-31,-1,Expired,False
UNIT03192,FAC037,A+,Plasma,213,2026-04-19,2027-04-19,261,Available,False
UNIT03193,FAC037,O+,Whole Blood,448,2026-07-24,2026-08-28,27,Available,False
UNIT03194,FAC037,B-,Whole Blood,438,2026-07-01,2026-08-05,4,Available,True
UNIT03195,FAC037,A+,Whole Blood,364,2026-07-23,2026-08-27,26,Available,False
UNIT03196,FAC037,AB+,Plasma,247,2025-08-23,2026-08-23,22,Available,True
UNIT03197,FAC037,O+,Whole Blood,379,2026-07-16,2026-08-20,19,Available,False
UNIT03198,FAC037,O+,RBC,288,2026-06-29,2026-08-03,2,Available,True
UNIT03199,FAC037,AB+,Whole Blood,393,2026-07-23,2026-08-27,26,Available,False
UNIT03200,FAC037,B+,Whole Blood,367,2026-07-23,2026-08-27,26,Available,False
UNIT03201,FAC037,O+,Whole Blood,376,2026-07-18,2026-08-22,21,Available,False
UNIT03202,FAC037,A+,RBC,259,2026-07-09,2026-08-13,12,Available,False
UNIT03203,FAC037,O+,Whole Blood,360,2026-07-18,2026-08-22,21,Available,False
UNIT03204,FAC037,O+,Platelets,55,2026-07-30,2026-08-04,3,Available,False
UNIT03205,FAC037,A+,Whole Blood,438,2026-07-06,2026-08-10,9,Available,False
UNIT03206,FAC037,A+,Whole Blood,445,2026-07-27,2026-08-31,30,Available,False
UNIT03207,FAC037,O+,Whole Blood,362,2026-07-27,2026-08-31,30,Available,False
UNIT03208,FAC037,B+,Platelets,59,2026-07-31,2026-08-05,4,Available,False
UNIT03209,FAC037,A+,RBC,270,2026-06-21,2026-07-26,-6,Expired,False
UNIT03210,FAC037,B+,Whole Blood,387,2026-07-05,2026-08-09,8,Available,False
UNIT03211,FAC037,O+,Platelets,52,2026-07-31,2026-08-05,4,Available,False
UNIT03212,FAC037,AB+,Plasma,249,2026-04-17,2027-04-17,259,Available,False
UNIT03213,FAC037,A+,RBC,289,2026-07-04,2026-08-08,7,Available,True
UNIT03214,FAC037,O+,Platelets,56,2026-07-30,2026-08-04,3,Available,False
UNIT03215,FAC037,B+,Whole Blood,383,2026-07-13,2026-08-17,16,Available,False
UNIT03216,FAC037,O+,Plasma,223,2026-04-02,2027-04-02,244,Available,False
UNIT03217,FAC037,O+,Platelets,59,2026-07-30,2026-08-04,3,Available,False
UNIT03218,FAC037,A+,Plasma,214,2026-05-21,2027-05-21,293,Available,False
UNIT03219,FAC037,O-,Platelets,52,2026-07-29,2026-08-03,2,Available,False
UNIT03220,FAC037,O+,Plasma,202,2025-11-26,2026-11-26,117,Available,False
UNIT03221,FAC037,O+,Whole Blood,427,2026-07-19,2026-08-23,22,Available,False
UNIT03222,FAC037,O+,Plasma,201,2026-01-08,2027-01-08,160,Available,False
UNIT03223,FAC037,O+,RBC,253,2026-07-26,2026-08-30,29,Available,False
UNIT03224,FAC037,O+,Plasma,235,2026-04-26,2027-04-26,268,Available,False
UNIT03225,FAC037,O+,Whole Blood,432,2026-07-22,2026-08-26,25,Available,False
UNIT03226,FAC037,A+,Plasma,233,2026-02-17,2027-02-17,200,Reserved,False
UNIT03227,FAC037,A+,RBC,267,2026-07-15,2026-08-19,18,Available,False
UNIT03228,FAC037,B+,Whole Blood,436,2026-07-25,2026-08-29,28,Available,False
UNIT03229,FAC037,B+,RBC,292,2026-07-15,2026-08-19,18,Available,False
UNIT03230,FAC037,O+,Plasma,226,2026-04-14,2027-04-14,256,Available,False
UNIT03231,FAC037,O+,RBC,283,2026-07-20,2026-08-24,23,Available,False
UNIT03232,FAC037,B+,Whole Blood,360,2026-07-21,2026-08-25,24,Available,False
UNIT03233,FAC037,B+,Whole Blood,430,2026-07-04,2026-08-08,7,Available,True
UNIT03234,FAC037,B+,Platelets,54,2026-07-27,2026-08-01,0,Available,True
UNIT03235,FAC037,O+,Whole Blood,442,2026-07-24,2026-08-28,27,Available,False
UNIT03236,FAC037,O+,Platelets,53,2026-07-30,2026-08-04,3,Available,False
UNIT03237,FAC037,O+,Whole Blood,389,2026-07-11,2026-08-15,14,Available,False
UNIT03238,FAC037,B+,Platelets,58,2026-07-28,2026-08-02,1,Available,True
UNIT03239,FAC037,B+,Whole Blood,397,2026-07-06,2026-08-10,9,Available,False
UNIT03240,FAC037,B+,RBC,296,2026-07-04,2026-08-08,7,Available,True
UNIT03241,FAC037,O+,Plasma,243,2026-01-11,2027-01-11,163,Available,False
UNIT03242,FAC037,O+,Whole Blood,387,2026-07-22,2026-08-26,25,Available,False
UNIT03243,FAC037,B+,RBC,272,2026-07-24,2026-08-28,27,Available,False
UNIT03244,FAC037,A+,Platelets,51,2026-07-29,2026-08-03,2,Reserved,False
UNIT03245,FAC037,B+,RBC,255,2026-07-05,2026-08-09,8,Available,False
UNIT03246,FAC037,A+,Plasma,250,2026-02-08,2027-02-08,191,Available,False
UNIT03247,FAC037,A+,Whole Blood,425,2026-07-13,2026-08-17,16,Available,False
UNIT03248,FAC037,A+,RBC,291,2026-07-16,2026-08-20,19,Available,False
UNIT03249,FAC037,B+,RBC,252,2026-07-28,2026-09-01,31,Available,False
UNIT03250,FAC037,O+,Whole Blood,414,2026-06-28,2026-08-02,1,Available,True
UNIT03251,FAC037,B+,Platelets,51,2026-07-26,2026-07-31,-1,Expired,False
UNIT03252,FAC037,B+,Plasma,233,2025-11-05,2026-11-05,96,Available,False
UNIT03253,FAC037,O+,Whole Blood,353,2026-06-29,2026-08-03,2,Available,True
UNIT03254,FAC037,O-,Whole Blood,403,2026-07-13,2026-08-17,16,Available,False
UNIT03255,FAC037,A+,RBC,250,2026-07-03,2026-08-07,6,Available,True
UNIT03256,FAC037,B+,Plasma,231,2026-04-05,2027-04-05,247,Available,False
UNIT03257,FAC037,B+,Platelets,56,2026-07-28,2026-08-02,1,Available,True
UNIT03258,FAC037,O+,RBC,272,2026-07-19,2026-08-23,22,Available,False
UNIT03259,FAC037,A+,Whole Blood,365,2026-07-27,2026-08-31,30,Available,False
UNIT03260,FAC037,O+,Platelets,53,2026-07-31,2026-08-05,4,Available,False
UNIT03261,FAC037,B+,Plasma,208,2026-04-02,2027-04-02,244,Available,False
UNIT03262,FAC037,O+,Plasma,210,2026-05-10,2027-05-10,282,Available,False
UNIT03263,FAC037,O+,RBC,271,2026-07-27,2026-08-31,30,Available,False
UNIT03264,FAC037,B+,Whole Blood,439,2026-07-27,2026-08-31,30,Reserved,False
UNIT03265,FAC037,O+,Platelets,50,2026-07-31,2026-08-05,4,Available,False
UNIT03266,FAC037,O+,Whole Blood,413,2026-07-06,2026-08-10,9,Available,False
UNIT03267,FAC037,O+,Plasma,202,2026-03-07,2027-03-07,218,Available,False
UNIT03268,FAC037,B+,Whole Blood,449,2026-07-26,2026-08-30,29,Available,False
UNIT03269,FAC037,O+,Whole Blood,357,2026-06-26,2026-07-31,-1,Expired,False
UNIT03270,FAC037,B+,RBC,288,2026-07-20,2026-08-24,23,Available,False
UNIT03271,FAC037,A+,Whole Blood,359,2026-07-19,2026-08-23,22,Available,False
UNIT03272,FAC037,B+,RBC,263,2026-07-26,2026-08-30,29,Available,False
UNIT03273,FAC037,B+,Platelets,58,2026-07-30,2026-08-04,3,Available,False
UNIT03274,FAC037,AB+,Plasma,231,2026-01-24,2027-01-24,176,Available,False
UNIT03275,FAC037,B+,RBC,266,2026-07-12,2026-08-16,15,Reserved,False
UNIT03276,FAC037,B+,Whole Blood,420,2026-07-26,2026-08-30,29,Available,False
UNIT03277,FAC037,A+,Plasma,215,2025-11-04,2026-11-04,95,Available,False
UNIT03278,FAC037,B+,RBC,291,2026-07-19,2026-08-23,22,Available,False
UNIT03279,FAC037,B+,Whole Blood,407,2026-07-28,2026-09-01,31,Available,False
UNIT03280,FAC037,O+,Whole Blood,397,2026-07-13,2026-08-17,16,Available,False
UNIT03281,FAC037,O-,Whole Blood,373,2026-07-05,2026-08-09,8,Available,False
UNIT03282,FAC037,O+,Plasma,237,2025-05-23,2026-05-23,-70,Expired,False
UNIT03283,FAC037,O+,Plasma,239,2025-11-15,2026-11-15,106,Available,False
UNIT03284,FAC037,O+,Plasma,224,2025-11-10,2026-11-10,101,Available,False
UNIT03285,FAC037,O+,Platelets,59,2026-07-28,2026-08-02,1,Available,True
UNIT03286,FAC037,O+,Plasma,209,2026-06-06,2027-06-06,309,Available,False
UNIT03287,FAC037,B-,Platelets,59,2026-07-29,2026-08-03,2,Available,False
UNIT03288,FAC037,B+,Platelets,58,2026-07-29,2026-08-03,2,Available,False
UNIT03289,FAC037,O+,RBC,262,2026-06-26,2026-07-31,-1,Expired,False
UNIT03290,FAC037,A+,RBC,277,2026-07-22,2026-08-26,25,Available,False
UNIT03291,FAC037,B+,Whole Blood,421,2026-07-19,2026-08-23,22,Available,False
UNIT03292,FAC037,B+,Plasma,226,2025-12-31,2026-12-31,152,Available,False
UNIT03293,FAC037,O+,Whole Blood,377,2026-07-12,2026-08-16,15,Available,False
UNIT03294,FAC037,B+,RBC,292,2026-07-15,2026-08-19,18,Available,False
UNIT03295,FAC037,O+,Platelets,58,2026-07-29,2026-08-03,2,Reserved,False
UNIT03296,FAC037,A+,Whole Blood,350,2026-07-03,2026-08-07,6,Reserved,False
UNIT03297,FAC038,O+,Whole Blood,438,2026-06-22,2026-07-27,-5,Expired,False
UNIT03298,FAC038,AB+,Plasma,250,2026-04-03,2027-04-03,245,Available,False
UNIT03299,FAC038,A+,Platelets,60,2026-07-30,2026-08-04,3,Available,False
UNIT03300,FAC038,B+,Plasma,240,2026-01-24,2027-01-24,176,Available,False
UNIT03301,FAC038,A+,RBC,277,2026-07-30,2026-09-03,33,Available,False
UNIT03302,FAC038,A+,RBC,270,2026-07-07,2026-08-11,10,Available,False
UNIT03303,FAC038,AB+,Whole Blood,384,2026-07-23,2026-08-27,26,Available,False
UNIT03304,FAC038,B+,RBC,269,2026-07-23,2026-08-27,26,Available,False
UNIT03305,FAC038,O+,Platelets,50,2026-07-29,2026-08-03,2,Available,False
UNIT03306,FAC038,O+,RBC,250,2026-07-17,2026-08-21,20,Available,False
UNIT03307,FAC038,O+,Plasma,224,2026-01-14,2027-01-14,166,Reserved,False
UNIT03308,FAC038,A+,Whole Blood,399,2026-07-26,2026-08-30,29,Reserved,False
UNIT03309,FAC038,B+,Whole Blood,428,2026-07-27,2026-08-31,30,Available,False
UNIT03310,FAC038,B+,Whole Blood,417,2026-07-28,2026-09-01,31,Available,False
UNIT03311,FAC038,A+,Platelets,51,2026-07-31,2026-08-05,4,Available,False
UNIT03312,FAC038,O+,Platelets,52,2026-07-31,2026-08-05,4,Available,False
UNIT03313,FAC038,O+,RBC,291,2026-07-01,2026-08-05,4,Reserved,False
UNIT03314,FAC038,B+,RBC,290,2026-07-28,2026-09-01,31,Available,False
UNIT03315,FAC038,B+,Whole Blood,426,2026-06-30,2026-08-04,3,Available,True
UNIT03316,FAC038,B+,RBC,258,2026-07-28,2026-09-01,31,Reserved,False
UNIT03317,FAC038,O+,Plasma,222,2025-12-20,2026-12-20,141,Available,False
UNIT03318,FAC038,A+,Whole Blood,430,2026-07-08,2026-08-12,11,Available,False
UNIT03319,FAC038,O+,Plasma,236,2025-08-13,2026-08-13,12,Reserved,False
UNIT03320,FAC038,O+,Whole Blood,400,2026-07-07,2026-08-11,10,Available,False
UNIT03321,FAC038,O+,Platelets,53,2026-07-31,2026-08-05,4,Available,False
UNIT03322,FAC038,B+,Whole Blood,390,2026-06-27,2026-08-01,0,Reserved,False
UNIT03323,FAC038,B+,RBC,275,2026-07-24,2026-08-28,27,Reserved,False
UNIT03324,FAC038,A+,Whole Blood,371,2026-07-17,2026-08-21,20,Available,False
UNIT03325,FAC038,O+,Whole Blood,364,2026-07-13,2026-08-17,16,Available,False
UNIT03326,FAC038,A-,Plasma,242,2026-04-30,2027-04-30,272,Available,False
UNIT03327,FAC038,B+,Plasma,222,2026-02-17,2027-02-17,200,Available,False
UNIT03328,FAC038,B+,RBC,292,2026-07-24,2026-08-28,27,Available,False
UNIT03329,FAC038,AB+,Platelets,52,2026-07-31,2026-08-05,4,Available,False
UNIT03330,FAC038,O+,Platelets,54,2026-07-31,2026-08-05,4,Available,False
UNIT03331,FAC038,B+,Whole Blood,356,2026-07-18,2026-08-22,21,Available,False
UNIT03332,FAC038,B+,RBC,275,2026-07-10,2026-08-14,13,Available,False
UNIT03333,FAC038,B+,Whole Blood,444,2026-06-28,2026-08-02,1,Reserved,False
UNIT03334,FAC038,O+,RBC,260,2026-06-29,2026-08-03,2,Available,True
UNIT03335,FAC038,O+,Plasma,211,2025-09-02,2026-09-02,32,Available,True
UNIT03336,FAC038,A+,RBC,276,2026-07-22,2026-08-26,25,Reserved,False
UNIT03337,FAC038,A+,Platelets,60,2026-07-29,2026-08-03,2,Available,False
UNIT03338,FAC038,AB+,RBC,264,2026-07-07,2026-08-11,10,Available,False
UNIT03339,FAC038,O+,RBC,261,2026-07-01,2026-08-05,4,Available,True
UNIT03340,FAC038,AB+,Platelets,59,2026-07-30,2026-08-04,3,Available,False
UNIT03341,FAC038,O+,Whole Blood,419,2026-07-16,2026-08-20,19,Available,False
UNIT03342,FAC038,O+,Plasma,207,2026-03-17,2027-03-17,228,Reserved,False
UNIT03343,FAC038,B+,Whole Blood,380,2026-07-19,2026-08-23,22,Reserved,False
UNIT03344,FAC038,O+,RBC,298,2026-07-02,2026-08-06,5,Available,True
UNIT03345,FAC038,A+,RBC,261,2026-07-27,2026-08-31,30,Available,False
UNIT03346,FAC038,A-,Platelets,56,2026-07-30,2026-08-04,3,Available,False
UNIT03347,FAC038,O+,Platelets,57,2026-08-01,2026-08-06,5,Available,False
UNIT03348,FAC038,O+,Platelets,51,2026-07-30,2026-08-04,3,Available,False
UNIT03349,FAC038,B+,RBC,270,2026-07-27,2026-08-31,30,Available,False
UNIT03350,FAC038,AB+,Plasma,235,2025-11-16,2026-11-16,107,Reserved,False
UNIT03351,FAC038,AB+,Platelets,58,2026-07-31,2026-08-05,4,Available,False
UNIT03352,FAC038,B+,Whole Blood,366,2026-06-26,2026-07-31,-1,Expired,False
UNIT03353,FAC038,O+,Whole Blood,427,2026-07-03,2026-08-07,6,Available,True
UNIT03354,FAC038,O+,RBC,296,2026-07-11,2026-08-15,14,Available,False
UNIT03355,FAC038,AB+,Platelets,52,2026-07-30,2026-08-04,3,Available,False
UNIT03356,FAC038,B+,Platelets,58,2026-07-28,2026-08-02,1,Available,True
UNIT03357,FAC038,O+,Whole Blood,419,2026-07-22,2026-08-26,25,Available,False
UNIT03358,FAC038,B+,Whole Blood,395,2026-07-10,2026-08-14,13,Available,False
UNIT03359,FAC038,O+,RBC,274,2026-06-30,2026-08-04,3,Available,True
UNIT03360,FAC038,B+,RBC,267,2026-07-29,2026-09-02,32,Available,False
UNIT03361,FAC038,B+,Whole Blood,358,2026-06-24,2026-07-29,-3,Expired,False
UNIT03362,FAC038,O+,Plasma,224,2026-02-18,2027-02-18,201,Available,False
UNIT03363,FAC038,AB+,Plasma,209,2026-02-14,2027-02-14,197,Available,False
UNIT03364,FAC038,O+,RBC,281,2026-07-21,2026-08-25,24,Available,False
UNIT03365,FAC038,O-,Whole Blood,437,2026-07-06,2026-08-10,9,Available,False
UNIT03366,FAC038,B+,Plasma,250,2025-12-30,2026-12-30,151,Available,False
UNIT03367,FAC038,B+,Whole Blood,434,2026-07-10,2026-08-14,13,Reserved,False
UNIT03368,FAC038,O+,Platelets,59,2026-07-28,2026-08-02,1,Available,True
UNIT03369,FAC038,B+,Plasma,207,2026-01-25,2027-01-25,177,Available,False
UNIT03370,FAC038,A+,RBC,273,2026-07-06,2026-08-10,9,Available,False
UNIT03371,FAC038,B+,RBC,287,2026-06-27,2026-08-01,0,Available,True
UNIT03372,FAC038,B+,RBC,268,2026-07-20,2026-08-24,23,Available,False
UNIT03373,FAC038,A+,RBC,284,2026-07-12,2026-08-16,15,Available,False
UNIT03374,FAC038,O+,Platelets,53,2026-07-28,2026-08-02,1,Available,True
UNIT03375,FAC038,O+,RBC,286,2026-07-15,2026-08-19,18,Reserved,False
UNIT03376,FAC038,O+,Platelets,60,2026-07-30,2026-08-04,3,Available,False
UNIT03377,FAC038,O+,Platelets,57,2026-07-31,2026-08-05,4,Available,False
UNIT03378,FAC038,A+,Platelets,52,2026-07-30,2026-08-04,3,Reserved,False
UNIT03379,FAC038,B+,RBC,283,2026-07-02,2026-08-06,5,Available,True
UNIT03380,FAC038,AB+,Platelets,58,2026-07-31,2026-08-05,4,Available,False
UNIT03381,FAC038,A+,Plasma,241,2026-03-26,2027-03-26,237,Available,False
UNIT03382,FAC038,B+,Platelets,58,2026-07-27,2026-08-01,0,Reserved,False
UNIT03383,FAC038,B+,Platelets,54,2026-07-28,2026-08-02,1,Available,True
UNIT03384,FAC038,O+,RBC,289,2026-07-30,2026-09-03,33,Available,False
UNIT03385,FAC038,A+,Whole Blood,411,2026-06-28,2026-08-02,1,Available,True
UNIT03386,FAC038,AB+,RBC,295,2026-07-28,2026-09-01,31,Available,False
UNIT03387,FAC038,B+,RBC,273,2026-07-22,2026-08-26,25,Available,False
UNIT03388,FAC038,A+,Platelets,51,2026-07-31,2026-08-05,4,Available,False
UNIT03389,FAC038,B+,Platelets,52,2026-07-31,2026-08-05,4,Available,False
UNIT03390,FAC038,B+,RBC,283,2026-07-04,2026-08-08,7,Available,True
UNIT03391,FAC038,A+,Plasma,201,2026-03-04,2027-03-04,215,Available,False
UNIT03392,FAC038,O+,Platelets,60,2026-07-27,2026-08-01,0,Available,True
UNIT03393,FAC038,O+,Platelets,50,2026-07-27,2026-08-01,0,Available,True
UNIT03394,FAC038,O+,RBC,257,2026-07-17,2026-08-21,20,Available,False
UNIT03395,FAC038,O+,Plasma,208,2026-01-28,2027-01-28,180,Available,False
UNIT03396,FAC038,O+,Whole Blood,415,2026-07-22,2026-08-26,25,Available,False
UNIT03397,FAC038,B+,Platelets,55,2026-07-30,2026-08-04,3,Reserved,False
UNIT03398,FAC038,AB+,Plasma,249,2026-03-13,2027-03-13,224,Reserved,False
UNIT03399,FAC038,AB+,Plasma,228,2025-10-29,2026-10-29,89,Available,False
UNIT03400,FAC038,B+,RBC,282,2026-07-25,2026-08-29,28,Available,False
UNIT03401,FAC038,B+,Platelets,59,2026-07-30,2026-08-04,3,Available,False
UNIT03402,FAC038,B+,Platelets,59,2026-07-28,2026-08-02,1,Available,True
UNIT03403,FAC038,B+,RBC,257,2026-07-21,2026-08-25,24,Available,False
UNIT03404,FAC038,O+,Plasma,201,2025-06-05,2026-06-05,-57,Expired,False
UNIT03405,FAC038,A+,Whole Blood,389,2026-07-01,2026-08-05,4,Available,True
UNIT03406,FAC038,B+,RBC,254,2026-07-13,2026-08-17,16,Available,False
UNIT03407,FAC038,O+,RBC,257,2026-07-12,2026-08-16,15,Available,False
UNIT03408,FAC038,O+,Platelets,55,2026-07-31,2026-08-05,4,Available,False
UNIT03409,FAC038,B+,RBC,297,2026-07-12,2026-08-16,15,Available,False
UNIT03410,FAC038,A+,Whole Blood,416,2026-07-22,2026-08-26,25,Available,False
UNIT03411,FAC038,B+,Plasma,245,2026-03-22,2027-03-22,233,Available,False
UNIT03412,FAC038,B+,Plasma,244,2025-07-06,2026-07-06,-26,Expired,False
UNIT03413,FAC038,O-,RBC,300,2026-07-18,2026-08-22,21,Reserved,False
UNIT03414,FAC038,B+,Platelets,50,2026-07-29,2026-08-03,2,Available,False
UNIT03415,FAC038,A+,RBC,254,2026-06-28,2026-08-02,1,Available,True
UNIT03416,FAC038,B+,RBC,256,2026-07-09,2026-08-13,12,Available,False
UNIT03417,FAC038,O+,RBC,288,2026-07-03,2026-08-07,6,Available,True
UNIT03418,FAC038,A+,Whole Blood,357,2026-07-12,2026-08-16,15,Available,False
UNIT03419,FAC038,B+,Whole Blood,403,2026-07-01,2026-08-05,4,Available,True
UNIT03420,FAC038,B+,RBC,272,2026-07-24,2026-08-28,27,Available,False
UNIT03421,FAC038,A+,RBC,295,2026-07-07,2026-08-11,10,Available,False
UNIT03422,FAC038,A+,Plasma,222,2026-05-14,2027-05-14,286,Available,False
UNIT03423,FAC038,B+,Platelets,58,2026-07-31,2026-08-05,4,Reserved,False
UNIT03424,FAC038,O+,Plasma,236,2026-05-24,2027-05-24,296,Available,False
UNIT03425,FAC038,O+,Platelets,60,2026-07-31,2026-08-05,4,Available,False
UNIT03426,FAC038,O+,Plasma,246,2025-08-30,2026-08-30,29,Available,True
UNIT03427,FAC038,A+,Whole Blood,406,2026-07-15,2026-08-19,18,Available,False
UNIT03428,FAC038,O+,Plasma,213,2026-05-15,2027-05-15,287,Available,False
UNIT03429,FAC038,A+,RBC,261,2026-06-28,2026-08-02,1,Available,True
UNIT03430,FAC038,O+,Whole Blood,423,2026-07-21,2026-08-25,24,Available,False
UNIT03431,FAC038,O+,RBC,256,2026-07-08,2026-08-12,11,Reserved,False
UNIT03432,FAC038,O+,Platelets,60,2026-07-29,2026-08-03,2,Available,False
UNIT03433,FAC038,B+,RBC,291,2026-07-23,2026-08-27,26,Available,False
UNIT03434,FAC038,B+,RBC,284,2026-07-06,2026-08-10,9,Available,False
UNIT03435,FAC038,A+,Platelets,60,2026-07-31,2026-08-05,4,Available,False
UNIT03436,FAC038,B+,Plasma,218,2026-05-04,2027-05-04,276,Available,False
UNIT03437,FAC038,B+,Whole Blood,382,2026-07-14,2026-08-18,17,Available,False
UNIT03438,FAC038,AB+,Plasma,211,2026-01-11,2027-01-11,163,Available,False
UNIT03439,FAC038,O+,Plasma,228,2026-07-22,2027-07-22,355,Available,False
UNIT03440,FAC038,A+,Whole Blood,426,2026-07-21,2026-08-25,24,Available,False
UNIT03441,FAC038,B+,Plasma,245,2025-12-01,2026-12-01,122,Available,False
UNIT03442,FAC038,O+,Platelets,58,2026-07-31,2026-08-05,4,Reserved,False
UNIT03443,FAC038,B+,RBC,256,2026-07-29,2026-09-02,32,Available,False
UNIT03444,FAC038,A+,Platelets,50,2026-07-30,2026-08-04,3,Available,False
UNIT03445,FAC038,AB+,RBC,298,2026-07-29,2026-09-02,32,Available,False
UNIT03446,FAC038,AB+,Plasma,236,2026-02-10,2027-02-10,193,Available,False
UNIT03447,FAC038,B+,RBC,273,2026-07-10,2026-08-14,13,Available,False
UNIT03448,FAC038,O+,Platelets,56,2026-07-31,2026-08-05,4,Available,False
UNIT03449,FAC038,O+,Whole Blood,388,2026-07-24,2026-08-28,27,Available,False
UNIT03450,FAC038,B+,Plasma,250,2025-12-29,2026-12-29,150,Available,False
UNIT03451,FAC038,AB+,Whole Blood,370,2026-07-17,2026-08-21,20,Available,False
UNIT03452,FAC038,O+,Whole Blood,423,2026-07-29,2026-09-02,32,Available,False
UNIT03453,FAC038,A+,Platelets,53,2026-07-29,2026-08-03,2,Available,False
UNIT03454,FAC038,B+,RBC,250,2026-07-28,2026-09-01,31,Available,False
UNIT03455,FAC038,AB+,Plasma,231,2026-06-08,2027-06-08,311,Available,False
UNIT03456,FAC038,A+,Whole Blood,369,2026-07-25,2026-08-29,28,Available,False
UNIT03457,FAC038,O+,Whole Blood,437,2026-07-24,2026-08-28,27,Available,False
UNIT03458,FAC038,O+,Plasma,208,2026-03-15,2027-03-15,226,Available,False
UNIT03459,FAC039,AB+,Whole Blood,363,2026-07-26,2026-08-30,29,Available,False
UNIT03460,FAC039,A+,RBC,252,2026-07-28,2026-09-01,31,Available,False
UNIT03461,FAC039,B+,Platelets,57,2026-07-29,2026-08-03,2,Reserved,False
UNIT03462,FAC039,O+,RBC,263,2026-06-28,2026-08-02,1,Available,True
UNIT03463,FAC039,A+,RBC,284,2026-07-18,2026-08-22,21,Available,False
UNIT03464,FAC039,A+,RBC,269,2026-07-17,2026-08-21,20,Available,False
UNIT03465,FAC039,O+,Whole Blood,372,2026-07-25,2026-08-29,28,Available,False
UNIT03466,FAC039,A+,Platelets,56,2026-08-01,2026-08-06,5,Available,False
UNIT03467,FAC039,O+,RBC,286,2026-06-28,2026-08-02,1,Available,True
UNIT03468,FAC039,O+,RBC,258,2026-07-25,2026-08-29,28,Available,False
UNIT03469,FAC039,A+,RBC,272,2026-07-09,2026-08-13,12,Available,False
UNIT03470,FAC039,O+,Whole Blood,350,2026-07-05,2026-08-09,8,Available,False
UNIT03471,FAC039,O+,RBC,272,2026-07-09,2026-08-13,12,Available,False
UNIT03472,FAC039,A+,Plasma,214,2025-10-14,2026-10-14,74,Available,False
UNIT03473,FAC039,O+,Whole Blood,395,2026-07-25,2026-08-29,28,Available,False
UNIT03474,FAC039,AB+,Platelets,52,2026-07-30,2026-08-04,3,Available,False
UNIT03475,FAC039,A+,Whole Blood,445,2026-07-23,2026-08-27,26,Available,False
UNIT03476,FAC039,O+,Whole Blood,356,2026-07-25,2026-08-29,28,Available,False
UNIT03477,FAC039,B+,Platelets,58,2026-07-29,2026-08-03,2,Available,False
UNIT03478,FAC039,B+,Whole Blood,406,2026-07-25,2026-08-29,28,Available,False
UNIT03479,FAC039,O+,Whole Blood,352,2026-07-18,2026-08-22,21,Available,False
UNIT03480,FAC039,B+,RBC,291,2026-07-26,2026-08-30,29,Available,False
UNIT03481,FAC039,O+,Whole Blood,370,2026-07-20,2026-08-24,23,Available,False
UNIT03482,FAC039,O+,Whole Blood,386,2026-07-23,2026-08-27,26,Available,False
UNIT03483,FAC039,A+,Whole Blood,401,2026-07-26,2026-08-30,29,Available,False
UNIT03484,FAC039,O+,Plasma,219,2026-03-26,2027-03-26,237,Reserved,False
UNIT03485,FAC039,O+,Platelets,55,2026-07-30,2026-08-04,3,Available,False
UNIT03486,FAC039,B+,Plasma,216,2025-10-03,2026-10-03,63,Reserved,False
UNIT03487,FAC039,B+,Whole Blood,409,2026-07-25,2026-08-29,28,Available,False
UNIT03488,FAC039,B+,Whole Blood,365,2026-07-28,2026-09-01,31,Available,False
UNIT03489,FAC039,O+,Whole Blood,444,2026-07-28,2026-09-01,31,Available,False
UNIT03490,FAC039,O+,RBC,298,2026-07-26,2026-08-30,29,Available,False
UNIT03491,FAC039,O+,Plasma,234,2026-05-18,2027-05-18,290,Available,False
UNIT03492,FAC039,A+,Whole Blood,407,2026-07-05,2026-08-09,8,Available,False
UNIT03493,FAC039,A+,Whole Blood,393,2026-07-02,2026-08-06,5,Available,True
UNIT03494,FAC039,O+,Plasma,226,2026-06-08,2027-06-08,311,Available,False
UNIT03495,FAC039,B+,RBC,271,2026-07-28,2026-09-01,31,Available,False
UNIT03496,FAC039,A+,Whole Blood,417,2026-07-05,2026-08-09,8,Available,False
UNIT03497,FAC039,O+,Plasma,211,2026-04-14,2027-04-14,256,Available,False
UNIT03498,FAC039,A+,RBC,261,2026-07-29,2026-09-02,32,Available,False
UNIT03499,FAC039,B+,Platelets,59,2026-07-30,2026-08-04,3,Available,False
UNIT03500,FAC039,B+,Whole Blood,392,2026-07-24,2026-08-28,27,Available,False
UNIT03501,FAC039,A+,RBC,278,2026-07-13,2026-08-17,16,Available,False
UNIT03502,FAC039,O+,Plasma,209,2025-09-06,2026-09-06,36,Available,True
UNIT03503,FAC039,A+,Whole Blood,439,2026-07-15,2026-08-19,18,Available,False
UNIT03504,FAC039,O+,Whole Blood,401,2026-07-29,2026-09-02,32,Reserved,False
UNIT03505,FAC039,B+,Whole Blood,425,2026-07-21,2026-08-25,24,Available,False
UNIT03506,FAC039,A+,Whole Blood,425,2026-07-05,2026-08-09,8,Available,False
UNIT03507,FAC039,B+,Plasma,201,2026-05-27,2027-05-27,299,Available,False
UNIT03508,FAC039,O+,Platelets,58,2026-07-29,2026-08-03,2,Available,False
UNIT03509,FAC039,A+,Platelets,60,2026-07-29,2026-08-03,2,Available,False
UNIT03510,FAC039,O-,Whole Blood,382,2026-07-21,2026-08-25,24,Available,False
UNIT03511,FAC039,AB-,Whole Blood,426,2026-07-05,2026-08-09,8,Available,False
UNIT03512,FAC039,O+,Plasma,231,2025-11-03,2026-11-03,94,Available,False
UNIT03513,FAC039,O+,Whole Blood,437,2026-07-24,2026-08-28,27,Available,False
UNIT03514,FAC039,A+,Plasma,218,2026-03-23,2027-03-23,234,Available,False
UNIT03515,FAC039,A+,Plasma,209,2025-07-15,2026-07-15,-17,Expired,False
UNIT03516,FAC039,A+,Platelets,59,2026-07-27,2026-08-01,0,Available,True
UNIT03517,FAC039,B+,RBC,277,2026-07-04,2026-08-08,7,Available,True
UNIT03518,FAC039,A+,Platelets,59,2026-07-29,2026-08-03,2,Reserved,False
UNIT03519,FAC039,B+,Whole Blood,383,2026-07-27,2026-08-31,30,Available,False
UNIT03520,FAC039,A+,Plasma,208,2025-10-01,2026-10-01,61,Reserved,False
UNIT03521,FAC039,A+,Plasma,234,2026-06-20,2027-06-20,323,Available,False
UNIT03522,FAC039,O+,Whole Blood,370,2026-07-27,2026-08-31,30,Available,False
UNIT03523,FAC039,O+,Whole Blood,383,2026-07-12,2026-08-16,15,Available,False
UNIT03524,FAC039,A+,Whole Blood,446,2026-07-23,2026-08-27,26,Available,False
UNIT03525,FAC039,O+,Plasma,205,2025-08-29,2026-08-29,28,Reserved,False
UNIT03526,FAC039,O+,Whole Blood,430,2026-07-08,2026-08-12,11,Available,False
UNIT03527,FAC039,AB+,Platelets,51,2026-07-27,2026-08-01,0,Available,True
UNIT03528,FAC039,O+,Plasma,208,2025-09-02,2026-09-02,32,Available,True
UNIT03529,FAC039,A+,Whole Blood,395,2026-07-18,2026-08-22,21,Reserved,False
UNIT03530,FAC039,B+,RBC,282,2026-07-14,2026-08-18,17,Available,False
UNIT03531,FAC039,B+,Whole Blood,353,2026-07-15,2026-08-19,18,Available,False
UNIT03532,FAC039,B+,Whole Blood,435,2026-07-18,2026-08-22,21,Available,False
UNIT03533,FAC039,A+,RBC,255,2026-07-03,2026-08-07,6,Available,True
UNIT03534,FAC039,B+,Plasma,205,2026-06-06,2027-06-06,309,Available,False
UNIT03535,FAC039,O+,Plasma,250,2025-12-19,2026-12-19,140,Available,False
UNIT03536,FAC039,A+,Plasma,229,2026-01-28,2027-01-28,180,Available,False
UNIT03537,FAC039,O+,Plasma,230,2026-01-22,2027-01-22,174,Reserved,False
UNIT03538,FAC039,O+,Whole Blood,379,2026-07-22,2026-08-26,25,Available,False
UNIT03539,FAC039,O+,Platelets,59,2026-07-27,2026-08-01,0,Available,True
UNIT03540,FAC039,B+,Platelets,58,2026-07-30,2026-08-04,3,Available,False
UNIT03541,FAC039,O+,RBC,294,2026-07-16,2026-08-20,19,Available,False
UNIT03542,FAC039,AB+,RBC,256,2026-07-21,2026-08-25,24,Available,False
UNIT03543,FAC039,O+,Plasma,242,2026-01-21,2027-01-21,173,Available,False
UNIT03544,FAC039,O+,Plasma,238,2026-05-13,2027-05-13,285,Available,False
UNIT03545,FAC039,O+,Platelets,58,2026-07-28,2026-08-02,1,Available,True
UNIT03546,FAC039,B+,Platelets,54,2026-07-27,2026-08-01,0,Available,True
UNIT03547,FAC039,B+,Platelets,52,2026-07-31,2026-08-05,4,Available,False
UNIT03548,FAC039,AB+,Whole Blood,395,2026-07-19,2026-08-23,22,Available,False
UNIT03549,FAC039,AB+,RBC,284,2026-07-04,2026-08-08,7,Available,True
UNIT03550,FAC039,AB+,Whole Blood,449,2026-07-16,2026-08-20,19,Available,False
UNIT03551,FAC039,A-,Plasma,239,2026-02-06,2027-02-06,189,Available,False
UNIT03552,FAC039,A+,Plasma,230,2026-05-24,2027-05-24,296,Available,False
UNIT03553,FAC039,A+,Plasma,201,2026-01-14,2027-01-14,166,Available,False
UNIT03554,FAC039,O+,Whole Blood,364,2026-07-27,2026-08-31,30,Available,False
UNIT03555,FAC039,AB+,RBC,288,2026-07-20,2026-08-24,23,Available,False
UNIT03556,FAC039,O+,RBC,263,2026-06-18,2026-07-23,-9,Expired,False
UNIT03557,FAC039,O+,Whole Blood,402,2026-07-23,2026-08-27,26,Available,False
UNIT03558,FAC039,O+,Platelets,54,2026-07-31,2026-08-05,4,Available,False
UNIT03559,FAC039,B+,Whole Blood,439,2026-07-19,2026-08-23,22,Available,False
UNIT03560,FAC039,A+,RBC,298,2026-07-20,2026-08-24,23,Reserved,False
UNIT03561,FAC039,B+,RBC,277,2026-07-22,2026-08-26,25,Available,False
UNIT03562,FAC039,B+,Whole Blood,385,2026-07-01,2026-08-05,4,Available,True
UNIT03563,FAC039,A+,Plasma,248,2026-03-17,2027-03-17,228,Available,False
UNIT03564,FAC039,O+,Whole Blood,383,2026-07-06,2026-08-10,9,Available,False
UNIT03565,FAC039,AB+,Whole Blood,443,2026-07-15,2026-08-19,18,Reserved,False
UNIT03566,FAC039,A+,Plasma,206,2026-02-28,2027-02-28,211,Available,False
UNIT03567,FAC039,B+,Plasma,206,2026-04-21,2027-04-21,263,Available,False
UNIT03568,FAC039,O+,Platelets,60,2026-07-29,2026-08-03,2,Reserved,False
UNIT03569,FAC039,B+,Platelets,58,2026-07-30,2026-08-04,3,Available,False
UNIT03570,FAC039,O+,RBC,294,2026-07-09,2026-08-13,12,Available,False
UNIT03571,FAC039,O+,Plasma,236,2026-04-11,2027-04-11,253,Available,False
UNIT03572,FAC039,B+,Whole Blood,390,2026-07-21,2026-08-25,24,Available,False
UNIT03573,FAC039,O+,Whole Blood,442,2026-07-26,2026-08-30,29,Available,False
UNIT03574,FAC039,AB+,RBC,280,2026-07-28,2026-09-01,31,Available,False
UNIT03575,FAC039,O-,RBC,294,2026-07-10,2026-08-14,13,Available,False
UNIT03576,FAC039,A+,Whole Blood,437,2026-07-27,2026-08-31,30,Available,False
UNIT03577,FAC039,O+,RBC,299,2026-07-04,2026-08-08,7,Available,True
UNIT03578,FAC039,AB+,Plasma,226,2026-05-07,2027-05-07,279,Available,False
UNIT03579,FAC039,O+,RBC,270,2026-07-26,2026-08-30,29,Available,False
UNIT03580,FAC039,B+,Whole Blood,353,2026-07-19,2026-08-23,22,Available,False
UNIT03581,FAC039,AB+,Platelets,59,2026-07-28,2026-08-02,1,Available,True
UNIT03582,FAC039,B+,Whole Blood,398,2026-07-22,2026-08-26,25,Available,False
UNIT03583,FAC039,O+,Platelets,58,2026-07-28,2026-08-02,1,Available,True
UNIT03584,FAC039,AB-,Plasma,250,2026-02-17,2027-02-17,200,Available,False
UNIT03585,FAC039,B+,RBC,269,2026-07-30,2026-09-03,33,Available,False
UNIT03586,FAC039,B+,Platelets,58,2026-07-30,2026-08-04,3,Available,False
UNIT03587,FAC039,O+,Plasma,220,2025-11-03,2026-11-03,94,Available,False
UNIT03588,FAC039,O+,RBC,251,2026-07-06,2026-08-10,9,Available,False
UNIT03589,FAC039,B+,RBC,275,2026-07-02,2026-08-06,5,Available,True
UNIT03590,FAC039,O+,RBC,276,2026-07-02,2026-08-06,5,Available,True
UNIT03591,FAC039,B+,Platelets,55,2026-07-31,2026-08-05,4,Available,False
UNIT03592,FAC039,AB+,Platelets,60,2026-07-31,2026-08-05,4,Available,False
UNIT03593,FAC039,B+,RBC,261,2026-07-26,2026-08-30,29,Available,False
UNIT03594,FAC039,O+,Plasma,244,2026-03-10,2027-03-10,221,Reserved,False
UNIT03595,FAC039,O+,Platelets,59,2026-07-30,2026-08-04,3,Available,False
UNIT03596,FAC040,O+,Platelets,50,2026-07-29,2026-08-03,2,Reserved,False
UNIT03597,FAC040,O+,Platelets,58,2026-08-01,2026-08-06,5,Available,False
UNIT03598,FAC040,O-,RBC,258,2026-07-09,2026-08-13,12,Reserved,False
UNIT03599,FAC040,O+,Whole Blood,395,2026-07-25,2026-08-29,28,Available,False
UNIT03600,FAC040,O+,Whole Blood,367,2026-06-27,2026-08-01,0,Available,True
UNIT03601,FAC040,O-,RBC,290,2026-07-06,2026-08-10,9,Available,False
UNIT03602,FAC040,O+,Whole Blood,371,2026-07-25,2026-08-29,28,Available,False
UNIT03603,FAC040,AB+,Platelets,57,2026-07-31,2026-08-05,4,Available,False
UNIT03604,FAC040,O+,RBC,274,2026-07-20,2026-08-24,23,Available,False
UNIT03605,FAC040,O+,Platelets,60,2026-07-31,2026-08-05,4,Available,False
UNIT03606,FAC040,AB+,RBC,261,2026-06-26,2026-07-31,-1,Expired,False
UNIT03607,FAC040,O+,Whole Blood,379,2026-07-10,2026-08-14,13,Available,False
UNIT03608,FAC040,O+,RBC,267,2026-07-20,2026-08-24,23,Available,False
UNIT03609,FAC040,AB+,Platelets,60,2026-07-27,2026-08-01,0,Available,True
UNIT03610,FAC040,O+,Platelets,53,2026-07-30,2026-08-04,3,Available,False
UNIT03611,FAC040,O+,Whole Blood,369,2026-07-26,2026-08-30,29,Reserved,False
UNIT03612,FAC040,O+,RBC,298,2026-07-22,2026-08-26,25,Available,False
UNIT03613,FAC040,O+,RBC,255,2026-07-10,2026-08-14,13,Available,False
UNIT03614,FAC040,O+,RBC,268,2026-07-07,2026-08-11,10,Available,False
UNIT03615,FAC040,O+,Platelets,50,2026-07-29,2026-08-03,2,Available,False
UNIT03616,FAC040,O+,Platelets,51,2026-07-30,2026-08-04,3,Available,False
UNIT03617,FAC040,O+,RBC,253,2026-07-09,2026-08-13,12,Available,False
UNIT03618,FAC040,O+,Whole Blood,381,2026-07-13,2026-08-17,16,Available,False
UNIT03619,FAC040,O+,RBC,252,2026-07-21,2026-08-25,24,Available,False
UNIT03620,FAC040,O+,Whole Blood,368,2026-07-21,2026-08-25,24,Available,False
UNIT03621,FAC040,O+,Whole Blood,389,2026-07-21,2026-08-25,24,Available,False
UNIT03622,FAC040,B-,Platelets,58,2026-07-28,2026-08-02,1,Available,True
UNIT03623,FAC040,AB+,RBC,282,2026-07-18,2026-08-22,21,Available,False
UNIT03624,FAC040,O+,RBC,266,2026-07-20,2026-08-24,23,Available,False
UNIT03625,FAC040,O+,Platelets,56,2026-07-27,2026-08-01,0,Available,True
UNIT03626,FAC040,AB+,Platelets,55,2026-07-31,2026-08-05,4,Available,False
UNIT03627,FAC040,O+,RBC,295,2026-07-13,2026-08-17,16,Available,False
UNIT03628,FAC040,O+,Whole Blood,446,2026-07-30,2026-09-03,33,Available,False
UNIT03629,FAC040,O+,Platelets,59,2026-07-29,2026-08-03,2,Available,False
UNIT03630,FAC040,AB+,Platelets,60,2026-07-30,2026-08-04,3,Available,False
UNIT03631,FAC040,O+,Platelets,59,2026-07-29,2026-08-03,2,Available,False
UNIT03632,FAC040,O+,Platelets,59,2026-07-30,2026-08-04,3,Available,False
UNIT03633,FAC040,AB+,RBC,280,2026-07-17,2026-08-21,20,Available,False
UNIT03634,FAC040,AB+,RBC,264,2026-07-10,2026-08-14,13,Available,False
UNIT03635,FAC040,AB+,Whole Blood,419,2026-07-02,2026-08-06,5,Reserved,False
UNIT03636,FAC040,O+,RBC,258,2026-07-09,2026-08-13,12,Available,False
UNIT03637,FAC040,O+,Platelets,52,2026-07-29,2026-08-03,2,Available,False
UNIT03638,FAC040,O+,Whole Blood,364,2026-07-14,2026-08-18,17,Available,False
UNIT03639,FAC040,O-,Platelets,52,2026-07-30,2026-08-04,3,Available,False
UNIT03640,FAC040,O+,Platelets,58,2026-07-31,2026-08-05,4,Available,False
UNIT03641,FAC040,O+,Platelets,52,2026-07-29,2026-08-03,2,Reserved,False
UNIT03642,FAC040,AB+,Whole Blood,379,2026-07-04,2026-08-08,7,Available,True
UNIT03643,FAC040,O+,Whole Blood,399,2026-07-30,2026-09-03,33,Available,False
UNIT03644,FAC040,O+,RBC,282,2026-07-26,2026-08-30,29,Reserved,False
UNIT03645,FAC040,O+,Platelets,60,2026-07-29,2026-08-03,2,Available,False
UNIT03646,FAC040,O+,RBC,268,2026-07-26,2026-08-30,29,Available,False
UNIT03647,FAC040,O+,RBC,296,2026-07-05,2026-08-09,8,Available,False
UNIT03648,FAC040,O+,Platelets,53,2026-07-31,2026-08-05,4,Available,False
UNIT03649,FAC040,O+,Whole Blood,450,2026-07-13,2026-08-17,16,Available,False
UNIT03650,FAC040,O+,RBC,285,2026-07-06,2026-08-10,9,Available,False
UNIT03651,FAC040,O+,Whole Blood,425,2026-07-21,2026-08-25,24,Available,False
UNIT03652,FAC040,O+,Platelets,53,2026-07-28,2026-08-02,1,Available,True
UNIT03653,FAC040,O+,Whole Blood,373,2026-07-17,2026-08-21,20,Available,False
UNIT03654,FAC040,B-,RBC,297,2026-06-26,2026-07-31,-1,Expired,False
UNIT03655,FAC040,O+,RBC,294,2026-07-04,2026-08-08,7,Available,True
UNIT03656,FAC040,AB+,RBC,292,2026-06-23,2026-07-28,-4,Expired,False
UNIT03657,FAC040,O+,RBC,291,2026-07-27,2026-08-31,30,Available,False
UNIT03658,FAC040,O+,RBC,255,2026-07-22,2026-08-26,25,Available,False
UNIT03659,FAC040,O+,Whole Blood,350,2026-06-21,2026-07-26,-6,Expired,False
UNIT03660,FAC040,O+,Platelets,59,2026-07-30,2026-08-04,3,Available,False
UNIT03661,FAC040,O+,Platelets,50,2026-07-30,2026-08-04,3,Available,False
UNIT03662,FAC040,O+,Platelets,58,2026-07-28,2026-08-02,1,Available,True
UNIT03663,FAC040,O+,Platelets,59,2026-07-31,2026-08-05,4,Available,False
UNIT03664,FAC040,O+,RBC,300,2026-07-25,2026-08-29,28,Available,False
UNIT03665,FAC040,B-,Whole Blood,416,2026-07-15,2026-08-19,18,Available,False
UNIT03666,FAC040,O+,Platelets,60,2026-07-31,2026-08-05,4,Available,False
UNIT03667,FAC040,O+,RBC,251,2026-07-06,2026-08-10,9,Available,False
UNIT03668,FAC040,O+,Platelets,51,2026-07-30,2026-08-04,3,Available,False
UNIT03669,FAC040,O+,RBC,258,2026-07-29,2026-09-02,32,Available,False
UNIT03670,FAC040,AB+,Whole Blood,447,2026-07-25,2026-08-29,28,Reserved,False
UNIT03671,FAC040,O-,RBC,286,2026-07-03,2026-08-07,6,Available,True
UNIT03672,FAC040,O+,Whole Blood,360,2026-07-19,2026-08-23,22,Available,False
UNIT03673,FAC040,O+,Whole Blood,423,2026-07-07,2026-08-11,10,Reserved,False
UNIT03674,FAC040,O+,Whole Blood,396,2026-06-27,2026-08-01,0,Available,True
UNIT03675,FAC040,O+,RBC,257,2026-06-24,2026-07-29,-3,Expired,False
UNIT03676,FAC040,O+,RBC,297,2026-07-22,2026-08-26,25,Available,False
UNIT03677,FAC040,AB+,RBC,254,2026-07-19,2026-08-23,22,Available,False
UNIT03678,FAC040,AB+,Platelets,52,2026-07-28,2026-08-02,1,Available,True
UNIT03679,FAC040,O+,Platelets,52,2026-07-29,2026-08-03,2,Available,False
UNIT03680,FAC040,O+,Whole Blood,411,2026-07-25,2026-08-29,28,Available,False
UNIT03681,FAC041,A+,Platelets,57,2026-07-30,2026-08-04,3,Available,False
UNIT03682,FAC041,O+,Whole Blood,366,2026-07-21,2026-08-25,24,Available,False
UNIT03683,FAC041,A+,Platelets,55,2026-07-31,2026-08-05,4,Available,False
UNIT03684,FAC041,B+,Whole Blood,443,2026-07-09,2026-08-13,12,Available,False
UNIT03685,FAC041,A+,Platelets,55,2026-07-30,2026-08-04,3,Reserved,False
UNIT03686,FAC041,B+,Whole Blood,367,2026-07-17,2026-08-21,20,Available,False
UNIT03687,FAC041,B+,RBC,282,2026-06-20,2026-07-25,-7,Expired,False
UNIT03688,FAC041,A+,Platelets,54,2026-07-29,2026-08-03,2,Reserved,False
UNIT03689,FAC041,A+,Whole Blood,416,2026-07-17,2026-08-21,20,Available,False
UNIT03690,FAC041,A+,Platelets,51,2026-07-31,2026-08-05,4,Available,False
UNIT03691,FAC041,A+,RBC,284,2026-07-27,2026-08-31,30,Reserved,False
UNIT03692,FAC041,O+,RBC,300,2026-07-31,2026-09-04,34,Available,False
UNIT03693,FAC041,B+,Platelets,50,2026-07-29,2026-08-03,2,Available,False
UNIT03694,FAC041,A+,Platelets,52,2026-07-30,2026-08-04,3,Available,False
UNIT03695,FAC041,O+,Whole Blood,434,2026-06-22,2026-07-27,-5,Expired,False
UNIT03696,FAC041,A+,Whole Blood,355,2026-07-18,2026-08-22,21,Available,False
UNIT03697,FAC041,O+,Whole Blood,406,2026-06-26,2026-07-31,-1,Expired,False
UNIT03698,FAC041,A+,Platelets,57,2026-07-31,2026-08-05,4,Available,False
UNIT03699,FAC041,A+,RBC,250,2026-07-13,2026-08-17,16,Available,False
UNIT03700,FAC041,O+,RBC,291,2026-06-29,2026-08-03,2,Available,True
UNIT03701,FAC041,A+,Platelets,55,2026-07-29,2026-08-03,2,Available,False
UNIT03702,FAC041,O+,Whole Blood,422,2026-07-05,2026-08-09,8,Available,False
UNIT03703,FAC041,B+,RBC,276,2026-07-13,2026-08-17,16,Available,False
UNIT03704,FAC041,B+,Platelets,51,2026-07-31,2026-08-05,4,Reserved,False
UNIT03705,FAC041,B+,Platelets,58,2026-07-31,2026-08-05,4,Available,False
UNIT03706,FAC041,O+,RBC,284,2026-07-24,2026-08-28,27,Available,False
UNIT03707,FAC041,A+,Platelets,55,2026-07-28,2026-08-02,1,Available,True
UNIT03708,FAC041,A+,RBC,275,2026-07-06,2026-08-10,9,Available,False
UNIT03709,FAC041,A-,Whole Blood,377,2026-07-27,2026-08-31,30,Reserved,False
UNIT03710,FAC041,O+,Platelets,53,2026-07-30,2026-08-04,3,Available,False
UNIT03711,FAC041,B+,Whole Blood,384,2026-07-18,2026-08-22,21,Available,False
UNIT03712,FAC041,O+,RBC,262,2026-07-28,2026-09-01,31,Available,False
UNIT03713,FAC041,AB+,Whole Blood,382,2026-06-21,2026-07-26,-6,Expired,False
UNIT03714,FAC041,O+,Platelets,52,2026-07-30,2026-08-04,3,Available,False
UNIT03715,FAC041,B+,Whole Blood,430,2026-07-19,2026-08-23,22,Reserved,False
UNIT03716,FAC041,O+,RBC,253,2026-07-19,2026-08-23,22,Available,False
UNIT03717,FAC041,B+,Whole Blood,385,2026-07-18,2026-08-22,21,Available,False
UNIT03718,FAC041,O+,RBC,272,2026-07-20,2026-08-24,23,Available,False
UNIT03719,FAC041,A+,RBC,296,2026-07-25,2026-08-29,28,Available,False
UNIT03720,FAC041,O+,Platelets,55,2026-08-01,2026-08-06,5,Reserved,False
UNIT03721,FAC041,A+,RBC,251,2026-07-12,2026-08-16,15,Available,False
UNIT03722,FAC041,O+,Platelets,51,2026-07-31,2026-08-05,4,Available,False
UNIT03723,FAC041,O-,RBC,256,2026-07-06,2026-08-10,9,Reserved,False
UNIT03724,FAC041,AB+,Platelets,54,2026-08-01,2026-08-06,5,Available,False
UNIT03725,FAC041,O+,RBC,294,2026-07-10,2026-08-14,13,Available,False
UNIT03726,FAC041,A+,Platelets,55,2026-08-01,2026-08-06,5,Available,False
UNIT03727,FAC041,O+,RBC,294,2026-07-04,2026-08-08,7,Reserved,False
UNIT03728,FAC041,O+,Platelets,51,2026-07-31,2026-08-05,4,Available,False
UNIT03729,FAC041,O+,Whole Blood,422,2026-07-18,2026-08-22,21,Available,False
UNIT03730,FAC041,B+,Whole Blood,447,2026-07-30,2026-09-03,33,Available,False
UNIT03731,FAC041,O+,Whole Blood,377,2026-07-27,2026-08-31,30,Available,False
UNIT03732,FAC041,O+,Whole Blood,433,2026-06-29,2026-08-03,2,Available,True
UNIT03733,FAC041,O+,Platelets,59,2026-07-31,2026-08-05,4,Available,False
UNIT03734,FAC041,B+,RBC,281,2026-07-22,2026-08-26,25,Reserved,False
UNIT03735,FAC041,A+,RBC,279,2026-07-09,2026-08-13,12,Available,False
UNIT03736,FAC041,AB+,Whole Blood,425,2026-06-28,2026-08-02,1,Available,True
UNIT03737,FAC041,O+,Platelets,51,2026-08-01,2026-08-06,5,Available,False
UNIT03738,FAC041,A+,RBC,263,2026-07-22,2026-08-26,25,Available,False
UNIT03739,FAC041,O+,Platelets,59,2026-08-01,2026-08-06,5,Available,False
UNIT03740,FAC041,A+,RBC,263,2026-07-20,2026-08-24,23,Reserved,False
UNIT03741,FAC041,B+,Platelets,54,2026-07-29,2026-08-03,2,Reserved,False
UNIT03742,FAC041,A+,Platelets,51,2026-07-31,2026-08-05,4,Available,False
UNIT03743,FAC041,O+,Platelets,52,2026-07-30,2026-08-04,3,Available,False
UNIT03744,FAC041,O+,RBC,273,2026-07-20,2026-08-24,23,Available,False
UNIT03745,FAC041,O+,RBC,254,2026-07-25,2026-08-29,28,Available,False
UNIT03746,FAC041,A+,RBC,286,2026-06-24,2026-07-29,-3,Expired,False
UNIT03747,FAC041,O+,Whole Blood,404,2026-07-11,2026-08-15,14,Available,False
UNIT03748,FAC041,O+,Platelets,57,2026-07-31,2026-08-05,4,Available,False
UNIT03749,FAC041,B+,Whole Blood,411,2026-07-06,2026-08-10,9,Reserved,False
UNIT03750,FAC041,B+,Platelets,53,2026-07-29,2026-08-03,2,Available,False
UNIT03751,FAC041,O+,Platelets,55,2026-07-28,2026-08-02,1,Available,True
UNIT03752,FAC041,O+,Whole Blood,398,2026-07-31,2026-09-04,34,Available,False
UNIT03753,FAC041,O+,Whole Blood,370,2026-07-21,2026-08-25,24,Available,False
UNIT03754,FAC041,O+,Whole Blood,398,2026-07-27,2026-08-31,30,Available,False
UNIT03755,FAC041,B+,Whole Blood,363,2026-06-30,2026-08-04,3,Available,True
UNIT03756,FAC041,B+,RBC,261,2026-07-24,2026-08-28,27,Available,False
UNIT03757,FAC042,B+,Platelets,60,2026-07-27,2026-08-01,0,Available,True
UNIT03758,FAC042,A+,Whole Blood,419,2026-07-31,2026-09-04,34,Available,False
UNIT03759,FAC042,B+,RBC,259,2026-07-16,2026-08-20,19,Available,False
UNIT03760,FAC042,AB+,Whole Blood,378,2026-07-27,2026-08-31,30,Available,False
UNIT03761,FAC042,B+,Platelets,60,2026-07-27,2026-08-01,0,Available,True
UNIT03762,FAC042,A+,RBC,286,2026-07-21,2026-08-25,24,Available,False
UNIT03763,FAC042,B+,Platelets,52,2026-07-30,2026-08-04,3,Available,False
UNIT03764,FAC042,A+,Platelets,54,2026-07-29,2026-08-03,2,Available,False
UNIT03765,FAC042,A+,Whole Blood,403,2026-07-23,2026-08-27,26,Available,False
UNIT03766,FAC042,B+,Whole Blood,368,2026-07-05,2026-08-09,8,Reserved,False
UNIT03767,FAC042,B+,RBC,279,2026-07-15,2026-08-19,18,Available,False
UNIT03768,FAC042,AB+,Whole Blood,406,2026-07-10,2026-08-14,13,Available,False
UNIT03769,FAC042,A+,RBC,298,2026-07-03,2026-08-07,6,Available,True
UNIT03770,FAC042,B+,Whole Blood,371,2026-07-24,2026-08-28,27,Available,False
UNIT03771,FAC042,A+,Platelets,55,2026-07-29,2026-08-03,2,Available,False
UNIT03772,FAC042,AB+,Platelets,57,2026-07-28,2026-08-02,1,Available,True
UNIT03773,FAC042,B+,Platelets,51,2026-07-30,2026-08-04,3,Available,False
UNIT03774,FAC042,B+,Platelets,55,2026-07-30,2026-08-04,3,Available,False
UNIT03775,FAC042,B+,Whole Blood,422,2026-07-08,2026-08-12,11,Reserved,False
UNIT03776,FAC042,B+,Platelets,52,2026-07-26,2026-07-31,-1,Expired,False
UNIT03777,FAC042,B+,Whole Blood,440,2026-07-19,2026-08-23,22,Available,False
UNIT03778,FAC042,A+,RBC,298,2026-06-29,2026-08-03,2,Available,True
UNIT03779,FAC042,B+,Platelets,56,2026-07-28,2026-08-02,1,Available,True
UNIT03780,FAC042,B+,Whole Blood,372,2026-07-16,2026-08-20,19,Available,False
UNIT03781,FAC042,B+,RBC,253,2026-07-21,2026-08-25,24,Reserved,False
UNIT03782,FAC042,B+,Platelets,57,2026-07-31,2026-08-05,4,Available,False
UNIT03783,FAC042,A+,Whole Blood,387,2026-07-24,2026-08-28,27,Available,False
UNIT03784,FAC042,B+,Platelets,52,2026-07-27,2026-08-01,0,Reserved,False
UNIT03785,FAC042,B+,Whole Blood,385,2026-07-28,2026-09-01,31,Available,False
UNIT03786,FAC042,B+,RBC,297,2026-07-11,2026-08-15,14,Available,False
UNIT03787,FAC042,B+,Platelets,55,2026-07-31,2026-08-05,4,Available,False
UNIT03788,FAC042,B+,Platelets,52,2026-07-31,2026-08-05,4,Available,False
UNIT03789,FAC042,B+,Platelets,53,2026-08-01,2026-08-06,5,Available,False
UNIT03790,FAC042,AB+,RBC,264,2026-06-27,2026-08-01,0,Available,True
UNIT03791,FAC042,B+,Whole Blood,366,2026-07-09,2026-08-13,12,Available,False
UNIT03792,FAC042,B+,Whole Blood,355,2026-07-23,2026-08-27,26,Available,False
UNIT03793,FAC042,AB+,Whole Blood,356,2026-07-16,2026-08-20,19,Available,False
UNIT03794,FAC042,B+,RBC,253,2026-07-24,2026-08-28,27,Available,False
UNIT03795,FAC042,A+,Platelets,57,2026-07-31,2026-08-05,4,Available,False
UNIT03796,FAC042,B+,RBC,284,2026-06-30,2026-08-04,3,Available,True
UNIT03797,FAC042,A+,Whole Blood,426,2026-07-10,2026-08-14,13,Available,False
UNIT03798,FAC042,A+,Platelets,51,2026-07-28,2026-08-02,1,Available,True
UNIT03799,FAC042,B+,RBC,260,2026-07-02,2026-08-06,5,Available,True
UNIT03800,FAC042,B+,Platelets,50,2026-07-31,2026-08-05,4,Reserved,False
UNIT03801,FAC042,A+,Platelets,59,2026-07-30,2026-08-04,3,Available,False
UNIT03802,FAC042,B+,Whole Blood,375,2026-07-25,2026-08-29,28,Available,False
UNIT03803,FAC042,AB+,RBC,273,2026-07-16,2026-08-20,19,Available,False
UNIT03804,FAC042,B+,RBC,276,2026-06-24,2026-07-29,-3,Expired,False
UNIT03805,FAC042,B+,RBC,252,2026-07-17,2026-08-21,20,Available,False
UNIT03806,FAC042,B+,Platelets,59,2026-07-30,2026-08-04,3,Available,False
UNIT03807,FAC042,B+,RBC,287,2026-07-20,2026-08-24,23,Available,False
UNIT03808,FAC042,A+,RBC,277,2026-07-22,2026-08-26,25,Available,False
UNIT03809,FAC042,B+,Whole Blood,374,2026-07-10,2026-08-14,13,Available,False
UNIT03810,FAC042,B+,Platelets,60,2026-07-30,2026-08-04,3,Available,False
UNIT03811,FAC042,B+,Whole Blood,371,2026-07-17,2026-08-21,20,Available,False
UNIT03812,FAC042,B+,RBC,268,2026-07-01,2026-08-05,4,Available,True
UNIT03813,FAC042,AB+,RBC,258,2026-07-24,2026-08-28,27,Available,False
UNIT03814,FAC042,AB+,Platelets,55,2026-07-30,2026-08-04,3,Available,False
UNIT03815,FAC042,A+,Whole Blood,415,2026-07-26,2026-08-30,29,Available,False
UNIT03816,FAC042,B+,Whole Blood,426,2026-07-15,2026-08-19,18,Available,False
UNIT03817,FAC042,AB+,Platelets,56,2026-07-31,2026-08-05,4,Available,False
UNIT03818,FAC042,A+,Whole Blood,441,2026-07-08,2026-08-12,11,Reserved,False
UNIT03819,FAC042,A+,Platelets,53,2026-07-29,2026-08-03,2,Available,False
UNIT03820,FAC042,A+,RBC,296,2026-07-05,2026-08-09,8,Reserved,False
UNIT03821,FAC042,AB+,RBC,261,2026-06-26,2026-07-31,-1,Expired,False
UNIT03822,FAC042,AB+,Platelets,53,2026-07-31,2026-08-05,4,Available,False
UNIT03823,FAC042,A+,Whole Blood,354,2026-06-26,2026-07-31,-1,Expired,False
UNIT03824,FAC042,B+,Whole Blood,396,2026-07-27,2026-08-31,30,Available,False
UNIT03825,FAC042,B+,Platelets,54,2026-07-30,2026-08-04,3,Available,False
UNIT03826,FAC042,A-,RBC,294,2026-07-06,2026-08-10,9,Available,False
UNIT03827,FAC042,B+,RBC,275,2026-07-16,2026-08-20,19,Available,False
UNIT03828,FAC042,B+,Platelets,60,2026-07-28,2026-08-02,1,Available,True
UNIT03829,FAC042,A+,Whole Blood,397,2026-07-20,2026-08-24,23,Available,False
UNIT03830,FAC042,B+,RBC,288,2026-07-19,2026-08-23,22,Reserved,False
UNIT03831,FAC042,B+,RBC,254,2026-06-25,2026-07-30,-2,Expired,False
UNIT03832,FAC042,B+,RBC,268,2026-07-26,2026-08-30,29,Available,False
UNIT03833,FAC042,A-,Platelets,55,2026-07-29,2026-08-03,2,Available,False
UNIT03834,FAC042,AB+,Platelets,51,2026-07-27,2026-08-01,0,Available,True
UNIT03835,FAC042,B+,Whole Blood,391,2026-07-07,2026-08-11,10,Available,False
UNIT03836,FAC042,B+,RBC,278,2026-07-14,2026-08-18,17,Available,False
UNIT03837,FAC042,A+,Whole Blood,385,2026-07-30,2026-09-03,33,Available,False
UNIT03838,FAC042,A+,RBC,257,2026-07-06,2026-08-10,9,Available,False
UNIT03839,FAC042,A+,RBC,253,2026-07-26,2026-08-30,29,Available,False
UNIT03840,FAC042,AB-,RBC,265,2026-07-11,2026-08-15,14,Available,False
UNIT03841,FAC042,B+,Whole Blood,388,2026-06-27,2026-08-01,0,Available,True
UNIT03842,FAC043,O+,Whole Blood,422,2026-07-09,2026-08-13,12,Available,False
UNIT03843,FAC043,B+,Whole Blood,437,2026-07-23,2026-08-27,26,Reserved,False
UNIT03844,FAC043,O+,Whole Blood,365,2026-07-15,2026-08-19,18,Available,False
UNIT03845,FAC043,B+,Whole Blood,365,2026-06-28,2026-08-02,1,Available,True
UNIT03846,FAC043,A+,Whole Blood,385,2026-07-27,2026-08-31,30,Reserved,False
UNIT03847,FAC043,B+,Whole Blood,385,2026-07-20,2026-08-24,23,Reserved,False
UNIT03848,FAC043,O+,Whole Blood,408,2026-07-18,2026-08-22,21,Reserved,False
UNIT03849,FAC043,B+,Whole Blood,432,2026-07-28,2026-09-01,31,Available,False
UNIT03850,FAC043,O+,Whole Blood,393,2026-07-10,2026-08-14,13,Available,False
UNIT03851,FAC043,O+,Whole Blood,407,2026-07-23,2026-08-27,26,Available,False
UNIT03852,FAC043,A+,Whole Blood,374,2026-07-19,2026-08-23,22,Available,False
UNIT03853,FAC043,A+,Whole Blood,432,2026-07-26,2026-08-30,29,Reserved,False
UNIT03854,FAC043,O+,Whole Blood,418,2026-07-04,2026-08-08,7,Available,True
UNIT03855,FAC043,A+,Whole Blood,355,2026-07-21,2026-08-25,24,Available,False
UNIT03856,FAC043,A+,Whole Blood,443,2026-07-17,2026-08-21,20,Available,False
UNIT03857,FAC043,A+,Whole Blood,374,2026-07-24,2026-08-28,27,Available,False
UNIT03858,FAC043,A+,Whole Blood,423,2026-07-13,2026-08-17,16,Available,False
UNIT03859,FAC043,O+,Whole Blood,400,2026-07-07,2026-08-11,10,Available,False
UNIT03860,FAC043,B+,Whole Blood,354,2026-07-16,2026-08-20,19,Available,False
UNIT03861,FAC043,A+,Whole Blood,440,2026-07-20,2026-08-24,23,Available,False
UNIT03862,FAC043,A+,Whole Blood,426,2026-07-24,2026-08-28,27,Available,False
UNIT03863,FAC043,O+,Whole Blood,442,2026-07-06,2026-08-10,9,Available,False
UNIT03864,FAC043,B+,Whole Blood,437,2026-07-04,2026-08-08,7,Available,True
UNIT03865,FAC043,A+,Whole Blood,438,2026-07-25,2026-08-29,28,Available,False
UNIT03866,FAC043,O+,Whole Blood,416,2026-07-23,2026-08-27,26,Available,False
UNIT03867,FAC043,O+,Whole Blood,410,2026-07-31,2026-09-04,34,Available,False
UNIT03868,FAC043,O+,Whole Blood,379,2026-07-06,2026-08-10,9,Available,False
UNIT03869,FAC043,B+,Whole Blood,410,2026-07-16,2026-08-20,19,Reserved,False
UNIT03870,FAC043,B+,Whole Blood,415,2026-07-15,2026-08-19,18,Available,False
UNIT03871,FAC043,A+,Whole Blood,414,2026-07-06,2026-08-10,9,Available,False
UNIT03872,FAC043,O+,Whole Blood,412,2026-07-19,2026-08-23,22,Available,False
UNIT03873,FAC043,A+,Whole Blood,420,2026-07-26,2026-08-30,29,Available,False
UNIT03874,FAC044,O+,Whole Blood,413,2026-07-09,2026-08-13,12,Reserved,False
UNIT03875,FAC044,O+,Whole Blood,418,2026-06-28,2026-08-02,1,Available,True
UNIT03876,FAC044,O+,Whole Blood,446,2026-07-17,2026-08-21,20,Available,False
UNIT03877,FAC044,B+,Whole Blood,377,2026-07-24,2026-08-28,27,Reserved,False
UNIT03878,FAC044,O-,Whole Blood,441,2026-07-25,2026-08-29,28,Available,False
UNIT03879,FAC044,B+,Whole Blood,369,2026-07-07,2026-08-11,10,Available,False
UNIT03880,FAC044,B+,Whole Blood,437,2026-07-09,2026-08-13,12,Available,False
UNIT03881,FAC044,O+,Whole Blood,401,2026-07-24,2026-08-28,27,Reserved,False
UNIT03882,FAC044,A+,Whole Blood,393,2026-07-04,2026-08-08,7,Available,True
UNIT03883,FAC044,A+,Whole Blood,431,2026-06-30,2026-08-04,3,Available,True
UNIT03884,FAC044,O+,Whole Blood,432,2026-07-02,2026-08-06,5,Available,True
UNIT03885,FAC044,A+,Whole Blood,412,2026-07-22,2026-08-26,25,Available,False
UNIT03886,FAC044,B+,Whole Blood,379,2026-07-31,2026-09-04,34,Available,False
UNIT03887,FAC044,O+,Whole Blood,391,2026-07-06,2026-08-10,9,Available,False
UNIT03888,FAC044,A+,Whole Blood,401,2026-07-23,2026-08-27,26,Available,False
UNIT03889,FAC044,O+,Whole Blood,442,2026-07-11,2026-08-15,14,Available,False
UNIT03890,FAC044,B+,Whole Blood,385,2026-07-19,2026-08-23,22,Available,False
UNIT03891,FAC044,O+,Whole Blood,359,2026-07-20,2026-08-24,23,Available,False
UNIT03892,FAC044,O+,Whole Blood,442,2026-07-20,2026-08-24,23,Available,False
UNIT03893,FAC044,B+,Whole Blood,393,2026-07-14,2026-08-18,17,Reserved,False
UNIT03894,FAC044,B+,Whole Blood,361,2026-07-30,2026-09-03,33,Reserved,False
UNIT03895,FAC044,O+,Whole Blood,391,2026-07-13,2026-08-17,16,Available,False
UNIT03896,FAC044,B+,Whole Blood,411,2026-07-20,2026-08-24,23,Available,False
UNIT03897,FAC044,O+,Whole Blood,370,2026-07-30,2026-09-03,33,Available,False
UNIT03898,FAC044,O+,Whole Blood,362,2026-07-12,2026-08-16,15,Available,False
UNIT03899,FAC044,A+,Whole Blood,375,2026-07-25,2026-08-29,28,Available,False
UNIT03900,FAC044,O+,Whole Blood,409,2026-06-29,2026-08-03,2,Available,True
UNIT03901,FAC044,B+,Whole Blood,416,2026-07-19,2026-08-23,22,Available,False
UNIT03902,FAC045,A+,Whole Blood,360,2026-07-16,2026-08-20,19,Available,False
UNIT03903,FAC045,O+,Whole Blood,436,2026-07-26,2026-08-30,29,Available,False
UNIT03904,FAC045,O+,Whole Blood,439,2026-06-25,2026-07-30,-2,Expired,False
UNIT03905,FAC045,O+,Whole Blood,380,2026-07-11,2026-08-15,14,Available,False
UNIT03906,FAC045,O+,Whole Blood,439,2026-06-27,2026-08-01,0,Available,True
UNIT03907,FAC045,O+,Whole Blood,448,2026-07-26,2026-08-30,29,Available,False
UNIT03908,FAC045,B+,Whole Blood,436,2026-07-24,2026-08-28,27,Reserved,False
UNIT03909,FAC045,O+,Whole Blood,355,2026-07-24,2026-08-28,27,Available,False
UNIT03910,FAC045,A+,Whole Blood,394,2026-07-20,2026-08-24,23,Available,False
UNIT03911,FAC045,B+,Whole Blood,431,2026-07-22,2026-08-26,25,Available,False
UNIT03912,FAC045,B+,Whole Blood,350,2026-07-17,2026-08-21,20,Available,False
UNIT03913,FAC045,A+,Whole Blood,435,2026-07-19,2026-08-23,22,Available,False
UNIT03914,FAC045,O+,Whole Blood,425,2026-07-19,2026-08-23,22,Available,False
UNIT03915,FAC045,B+,Whole Blood,375,2026-07-01,2026-08-05,4,Available,True
UNIT03916,FAC045,B+,Whole Blood,382,2026-07-18,2026-08-22,21,Reserved,False
UNIT03917,FAC045,O+,Whole Blood,390,2026-07-29,2026-09-02,32,Available,False
UNIT03918,FAC045,O+,Whole Blood,399,2026-07-24,2026-08-28,27,Available,False
UNIT03919,FAC045,O+,Whole Blood,406,2026-07-12,2026-08-16,15,Reserved,False
UNIT03920,FAC045,A+,Whole Blood,378,2026-07-25,2026-08-29,28,Available,False
UNIT03921,FAC045,B+,Whole Blood,442,2026-07-10,2026-08-14,13,Available,False
UNIT03922,FAC045,A+,Whole Blood,370,2026-07-20,2026-08-24,23,Available,False
UNIT03923,FAC045,B+,Whole Blood,360,2026-07-18,2026-08-22,21,Available,False
UNIT03924,FAC045,O+,Whole Blood,421,2026-06-29,2026-08-03,2,Available,True
UNIT03925,FAC045,O+,Whole Blood,386,2026-07-13,2026-08-17,16,Available,False
UNIT03926,FAC045,B+,Whole Blood,446,2026-07-23,2026-08-27,26,Reserved,False
UNIT03927,FAC045,B+,Whole Blood,382,2026-07-08,2026-08-12,11,Available,False
UNIT03928,FAC045,O+,Whole Blood,427,2026-07-13,2026-08-17,16,Available,False
UNIT03929,FAC045,O+,Whole Blood,383,2026-07-04,2026-08-08,7,Reserved,False
UNIT03930,FAC045,B+,Whole Blood,384,2026-07-22,2026-08-26,25,Available,False
UNIT03931,FAC045,O+,Whole Blood,434,2026-07-30,2026-09-03,33,Available,False
UNIT03932,FAC046,A+,RBC,276,2026-07-28,2026-09-01,31,Available,False
UNIT03933,FAC046,A+,Plasma,236,2025-11-29,2026-11-29,120,Available,False
UNIT03934,FAC046,O+,Platelets,50,2026-07-31,2026-08-05,4,Available,False
UNIT03935,FAC046,O-,Plasma,207,2026-05-26,2027-05-26,298,Available,False
UNIT03936,FAC046,O+,Whole Blood,416,2026-07-17,2026-08-21,20,Available,False
UNIT03937,FAC046,B+,Platelets,55,2026-07-29,2026-08-03,2,Available,False
UNIT03938,FAC046,B+,RBC,265,2026-07-02,2026-08-06,5,Available,True
UNIT03939,FAC046,A+,Platelets,54,2026-07-31,2026-08-05,4,Available,False
UNIT03940,FAC046,B+,Whole Blood,422,2026-07-25,2026-08-29,28,Available,False
UNIT03941,FAC046,A+,Whole Blood,395,2026-07-25,2026-08-29,28,Available,False
UNIT03942,FAC046,A+,Whole Blood,392,2026-07-24,2026-08-28,27,Available,False
UNIT03943,FAC046,O+,Platelets,53,2026-07-30,2026-08-04,3,Available,False
UNIT03944,FAC046,B+,Platelets,50,2026-07-29,2026-08-03,2,Available,False
UNIT03945,FAC046,AB+,Plasma,205,2025-06-27,2026-06-27,-35,Expired,False
UNIT03946,FAC046,O+,RBC,266,2026-06-26,2026-07-31,-1,Expired,False
UNIT03947,FAC046,O+,Platelets,56,2026-07-31,2026-08-05,4,Available,False
UNIT03948,FAC046,B+,Whole Blood,420,2026-07-27,2026-08-31,30,Reserved,False
UNIT03949,FAC046,B+,RBC,276,2026-07-22,2026-08-26,25,Available,False
UNIT03950,FAC046,A+,RBC,269,2026-07-29,2026-09-02,32,Available,False
UNIT03951,FAC046,B+,RBC,256,2026-07-22,2026-08-26,25,Available,False
UNIT03952,FAC046,A+,RBC,276,2026-07-11,2026-08-15,14,Available,False
UNIT03953,FAC046,B+,Plasma,201,2025-11-04,2026-11-04,95,Available,False
UNIT03954,FAC046,A+,Platelets,59,2026-07-29,2026-08-03,2,Reserved,False
UNIT03955,FAC046,O+,Plasma,209,2025-11-16,2026-11-16,107,Reserved,False
UNIT03956,FAC046,O+,Whole Blood,406,2026-07-11,2026-08-15,14,Reserved,False
UNIT03957,FAC046,O+,Whole Blood,354,2026-07-17,2026-08-21,20,Available,False
UNIT03958,FAC046,B+,Platelets,55,2026-07-31,2026-08-05,4,Available,False
UNIT03959,FAC046,O+,RBC,267,2026-07-25,2026-08-29,28,Available,False
UNIT03960,FAC046,B+,Platelets,52,2026-07-31,2026-08-05,4,Available,False
UNIT03961,FAC046,A+,RBC,300,2026-07-15,2026-08-19,18,Available,False
UNIT03962,FAC046,B+,RBC,286,2026-07-30,2026-09-03,33,Available,False
UNIT03963,FAC046,O-,RBC,251,2026-07-24,2026-08-28,27,Available,False
UNIT03964,FAC046,A-,Platelets,51,2026-07-30,2026-08-04,3,Available,False
UNIT03965,FAC046,O+,Plasma,200,2025-11-03,2026-11-03,94,Available,False
UNIT03966,FAC046,B+,Plasma,239,2026-05-23,2027-05-23,295,Available,False
UNIT03967,FAC046,B+,Platelets,52,2026-07-31,2026-08-05,4,Available,False
UNIT03968,FAC046,B+,Platelets,52,2026-07-31,2026-08-05,4,Available,False
UNIT03969,FAC046,O+,Platelets,50,2026-07-28,2026-08-02,1,Available,True
UNIT03970,FAC046,A+,RBC,279,2026-07-28,2026-09-01,31,Available,False
UNIT03971,FAC046,A+,Whole Blood,370,2026-07-27,2026-08-31,30,Available,False
UNIT03972,FAC046,O+,RBC,253,2026-07-22,2026-08-26,25,Reserved,False
UNIT03973,FAC046,B+,Plasma,234,2025-08-18,2026-08-18,17,Available,True
UNIT03974,FAC046,B+,Whole Blood,431,2026-07-04,2026-08-08,7,Available,True
UNIT03975,FAC046,O+,Platelets,59,2026-07-28,2026-08-02,1,Available,True
UNIT03976,FAC046,O+,RBC,273,2026-06-28,2026-08-02,1,Available,True
UNIT03977,FAC046,O+,RBC,259,2026-07-15,2026-08-19,18,Reserved,False
UNIT03978,FAC046,O+,Plasma,204,2026-01-04,2027-01-04,156,Available,False
UNIT03979,FAC046,A+,Platelets,59,2026-07-29,2026-08-03,2,Available,False
UNIT03980,FAC046,O+,Platelets,54,2026-07-30,2026-08-04,3,Available,False
UNIT03981,FAC046,O+,RBC,281,2026-06-26,2026-07-31,-1,Expired,False
UNIT03982,FAC046,B+,RBC,254,2026-07-18,2026-08-22,21,Available,False
UNIT03983,FAC046,O+,Whole Blood,356,2026-07-26,2026-08-30,29,Available,False
UNIT03984,FAC046,A+,Plasma,202,2025-07-03,2026-07-03,-29,Expired,False
UNIT03985,FAC046,B+,Platelets,58,2026-07-26,2026-07-31,-1,Expired,False
UNIT03986,FAC046,B+,Whole Blood,359,2026-07-11,2026-08-15,14,Reserved,False
UNIT03987,FAC046,B+,Whole Blood,438,2026-07-02,2026-08-06,5,Available,True
UNIT03988,FAC046,A+,RBC,287,2026-07-13,2026-08-17,16,Available,False
UNIT03989,FAC046,O+,Platelets,55,2026-07-29,2026-08-03,2,Available,False
UNIT03990,FAC046,O+,Whole Blood,368,2026-07-16,2026-08-20,19,Available,False
UNIT03991,FAC046,O+,Plasma,235,2025-11-18,2026-11-18,109,Available,False
UNIT03992,FAC046,B+,RBC,259,2026-07-29,2026-09-02,32,Available,False
UNIT03993,FAC046,A+,Plasma,243,2026-05-15,2027-05-15,287,Available,False
UNIT03994,FAC046,O+,Plasma,212,2025-09-30,2026-09-30,60,Available,True
UNIT03995,FAC046,O+,Whole Blood,375,2026-07-10,2026-08-14,13,Available,False
UNIT03996,FAC046,O+,Platelets,50,2026-07-30,2026-08-04,3,Available,False
UNIT03997,FAC046,B+,Plasma,221,2026-02-13,2027-02-13,196,Available,False
UNIT03998,FAC046,A+,Plasma,223,2026-07-05,2027-07-05,338,Available,False
UNIT03999,FAC046,AB-,Plasma,204,2025-11-11,2026-11-11,102,Available,False
UNIT04000,FAC046,AB-,Platelets,57,2026-07-31,2026-08-05,4,Available,False
UNIT04001,FAC046,B+,RBC,263,2026-07-19,2026-08-23,22,Available,False
UNIT04002,FAC046,A+,Platelets,57,2026-07-30,2026-08-04,3,Available,False
UNIT04003,FAC046,O+,Plasma,222,2026-04-09,2027-04-09,251,Available,False
UNIT04004,FAC046,AB+,Whole Blood,394,2026-07-18,2026-08-22,21,Reserved,False
UNIT04005,FAC046,AB+,RBC,291,2026-07-05,2026-08-09,8,Available,False
UNIT04006,FAC046,B+,RBC,254,2026-07-25,2026-08-29,28,Available,False
UNIT04007,FAC046,B+,Plasma,220,2026-05-04,2027-05-04,276,Available,False
UNIT04008,FAC046,B+,Plasma,242,2026-05-01,2027-05-01,273,Available,False
UNIT04009,FAC046,O+,RBC,289,2026-07-11,2026-08-15,14,Available,False
UNIT04010,FAC046,O+,RBC,271,2026-07-28,2026-09-01,31,Available,False
UNIT04011,FAC046,O+,Whole Blood,362,2026-07-11,2026-08-15,14,Available,False
UNIT04012,FAC046,A+,Whole Blood,355,2026-07-23,2026-08-27,26,Available,False
UNIT04013,FAC046,A+,RBC,291,2026-07-09,2026-08-13,12,Available,False
UNIT04014,FAC046,A+,RBC,300,2026-07-27,2026-08-31,30,Available,False
UNIT04015,FAC046,A+,Platelets,51,2026-07-30,2026-08-04,3,Reserved,False
UNIT04016,FAC046,O+,RBC,284,2026-07-02,2026-08-06,5,Available,True
UNIT04017,FAC046,B+,Plasma,248,2026-04-14,2027-04-14,256,Available,False
UNIT04018,FAC046,AB+,Platelets,56,2026-07-31,2026-08-05,4,Available,False
UNIT04019,FAC046,B+,Platelets,60,2026-07-28,2026-08-02,1,Available,True
UNIT04020,FAC046,A+,Plasma,231,2026-05-14,2027-05-14,286,Reserved,False
UNIT04021,FAC046,B+,Plasma,220,2026-04-28,2027-04-28,270,Available,False
UNIT04022,FAC046,O+,Plasma,225,2026-01-01,2027-01-01,153,Available,False
UNIT04023,FAC046,O+,Whole Blood,377,2026-07-13,2026-08-17,16,Available,False
UNIT04024,FAC046,B+,RBC,277,2026-07-26,2026-08-30,29,Available,False
UNIT04025,FAC046,O+,RBC,269,2026-07-27,2026-08-31,30,Available,False
UNIT04026,FAC046,O+,Whole Blood,418,2026-07-22,2026-08-26,25,Available,False
UNIT04027,FAC046,A+,Whole Blood,415,2026-07-22,2026-08-26,25,Available,False
UNIT04028,FAC046,O+,Whole Blood,407,2026-07-27,2026-08-31,30,Available,False
UNIT04029,FAC046,A+,Plasma,239,2026-01-19,2027-01-19,171,Available,False
UNIT04030,FAC046,B+,Whole Blood,375,2026-07-11,2026-08-15,14,Available,False
UNIT04031,FAC046,A+,Whole Blood,404,2026-07-28,2026-09-01,31,Available,False
UNIT04032,FAC046,B+,RBC,272,2026-07-09,2026-08-13,12,Available,False
UNIT04033,FAC046,O+,RBC,275,2026-07-15,2026-08-19,18,Available,False
UNIT04034,FAC046,A+,Whole Blood,391,2026-07-31,2026-09-04,34,Available,False
UNIT04035,FAC046,O+,Platelets,53,2026-07-31,2026-08-05,4,Available,False
UNIT04036,FAC046,AB+,Whole Blood,370,2026-06-27,2026-08-01,0,Available,True
UNIT04037,FAC046,O+,RBC,289,2026-07-11,2026-08-15,14,Available,False
UNIT04038,FAC046,A+,Plasma,210,2026-03-18,2027-03-18,229,Available,False
UNIT04039,FAC046,O+,Plasma,211,2025-08-04,2026-08-04,3,Available,True
UNIT04040,FAC046,O+,RBC,274,2026-07-01,2026-08-05,4,Available,True
UNIT04041,FAC046,O+,RBC,297,2026-07-24,2026-08-28,27,Available,False
UNIT04042,FAC046,A+,Platelets,58,2026-07-29,2026-08-03,2,Reserved,False
UNIT04043,FAC046,O+,Plasma,215,2026-05-14,2027-05-14,286,Available,False
UNIT04044,FAC046,B+,Platelets,51,2026-07-27,2026-08-01,0,Available,True
UNIT04045,FAC046,A+,RBC,288,2026-07-24,2026-08-28,27,Available,False
UNIT04046,FAC046,A+,RBC,297,2026-07-20,2026-08-24,23,Available,False
UNIT04047,FAC046,AB+,Whole Blood,447,2026-07-15,2026-08-19,18,Available,False
UNIT04048,FAC046,O+,Whole Blood,413,2026-07-19,2026-08-23,22,Reserved,False
UNIT04049,FAC046,B+,Whole Blood,397,2026-07-18,2026-08-22,21,Available,False
UNIT04050,FAC046,O+,RBC,284,2026-07-31,2026-09-04,34,Reserved,False
UNIT04051,FAC046,B+,Platelets,52,2026-07-31,2026-08-05,4,Available,False
UNIT04052,FAC046,B+,Plasma,207,2025-07-14,2026-07-14,-18,Expired,False
UNIT04053,FAC046,B+,Whole Blood,424,2026-07-20,2026-08-24,23,Available,False
UNIT04054,FAC046,O+,RBC,292,2026-07-15,2026-08-19,18,Available,False
UNIT04055,FAC046,B+,Whole Blood,443,2026-06-21,2026-07-26,-6,Expired,False
UNIT04056,FAC046,A+,Plasma,225,2026-03-24,2027-03-24,235,Available,False
UNIT04057,FAC046,B-,RBC,256,2026-07-13,2026-08-17,16,Available,False
UNIT04058,FAC046,A+,Plasma,237,2026-05-08,2027-05-08,280,Available,False
UNIT04059,FAC046,AB+,RBC,267,2026-07-20,2026-08-24,23,Available,False
UNIT04060,FAC046,O+,Whole Blood,367,2026-07-07,2026-08-11,10,Available,False
UNIT04061,FAC046,AB+,Whole Blood,368,2026-07-18,2026-08-22,21,Available,False
UNIT04062,FAC046,O+,Plasma,219,2026-03-11,2027-03-11,222,Reserved,False
UNIT04063,FAC046,A+,Plasma,201,2026-01-23,2027-01-23,175,Available,False
UNIT04064,FAC046,AB+,Plasma,216,2026-04-12,2027-04-12,254,Available,False
UNIT04065,FAC046,AB+,Platelets,58,2026-07-30,2026-08-04,3,Available,False
UNIT04066,FAC046,A+,Platelets,54,2026-07-31,2026-08-05,4,Available,False
UNIT04067,FAC046,O+,Platelets,58,2026-07-31,2026-08-05,4,Available,False
UNIT04068,FAC046,O+,Whole Blood,387,2026-06-19,2026-07-24,-8,Expired,False
UNIT04069,FAC046,O+,Whole Blood,427,2026-07-22,2026-08-26,25,Available,False
UNIT04070,FAC046,A+,Plasma,210,2025-09-14,2026-09-14,44,Available,True
UNIT04071,FAC046,A+,Whole Blood,408,2026-07-25,2026-08-29,28,Available,False
UNIT04072,FAC046,A+,Plasma,203,2026-04-16,2027-04-16,258,Available,False
UNIT04073,FAC046,A+,RBC,272,2026-07-22,2026-08-26,25,Available,False
UNIT04074,FAC046,B+,RBC,286,2026-08-01,2026-09-05,35,Available,False
UNIT04075,FAC046,AB+,Whole Blood,419,2026-07-21,2026-08-25,24,Available,False
UNIT04076,FAC046,AB+,Plasma,206,2026-04-23,2027-04-23,265,Available,False
UNIT04077,FAC046,AB+,Plasma,215,2025-06-07,2026-06-07,-55,Expired,False
UNIT04078,FAC046,A+,Plasma,203,2025-10-31,2026-10-31,91,Reserved,False
UNIT04079,FAC046,A+,Whole Blood,447,2026-07-10,2026-08-14,13,Available,False
UNIT04080,FAC046,O+,Whole Blood,426,2026-07-13,2026-08-17,16,Available,False
UNIT04081,FAC046,B+,RBC,272,2026-07-30,2026-09-03,33,Reserved,False
UNIT04082,FAC046,B+,Whole Blood,374,2026-07-14,2026-08-18,17,Available,False
UNIT04083,FAC046,O+,Platelets,58,2026-07-30,2026-08-04,3,Available,False
UNIT04084,FAC046,O+,Whole Blood,370,2026-07-11,2026-08-15,14,Available,False
UNIT04085,FAC046,B+,Whole Blood,376,2026-07-29,2026-09-02,32,Available,False
UNIT04086,FAC046,B+,Whole Blood,387,2026-07-28,2026-09-01,31,Available,False
UNIT04087,FAC046,B+,Platelets,50,2026-07-31,2026-08-05,4,Available,False
UNIT04088,FAC047,B+,Platelets,56,2026-07-27,2026-08-01,0,Available,True
UNIT04089,FAC047,O+,Platelets,56,2026-07-31,2026-08-05,4,Reserved,False
UNIT04090,FAC047,A+,RBC,289,2026-07-26,2026-08-30,29,Reserved,False
UNIT04091,FAC047,AB+,Plasma,249,2026-05-24,2027-05-24,296,Reserved,False
UNIT04092,FAC047,A+,RBC,265,2026-07-26,2026-08-30,29,Available,False
UNIT04093,FAC047,A+,Platelets,57,2026-07-30,2026-08-04,3,Available,False
UNIT04094,FAC047,B+,Plasma,250,2026-04-13,2027-04-13,255,Available,False
UNIT04095,FAC047,B+,RBC,256,2026-07-13,2026-08-17,16,Available,False
UNIT04096,FAC047,O+,RBC,281,2026-07-15,2026-08-19,18,Available,False
UNIT04097,FAC047,O+,RBC,263,2026-07-22,2026-08-26,25,Available,False
UNIT04098,FAC047,A+,Whole Blood,366,2026-07-31,2026-09-04,34,Available,False
UNIT04099,FAC047,O+,Whole Blood,441,2026-06-28,2026-08-02,1,Available,True
UNIT04100,FAC047,O+,RBC,290,2026-06-28,2026-08-02,1,Available,True
UNIT04101,FAC047,O+,Plasma,234,2026-05-19,2027-05-19,291,Available,False
UNIT04102,FAC047,O+,RBC,295,2026-07-12,2026-08-16,15,Available,False
UNIT04103,FAC047,O+,Platelets,54,2026-07-31,2026-08-05,4,Available,False
UNIT04104,FAC047,A+,Platelets,51,2026-07-31,2026-08-05,4,Available,False
UNIT04105,FAC047,B+,Platelets,57,2026-07-30,2026-08-04,3,Available,False
UNIT04106,FAC047,A+,Platelets,60,2026-07-27,2026-08-01,0,Available,True
UNIT04107,FAC047,A+,Platelets,57,2026-07-29,2026-08-03,2,Available,False
UNIT04108,FAC047,B+,Plasma,213,2026-05-01,2027-05-01,273,Available,False
UNIT04109,FAC047,B+,RBC,296,2026-07-22,2026-08-26,25,Available,False
UNIT04110,FAC047,O+,Platelets,57,2026-07-31,2026-08-05,4,Available,False
UNIT04111,FAC047,A+,Platelets,57,2026-07-29,2026-08-03,2,Reserved,False
UNIT04112,FAC047,A+,Platelets,50,2026-07-28,2026-08-02,1,Available,True
UNIT04113,FAC047,B+,Plasma,212,2026-02-13,2027-02-13,196,Available,False
UNIT04114,FAC047,A+,RBC,254,2026-07-18,2026-08-22,21,Available,False
UNIT04115,FAC047,O+,RBC,288,2026-07-04,2026-08-08,7,Available,True
UNIT04116,FAC047,O-,Plasma,232,2025-08-02,2026-08-02,1,Available,True
UNIT04117,FAC047,B-,RBC,272,2026-07-05,2026-08-09,8,Available,False
UNIT04118,FAC047,O+,Plasma,218,2026-02-02,2027-02-02,185,Available,False
UNIT04119,FAC047,O+,Plasma,220,2026-05-13,2027-05-13,285,Available,False
UNIT04120,FAC047,A+,Plasma,242,2025-12-12,2026-12-12,133,Available,False
UNIT04121,FAC047,A+,Platelets,58,2026-07-29,2026-08-03,2,Available,False
UNIT04122,FAC047,A+,Whole Blood,374,2026-07-20,2026-08-24,23,Available,False
UNIT04123,FAC047,B+,Plasma,228,2026-02-17,2027-02-17,200,Available,False
UNIT04124,FAC047,O+,RBC,254,2026-07-13,2026-08-17,16,Available,False
UNIT04125,FAC047,O-,RBC,287,2026-07-24,2026-08-28,27,Available,False
UNIT04126,FAC047,AB+,Platelets,56,2026-07-27,2026-08-01,0,Available,True
UNIT04127,FAC047,B+,Platelets,59,2026-07-31,2026-08-05,4,Available,False
UNIT04128,FAC047,O+,Whole Blood,420,2026-07-26,2026-08-30,29,Available,False
UNIT04129,FAC047,B+,RBC,264,2026-07-14,2026-08-18,17,Available,False
UNIT04130,FAC047,O+,Platelets,58,2026-07-31,2026-08-05,4,Available,False
UNIT04131,FAC047,AB+,Platelets,54,2026-07-27,2026-08-01,0,Available,True
UNIT04132,FAC047,B+,Platelets,60,2026-07-29,2026-08-03,2,Reserved,False
UNIT04133,FAC047,O+,Plasma,235,2026-01-20,2027-01-20,172,Available,False
UNIT04134,FAC047,O+,Platelets,55,2026-07-28,2026-08-02,1,Reserved,False
UNIT04135,FAC047,O+,Platelets,58,2026-07-28,2026-08-02,1,Available,True
UNIT04136,FAC047,O+,Whole Blood,445,2026-07-24,2026-08-28,27,Available,False
UNIT04137,FAC047,AB+,Whole Blood,419,2026-07-04,2026-08-08,7,Available,True
UNIT04138,FAC047,A+,Plasma,221,2025-08-30,2026-08-30,29,Available,True
UNIT04139,FAC047,O+,Platelets,55,2026-07-27,2026-08-01,0,Available,True
UNIT04140,FAC047,O+,Platelets,57,2026-07-28,2026-08-02,1,Available,True
UNIT04141,FAC047,O+,RBC,283,2026-07-15,2026-08-19,18,Available,False
UNIT04142,FAC047,A+,RBC,263,2026-07-08,2026-08-12,11,Available,False
UNIT04143,FAC047,B+,Platelets,51,2026-07-28,2026-08-02,1,Available,True
UNIT04144,FAC047,O+,RBC,284,2026-07-13,2026-08-17,16,Reserved,False
UNIT04145,FAC047,A+,Platelets,50,2026-07-29,2026-08-03,2,Reserved,False
UNIT04146,FAC047,O+,RBC,286,2026-07-04,2026-08-08,7,Available,True
UNIT04147,FAC047,A+,Platelets,56,2026-07-31,2026-08-05,4,Available,False
UNIT04148,FAC047,AB+,RBC,290,2026-07-04,2026-08-08,7,Available,True
UNIT04149,FAC047,O+,Platelets,50,2026-07-29,2026-08-03,2,Available,False
UNIT04150,FAC047,O+,Plasma,200,2025-07-08,2026-07-08,-24,Expired,False
UNIT04151,FAC047,O+,Platelets,50,2026-07-31,2026-08-05,4,Available,False
UNIT04152,FAC047,O+,Whole Blood,424,2026-07-26,2026-08-30,29,Available,False
UNIT04153,FAC047,A+,RBC,284,2026-06-25,2026-07-30,-2,Expired,False
UNIT04154,FAC047,A+,Plasma,220,2026-04-12,2027-04-12,254,Available,False
UNIT04155,FAC047,B+,RBC,253,2026-07-09,2026-08-13,12,Available,False
UNIT04156,FAC047,O+,Platelets,58,2026-07-28,2026-08-02,1,Available,True
UNIT04157,FAC047,O+,Whole Blood,367,2026-07-22,2026-08-26,25,Available,False
UNIT04158,FAC047,B+,Plasma,221,2026-05-07,2027-05-07,279,Available,False
UNIT04159,FAC047,O+,Plasma,208,2026-05-08,2027-05-08,280,Available,False
UNIT04160,FAC047,O+,Whole Blood,442,2026-07-24,2026-08-28,27,Available,False
UNIT04161,FAC047,AB+,RBC,289,2026-07-24,2026-08-28,27,Available,False
UNIT04162,FAC047,A+,Whole Blood,446,2026-07-12,2026-08-16,15,Available,False
UNIT04163,FAC047,O+,Plasma,218,2026-06-06,2027-06-06,309,Available,False
UNIT04164,FAC047,B+,RBC,274,2026-07-27,2026-08-31,30,Available,False
UNIT04165,FAC047,O+,RBC,272,2026-07-13,2026-08-17,16,Available,False
UNIT04166,FAC047,B+,Whole Blood,400,2026-07-26,2026-08-30,29,Available,False
UNIT04167,FAC047,O+,Whole Blood,380,2026-07-11,2026-08-15,14,Available,False
UNIT04168,FAC047,B+,RBC,284,2026-07-17,2026-08-21,20,Available,False
UNIT04169,FAC047,AB+,Plasma,215,2026-03-15,2027-03-15,226,Available,False
UNIT04170,FAC047,B+,Whole Blood,358,2026-07-20,2026-08-24,23,Available,False
UNIT04171,FAC047,O+,Plasma,239,2026-06-11,2027-06-11,314,Reserved,False
UNIT04172,FAC047,O-,Plasma,220,2025-07-11,2026-07-11,-21,Expired,False
UNIT04173,FAC047,O+,RBC,290,2026-07-21,2026-08-25,24,Available,False
UNIT04174,FAC047,O+,Plasma,223,2025-10-11,2026-10-11,71,Available,True
UNIT04175,FAC047,O+,Whole Blood,350,2026-07-24,2026-08-28,27,Available,False
UNIT04176,FAC047,A+,RBC,276,2026-07-30,2026-09-03,33,Available,False
UNIT04177,FAC047,A+,RBC,256,2026-06-27,2026-08-01,0,Available,True
UNIT04178,FAC047,B+,Platelets,58,2026-07-29,2026-08-03,2,Available,False
UNIT04179,FAC047,O+,RBC,251,2026-07-13,2026-08-17,16,Available,False
UNIT04180,FAC047,AB+,Whole Blood,438,2026-07-18,2026-08-22,21,Available,False
UNIT04181,FAC047,O+,Whole Blood,418,2026-07-14,2026-08-18,17,Available,False
UNIT04182,FAC047,O+,Platelets,54,2026-07-27,2026-08-01,0,Available,True
UNIT04183,FAC047,O+,Platelets,55,2026-07-31,2026-08-05,4,Available,False
UNIT04184,FAC047,B-,Plasma,229,2026-05-24,2027-05-24,296,Available,False
UNIT04185,FAC047,B+,RBC,285,2026-07-29,2026-09-02,32,Reserved,False
UNIT04186,FAC047,O+,Whole Blood,384,2026-07-06,2026-08-10,9,Available,False
UNIT04187,FAC047,O+,Whole Blood,425,2026-07-24,2026-08-28,27,Reserved,False
UNIT04188,FAC047,B+,Whole Blood,410,2026-07-16,2026-08-20,19,Available,False
UNIT04189,FAC047,B+,Platelets,53,2026-07-27,2026-08-01,0,Available,True
UNIT04190,FAC047,A+,Platelets,54,2026-07-28,2026-08-02,1,Available,True
UNIT04191,FAC047,A+,Whole Blood,364,2026-07-13,2026-08-17,16,Available,False
UNIT04192,FAC047,O+,Platelets,56,2026-07-31,2026-08-05,4,Available,False
UNIT04193,FAC047,O+,RBC,272,2026-07-15,2026-08-19,18,Available,False
UNIT04194,FAC047,B+,RBC,266,2026-06-24,2026-07-29,-3,Expired,False
UNIT04195,FAC047,A+,RBC,255,2026-07-02,2026-08-06,5,Available,True
UNIT04196,FAC047,AB-,Platelets,54,2026-07-30,2026-08-04,3,Available,False
UNIT04197,FAC047,O+,Whole Blood,413,2026-07-29,2026-09-02,32,Available,False
UNIT04198,FAC047,O+,Platelets,54,2026-07-31,2026-08-05,4,Available,False
UNIT04199,FAC047,B+,RBC,253,2026-07-03,2026-08-07,6,Available,True
UNIT04200,FAC047,O+,Platelets,52,2026-07-31,2026-08-05,4,Available,False
UNIT04201,FAC047,A+,Platelets,59,2026-07-30,2026-08-04,3,Available,False
UNIT04202,FAC047,O+,Plasma,216,2026-05-21,2027-05-21,293,Available,False
UNIT04203,FAC047,O+,Plasma,205,2026-05-08,2027-05-08,280,Available,False
UNIT04204,FAC047,O-,Platelets,50,2026-07-28,2026-08-02,1,Available,True
UNIT04205,FAC047,B+,RBC,284,2026-07-25,2026-08-29,28,Available,False
UNIT04206,FAC047,O+,Whole Blood,417,2026-07-29,2026-09-02,32,Available,False
UNIT04207,FAC047,B+,Plasma,209,2026-05-05,2027-05-05,277,Available,False
UNIT04208,FAC047,AB+,Plasma,209,2025-12-11,2026-12-11,132,Available,False
UNIT04209,FAC047,O+,Whole Blood,380,2026-07-13,2026-08-17,16,Available,False
UNIT04210,FAC047,B+,Plasma,223,2025-11-30,2026-11-30,121,Available,False
UNIT04211,FAC047,A+,Whole Blood,427,2026-07-30,2026-09-03,33,Available,False
UNIT04212,FAC047,B+,Whole Blood,392,2026-07-26,2026-08-30,29,Available,False
UNIT04213,FAC047,O+,Whole Blood,428,2026-07-29,2026-09-02,32,Available,False
UNIT04214,FAC047,B+,RBC,278,2026-07-07,2026-08-11,10,Available,False
UNIT04215,FAC047,A+,Whole Blood,398,2026-07-26,2026-08-30,29,Available,False
UNIT04216,FAC047,AB+,Plasma,231,2025-09-09,2026-09-09,39,Available,True
UNIT04217,FAC047,A+,Whole Blood,390,2026-07-29,2026-09-02,32,Available,False
UNIT04218,FAC047,O+,Platelets,57,2026-07-29,2026-08-03,2,Available,False
UNIT04219,FAC047,A+,RBC,254,2026-07-15,2026-08-19,18,Reserved,False
UNIT04220,FAC047,B+,Whole Blood,402,2026-07-17,2026-08-21,20,Available,False
UNIT04221,FAC047,A+,RBC,268,2026-07-04,2026-08-08,7,Available,True
UNIT04222,FAC047,O+,RBC,291,2026-07-24,2026-08-28,27,Available,False
UNIT04223,FAC047,B+,RBC,287,2026-07-20,2026-08-24,23,Available,False
UNIT04224,FAC047,B+,Whole Blood,435,2026-07-25,2026-08-29,28,Available,False
UNIT04225,FAC047,O+,Platelets,57,2026-07-30,2026-08-04,3,Available,False
UNIT04226,FAC047,O+,Plasma,211,2026-01-09,2027-01-09,161,Available,False
UNIT04227,FAC047,B+,Platelets,52,2026-07-30,2026-08-04,3,Available,False
UNIT04228,FAC047,B+,Whole Blood,388,2026-07-11,2026-08-15,14,Available,False
UNIT04229,FAC047,O+,Whole Blood,436,2026-06-24,2026-07-29,-3,Expired,False
UNIT04230,FAC047,A+,Platelets,58,2026-07-28,2026-08-02,1,Available,True
UNIT04231,FAC047,B+,Plasma,236,2026-06-26,2027-06-26,329,Available,False
UNIT04232,FAC047,O+,Platelets,51,2026-07-27,2026-08-01,0,Available,True
UNIT04233,FAC047,A+,Plasma,248,2026-02-03,2027-02-03,186,Available,False
UNIT04234,FAC047,O+,Plasma,250,2026-04-25,2027-04-25,267,Available,False
UNIT04235,FAC048,O-,Plasma,203,2026-05-27,2027-05-27,299,Available,False
UNIT04236,FAC048,O+,Platelets,58,2026-07-30,2026-08-04,3,Available,False
UNIT04237,FAC048,O+,Plasma,205,2025-10-15,2026-10-15,75,Available,False
UNIT04238,FAC048,O+,Whole Blood,429,2026-07-14,2026-08-18,17,Available,False
UNIT04239,FAC048,O+,RBC,253,2026-07-27,2026-08-31,30,Available,False
UNIT04240,FAC048,B+,RBC,290,2026-07-19,2026-08-23,22,Reserved,False
UNIT04241,FAC048,A+,RBC,267,2026-07-06,2026-08-10,9,Reserved,False
UNIT04242,FAC048,AB+,Plasma,202,2026-04-21,2027-04-21,263,Reserved,False
UNIT04243,FAC048,B+,Whole Blood,402,2026-07-23,2026-08-27,26,Reserved,False
UNIT04244,FAC048,B+,Plasma,200,2026-05-12,2027-05-12,284,Available,False
UNIT04245,FAC048,A+,RBC,293,2026-07-24,2026-08-28,27,Available,False
UNIT04246,FAC048,O+,RBC,271,2026-07-02,2026-08-06,5,Available,True
UNIT04247,FAC048,A+,RBC,251,2026-07-07,2026-08-11,10,Available,False
UNIT04248,FAC048,A+,Plasma,245,2026-04-27,2027-04-27,269,Available,False
UNIT04249,FAC048,O-,Plasma,200,2026-04-29,2027-04-29,271,Available,False
UNIT04250,FAC048,A+,Whole Blood,350,2026-07-26,2026-08-30,29,Available,False
UNIT04251,FAC048,A+,Whole Blood,430,2026-07-19,2026-08-23,22,Available,False
UNIT04252,FAC048,A+,RBC,279,2026-07-25,2026-08-29,28,Available,False
UNIT04253,FAC048,O+,Plasma,224,2025-11-22,2026-11-22,113,Available,False
UNIT04254,FAC048,A+,Platelets,51,2026-07-31,2026-08-05,4,Reserved,False
UNIT04255,FAC048,O+,Plasma,215,2026-02-22,2027-02-22,205,Available,False
UNIT04256,FAC048,A+,Whole Blood,425,2026-06-28,2026-08-02,1,Available,True
UNIT04257,FAC048,B+,RBC,256,2026-07-23,2026-08-27,26,Available,False
UNIT04258,FAC048,O+,RBC,255,2026-06-26,2026-07-31,-1,Expired,False
UNIT04259,FAC048,O+,Whole Blood,421,2026-07-21,2026-08-25,24,Available,False
UNIT04260,FAC048,O+,Platelets,59,2026-07-30,2026-08-04,3,Available,False
UNIT04261,FAC048,O+,Platelets,60,2026-07-31,2026-08-05,4,Available,False
UNIT04262,FAC048,B+,Whole Blood,447,2026-07-27,2026-08-31,30,Available,False
UNIT04263,FAC048,B+,Plasma,224,2026-03-14,2027-03-14,225,Available,False
UNIT04264,FAC048,O+,Platelets,54,2026-07-31,2026-08-05,4,Reserved,False
UNIT04265,FAC048,O+,Plasma,206,2026-03-06,2027-03-06,217,Available,False
UNIT04266,FAC048,A+,RBC,251,2026-07-22,2026-08-26,25,Available,False
UNIT04267,FAC048,O+,Whole Blood,367,2026-07-10,2026-08-14,13,Available,False
UNIT04268,FAC048,O+,Plasma,200,2026-01-16,2027-01-16,168,Available,False
UNIT04269,FAC048,A+,Plasma,232,2026-05-23,2027-05-23,295,Available,False
UNIT04270,FAC048,O+,Plasma,208,2026-04-23,2027-04-23,265,Available,False
UNIT04271,FAC048,B+,Platelets,54,2026-07-29,2026-08-03,2,Available,False
UNIT04272,FAC048,A+,RBC,250,2026-07-20,2026-08-24,23,Available,False
UNIT04273,FAC048,B+,RBC,285,2026-07-12,2026-08-16,15,Reserved,False
UNIT04274,FAC048,O+,Platelets,56,2026-07-31,2026-08-05,4,Available,False
UNIT04275,FAC048,O+,RBC,272,2026-07-06,2026-08-10,9,Reserved,False
UNIT04276,FAC048,AB+,Platelets,51,2026-07-29,2026-08-03,2,Reserved,False
UNIT04277,FAC048,O+,Whole Blood,357,2026-07-17,2026-08-21,20,Available,False
UNIT04278,FAC048,B+,Plasma,235,2026-07-03,2027-07-03,336,Available,False
UNIT04279,FAC048,B+,RBC,296,2026-07-17,2026-08-21,20,Available,False
UNIT04280,FAC048,O+,RBC,286,2026-07-24,2026-08-28,27,Reserved,False
UNIT04281,FAC048,O+,Plasma,201,2026-06-13,2027-06-13,316,Available,False
UNIT04282,FAC048,O+,Platelets,50,2026-07-27,2026-08-01,0,Available,True
UNIT04283,FAC048,B+,Plasma,249,2026-03-08,2027-03-08,219,Available,False
UNIT04284,FAC048,O+,Platelets,54,2026-07-30,2026-08-04,3,Available,False
UNIT04285,FAC048,O+,RBC,276,2026-06-23,2026-07-28,-4,Expired,False
UNIT04286,FAC048,O-,Platelets,51,2026-07-30,2026-08-04,3,Reserved,False
UNIT04287,FAC048,O+,Platelets,60,2026-07-31,2026-08-05,4,Available,False
UNIT04288,FAC048,O-,Platelets,53,2026-07-30,2026-08-04,3,Available,False
UNIT04289,FAC048,B+,Plasma,234,2026-06-08,2027-06-08,311,Reserved,False
UNIT04290,FAC048,A+,Platelets,52,2026-07-28,2026-08-02,1,Available,True
UNIT04291,FAC048,O+,RBC,282,2026-07-19,2026-08-23,22,Reserved,False
UNIT04292,FAC048,B+,Plasma,222,2025-12-07,2026-12-07,128,Available,False
UNIT04293,FAC048,O+,Plasma,208,2025-07-17,2026-07-17,-15,Expired,False
UNIT04294,FAC048,B+,Whole Blood,429,2026-06-25,2026-07-30,-2,Expired,False
UNIT04295,FAC048,O+,Plasma,217,2025-09-28,2026-09-28,58,Available,True
UNIT04296,FAC048,O+,Platelets,60,2026-07-30,2026-08-04,3,Available,False
UNIT04297,FAC048,A+,Whole Blood,354,2026-07-12,2026-08-16,15,Available,False
UNIT04298,FAC048,B+,Whole Blood,422,2026-07-05,2026-08-09,8,Available,False
UNIT04299,FAC048,B+,Platelets,52,2026-07-26,2026-07-31,-1,Expired,False
UNIT04300,FAC048,B+,Platelets,54,2026-07-28,2026-08-02,1,Available,True
UNIT04301,FAC048,O+,Plasma,209,2026-02-01,2027-02-01,184,Reserved,False
UNIT04302,FAC048,A+,Plasma,248,2025-10-03,2026-10-03,63,Available,True
UNIT04303,FAC048,B+,Platelets,50,2026-07-31,2026-08-05,4,Available,False
UNIT04304,FAC048,O+,Platelets,51,2026-07-28,2026-08-02,1,Available,True
UNIT04305,FAC048,O+,Whole Blood,449,2026-07-11,2026-08-15,14,Available,False
UNIT04306,FAC048,A+,Whole Blood,350,2026-07-15,2026-08-19,18,Available,False
UNIT04307,FAC048,O+,Plasma,243,2026-05-01,2027-05-01,273,Available,False
UNIT04308,FAC048,AB+,Platelets,52,2026-07-30,2026-08-04,3,Available,False
UNIT04309,FAC048,O+,Platelets,50,2026-07-29,2026-08-03,2,Available,False
UNIT04310,FAC048,O-,Plasma,222,2026-04-24,2027-04-24,266,Available,False
UNIT04311,FAC048,O+,Whole Blood,373,2026-06-20,2026-07-25,-7,Expired,False
UNIT04312,FAC048,A+,Platelets,54,2026-07-30,2026-08-04,3,Available,False
UNIT04313,FAC048,A+,RBC,295,2026-07-23,2026-08-27,26,Available,False
UNIT04314,FAC048,B+,Platelets,56,2026-07-29,2026-08-03,2,Reserved,False
UNIT04315,FAC048,A+,RBC,296,2026-07-16,2026-08-20,19,Available,False
UNIT04316,FAC048,O+,Plasma,210,2026-06-19,2027-06-19,322,Available,False
UNIT04317,FAC048,A+,RBC,287,2026-07-26,2026-08-30,29,Available,False
UNIT04318,FAC048,O+,Whole Blood,354,2026-07-27,2026-08-31,30,Available,False
UNIT04319,FAC048,O+,RBC,257,2026-07-22,2026-08-26,25,Reserved,False
UNIT04320,FAC048,B+,Plasma,229,2025-11-19,2026-11-19,110,Available,False
UNIT04321,FAC048,O+,Plasma,240,2026-06-22,2027-06-22,325,Available,False
UNIT04322,FAC048,O+,RBC,293,2026-07-07,2026-08-11,10,Reserved,False
UNIT04323,FAC048,O+,Whole Blood,424,2026-07-09,2026-08-13,12,Available,False
UNIT04324,FAC048,O+,Plasma,223,2025-10-15,2026-10-15,75,Available,False
UNIT04325,FAC048,O+,Whole Blood,393,2026-07-27,2026-08-31,30,Reserved,False
UNIT04326,FAC048,A-,RBC,260,2026-07-09,2026-08-13,12,Available,False
UNIT04327,FAC048,AB+,Plasma,208,2026-02-09,2027-02-09,192,Available,False
UNIT04328,FAC048,O+,Whole Blood,403,2026-07-09,2026-08-13,12,Available,False
UNIT04329,FAC048,A+,Whole Blood,449,2026-07-14,2026-08-18,17,Available,False
UNIT04330,FAC048,O+,RBC,288,2026-07-26,2026-08-30,29,Available,False
UNIT04331,FAC048,O+,Plasma,207,2026-04-26,2027-04-26,268,Available,False
UNIT04332,FAC048,B-,Plasma,228,2026-04-03,2027-04-03,245,Available,False
UNIT04333,FAC048,O+,Whole Blood,386,2026-06-30,2026-08-04,3,Available,True
UNIT04334,FAC048,AB+,Platelets,58,2026-07-28,2026-08-02,1,Available,True
UNIT04335,FAC048,A+,RBC,268,2026-07-11,2026-08-15,14,Available,False
UNIT04336,FAC048,A+,RBC,261,2026-07-24,2026-08-28,27,Available,False
UNIT04337,FAC048,A+,Whole Blood,399,2026-07-19,2026-08-23,22,Available,False
UNIT04338,FAC048,AB+,Plasma,216,2026-01-31,2027-01-31,183,Available,False
UNIT04339,FAC048,B+,Plasma,243,2026-07-06,2027-07-06,339,Available,False
UNIT04340,FAC048,O+,Whole Blood,381,2026-07-18,2026-08-22,21,Available,False
UNIT04341,FAC048,AB+,Platelets,52,2026-07-29,2026-08-03,2,Reserved,False
UNIT04342,FAC048,A+,Whole Blood,388,2026-07-08,2026-08-12,11,Available,False
UNIT04343,FAC048,O+,Plasma,200,2026-06-12,2027-06-12,315,Available,False
UNIT04344,FAC048,A+,Platelets,60,2026-07-31,2026-08-05,4,Reserved,False
UNIT04345,FAC048,B+,Platelets,53,2026-07-27,2026-08-01,0,Available,True
UNIT04346,FAC048,O+,Whole Blood,423,2026-07-12,2026-08-16,15,Available,False
UNIT04347,FAC048,A+,Platelets,50,2026-07-30,2026-08-04,3,Available,False
UNIT04348,FAC048,B+,Whole Blood,359,2026-07-08,2026-08-12,11,Available,False
UNIT04349,FAC048,O+,Platelets,51,2026-07-28,2026-08-02,1,Available,True
UNIT04350,FAC048,B+,Whole Blood,447,2026-07-20,2026-08-24,23,Available,False
UNIT04351,FAC048,O+,Plasma,250,2025-12-09,2026-12-09,130,Available,False
UNIT04352,FAC048,B+,Platelets,51,2026-07-31,2026-08-05,4,Available,False
UNIT04353,FAC048,A+,Whole Blood,385,2026-07-04,2026-08-08,7,Reserved,False
UNIT04354,FAC048,O+,Plasma,231,2026-04-24,2027-04-24,266,Reserved,False
UNIT04355,FAC048,B+,Plasma,230,2025-09-26,2026-09-26,56,Available,True
UNIT04356,FAC048,B+,Platelets,51,2026-07-30,2026-08-04,3,Available,False
UNIT04357,FAC048,A+,Whole Blood,392,2026-06-29,2026-08-03,2,Reserved,False
UNIT04358,FAC048,O+,RBC,286,2026-07-23,2026-08-27,26,Available,False
UNIT04359,FAC048,B+,Whole Blood,398,2026-07-20,2026-08-24,23,Available,False
UNIT04360,FAC048,O+,Whole Blood,409,2026-07-07,2026-08-11,10,Available,False
UNIT04361,FAC048,A+,Plasma,218,2026-07-06,2027-07-06,339,Available,False
UNIT04362,FAC048,B+,Platelets,57,2026-07-28,2026-08-02,1,Available,True
UNIT04363,FAC048,B+,Whole Blood,353,2026-07-20,2026-08-24,23,Available,False
UNIT04364,FAC048,B+,Whole Blood,396,2026-07-04,2026-08-08,7,Available,True
UNIT04365,FAC048,B+,Platelets,60,2026-07-28,2026-08-02,1,Available,True
UNIT04366,FAC048,O+,Plasma,206,2025-12-22,2026-12-22,143,Available,False
UNIT04367,FAC048,B+,Platelets,58,2026-07-26,2026-07-31,-1,Expired,False
UNIT04368,FAC048,A+,RBC,254,2026-06-30,2026-08-04,3,Available,True
UNIT04369,FAC048,O+,Platelets,56,2026-07-29,2026-08-03,2,Available,False
UNIT04370,FAC048,A+,RBC,275,2026-07-21,2026-08-25,24,Available,False
UNIT04371,FAC048,O+,Plasma,228,2025-06-12,2026-06-12,-50,Expired,False
UNIT04372,FAC048,A+,Platelets,57,2026-07-26,2026-07-31,-1,Expired,False
UNIT04373,FAC048,B+,Platelets,56,2026-07-31,2026-08-05,4,Available,False
UNIT04374,FAC048,O+,RBC,295,2026-07-17,2026-08-21,20,Available,False
UNIT04375,FAC048,A+,Platelets,56,2026-07-31,2026-08-05,4,Available,False
UNIT04376,FAC048,B+,RBC,283,2026-07-20,2026-08-24,23,Available,False
UNIT04377,FAC048,B+,Plasma,242,2026-01-12,2027-01-12,164,Available,False
UNIT04378,FAC048,O+,Platelets,56,2026-07-30,2026-08-04,3,Reserved,False
UNIT04379,FAC048,AB+,RBC,299,2026-07-24,2026-08-28,27,Available,False
UNIT04380,FAC048,B+,RBC,251,2026-07-23,2026-08-27,26,Available,False
UNIT04381,FAC048,O+,RBC,297,2026-07-17,2026-08-21,20,Available,False
UNIT04382,FAC048,A+,Platelets,54,2026-07-29,2026-08-03,2,Available,False
UNIT04383,FAC048,O+,Platelets,55,2026-07-31,2026-08-05,4,Available,False
UNIT04384,FAC048,B+,Whole Blood,409,2026-07-08,2026-08-12,11,Available,False
UNIT04385,FAC048,B+,Platelets,51,2026-07-30,2026-08-04,3,Available,False
UNIT04386,FAC048,AB+,Whole Blood,383,2026-07-23,2026-08-27,26,Available,False
UNIT04387,FAC048,A+,RBC,297,2026-07-17,2026-08-21,20,Available,False
UNIT04388,FAC048,O+,Plasma,245,2025-11-27,2026-11-27,118,Available,False
UNIT04389,FAC048,A+,RBC,254,2026-07-17,2026-08-21,20,Available,False
UNIT04390,FAC048,O+,Platelets,59,2026-07-29,2026-08-03,2,Available,False
UNIT04391,FAC048,A+,Plasma,249,2026-06-01,2027-06-01,304,Available,False
UNIT04392,FAC048,B+,Platelets,58,2026-07-31,2026-08-05,4,Available,False
UNIT04393,FAC048,B+,RBC,256,2026-07-29,2026-09-02,32,Available,False
UNIT04394,FAC048,O+,Whole Blood,372,2026-07-24,2026-08-28,27,Available,False
UNIT04395,FAC048,A+,RBC,286,2026-07-08,2026-08-12,11,Reserved,False
UNIT04396,FAC049,A+,Whole Blood,447,2026-07-18,2026-08-22,21,Reserved,False
UNIT04397,FAC049,A+,Whole Blood,374,2026-07-05,2026-08-09,8,Available,False
UNIT04398,FAC049,B+,Whole Blood,354,2026-06-30,2026-08-04,3,Available,True
UNIT04399,FAC049,B+,Whole Blood,408,2026-07-24,2026-08-28,27,Available,False
UNIT04400,FAC049,A+,RBC,257,2026-07-20,2026-08-24,23,Available,False
UNIT04401,FAC049,O+,RBC,278,2026-07-25,2026-08-29,28,Available,False
UNIT04402,FAC049,B+,Whole Blood,378,2026-06-29,2026-08-03,2,Available,True
UNIT04403,FAC049,O+,Whole Blood,391,2026-07-08,2026-08-12,11,Available,False
UNIT04404,FAC049,B+,Whole Blood,428,2026-07-01,2026-08-05,4,Available,True
UNIT04405,FAC049,O+,Platelets,53,2026-07-30,2026-08-04,3,Available,False
UNIT04406,FAC049,O+,Whole Blood,447,2026-07-26,2026-08-30,29,Available,False
UNIT04407,FAC049,B+,Platelets,59,2026-07-28,2026-08-02,1,Available,True
UNIT04408,FAC049,A+,RBC,269,2026-07-23,2026-08-27,26,Available,False
UNIT04409,FAC049,O+,Platelets,56,2026-07-28,2026-08-02,1,Available,True
UNIT04410,FAC049,O+,RBC,260,2026-07-19,2026-08-23,22,Available,False
UNIT04411,FAC049,B+,Whole Blood,376,2026-07-14,2026-08-18,17,Available,False
UNIT04412,FAC049,AB+,RBC,273,2026-07-12,2026-08-16,15,Available,False
UNIT04413,FAC049,A+,Platelets,56,2026-08-01,2026-08-06,5,Available,False
UNIT04414,FAC049,B+,Whole Blood,396,2026-07-18,2026-08-22,21,Available,False
UNIT04415,FAC049,O+,Whole Blood,435,2026-07-25,2026-08-29,28,Available,False
UNIT04416,FAC049,O+,Whole Blood,371,2026-07-14,2026-08-18,17,Available,False
UNIT04417,FAC049,AB+,Whole Blood,397,2026-07-24,2026-08-28,27,Available,False
UNIT04418,FAC049,O+,RBC,252,2026-07-01,2026-08-05,4,Available,True
UNIT04419,FAC049,B+,Platelets,53,2026-07-29,2026-08-03,2,Available,False
UNIT04420,FAC049,A+,Whole Blood,376,2026-07-20,2026-08-24,23,Available,False
UNIT04421,FAC049,A+,Whole Blood,369,2026-07-23,2026-08-27,26,Available,False
UNIT04422,FAC049,O+,Platelets,50,2026-07-28,2026-08-02,1,Available,True
UNIT04423,FAC049,A+,Platelets,55,2026-07-31,2026-08-05,4,Available,False
UNIT04424,FAC049,O+,Platelets,56,2026-07-27,2026-08-01,0,Available,True
UNIT04425,FAC049,AB+,Platelets,53,2026-07-28,2026-08-02,1,Available,True
UNIT04426,FAC049,O+,Whole Blood,381,2026-07-24,2026-08-28,27,Available,False
UNIT04427,FAC049,B+,Whole Blood,418,2026-07-13,2026-08-17,16,Available,False
UNIT04428,FAC049,A+,Platelets,60,2026-07-29,2026-08-03,2,Available,False
UNIT04429,FAC049,B+,Whole Blood,446,2026-07-04,2026-08-08,7,Available,True
UNIT04430,FAC049,B+,Whole Blood,449,2026-07-01,2026-08-05,4,Available,True
UNIT04431,FAC049,B+,Platelets,59,2026-07-30,2026-08-04,3,Reserved,False
UNIT04432,FAC049,AB+,Whole Blood,365,2026-06-26,2026-07-31,-1,Expired,False
UNIT04433,FAC049,A+,RBC,279,2026-07-19,2026-08-23,22,Available,False
UNIT04434,FAC049,B+,RBC,250,2026-07-22,2026-08-26,25,Available,False
UNIT04435,FAC049,B+,Platelets,51,2026-07-28,2026-08-02,1,Available,True
UNIT04436,FAC049,AB+,RBC,256,2026-07-20,2026-08-24,23,Reserved,False
UNIT04437,FAC049,AB+,Whole Blood,379,2026-07-19,2026-08-23,22,Available,False
UNIT04438,FAC049,A+,RBC,277,2026-07-23,2026-08-27,26,Available,False
UNIT04439,FAC049,O+,RBC,282,2026-07-17,2026-08-21,20,Available,False
UNIT04440,FAC049,O+,RBC,259,2026-07-23,2026-08-27,26,Available,False
UNIT04441,FAC049,O+,Platelets,53,2026-07-30,2026-08-04,3,Available,False
UNIT04442,FAC049,A+,Platelets,58,2026-07-29,2026-08-03,2,Available,False
UNIT04443,FAC049,O+,RBC,262,2026-07-01,2026-08-05,4,Available,True
UNIT04444,FAC049,A+,Whole Blood,392,2026-07-28,2026-09-01,31,Available,False
UNIT04445,FAC049,B+,RBC,299,2026-07-27,2026-08-31,30,Available,False
UNIT04446,FAC049,A+,Platelets,60,2026-07-29,2026-08-03,2,Available,False
UNIT04447,FAC049,O+,Platelets,59,2026-07-28,2026-08-02,1,Available,True
UNIT04448,FAC049,B+,Whole Blood,366,2026-07-22,2026-08-26,25,Available,False
UNIT04449,FAC049,B+,Platelets,51,2026-07-31,2026-08-05,4,Available,False
UNIT04450,FAC049,B+,Whole Blood,436,2026-07-09,2026-08-13,12,Available,False
UNIT04451,FAC049,B+,Platelets,50,2026-07-28,2026-08-02,1,Available,True
UNIT04452,FAC049,B+,Platelets,57,2026-07-30,2026-08-04,3,Available,False
UNIT04453,FAC049,O+,Platelets,53,2026-07-31,2026-08-05,4,Available,False
UNIT04454,FAC049,O+,Platelets,55,2026-07-29,2026-08-03,2,Available,False
UNIT04455,FAC049,A+,Platelets,57,2026-07-27,2026-08-01,0,Available,True
UNIT04456,FAC049,O+,Platelets,50,2026-07-31,2026-08-05,4,Available,False
UNIT04457,FAC049,O+,RBC,272,2026-07-12,2026-08-16,15,Available,False
UNIT04458,FAC049,O+,Platelets,52,2026-07-31,2026-08-05,4,Available,False
UNIT04459,FAC049,O+,RBC,280,2026-07-09,2026-08-13,12,Available,False
UNIT04460,FAC049,A+,Whole Blood,400,2026-07-30,2026-09-03,33,Available,False
UNIT04461,FAC049,B+,Platelets,54,2026-07-29,2026-08-03,2,Available,False
UNIT04462,FAC049,O+,Platelets,51,2026-07-28,2026-08-02,1,Available,True
UNIT04463,FAC049,O+,RBC,261,2026-07-25,2026-08-29,28,Available,False
UNIT04464,FAC049,O+,Whole Blood,395,2026-07-07,2026-08-11,10,Available,False
UNIT04465,FAC049,O+,Platelets,54,2026-07-27,2026-08-01,0,Available,True
UNIT04466,FAC049,B+,Platelets,54,2026-07-30,2026-08-04,3,Available,False
UNIT04467,FAC049,O+,Platelets,52,2026-08-01,2026-08-06,5,Available,False
UNIT04468,FAC049,O+,Whole Blood,422,2026-06-28,2026-08-02,1,Available,True
UNIT04469,FAC049,AB+,Platelets,60,2026-08-01,2026-08-06,5,Available,False
UNIT04470,FAC049,B+,Whole Blood,367,2026-07-04,2026-08-08,7,Available,True
UNIT04471,FAC049,B+,Whole Blood,393,2026-07-22,2026-08-26,25,Available,False
UNIT04472,FAC049,O+,Whole Blood,396,2026-06-25,2026-07-30,-2,Expired,False
UNIT04473,FAC049,B+,Whole Blood,432,2026-07-27,2026-08-31,30,Available,False
UNIT04474,FAC049,A+,Platelets,51,2026-07-31,2026-08-05,4,Available,False
UNIT04475,FAC050,A+,Whole Blood,352,2026-07-10,2026-08-14,13,Available,False
UNIT04476,FAC050,O+,Whole Blood,391,2026-07-17,2026-08-21,20,Available,False
UNIT04477,FAC050,B+,RBC,276,2026-07-26,2026-08-30,29,Available,False
UNIT04478,FAC050,O+,Whole Blood,366,2026-07-17,2026-08-21,20,Available,False
UNIT04479,FAC050,B+,Whole Blood,395,2026-07-09,2026-08-13,12,Available,False
UNIT04480,FAC050,A+,Platelets,53,2026-07-30,2026-08-04,3,Available,False
UNIT04481,FAC050,B+,Whole Blood,368,2026-07-18,2026-08-22,21,Available,False
UNIT04482,FAC050,O+,Platelets,53,2026-07-31,2026-08-05,4,Reserved,False
UNIT04483,FAC050,O+,Whole Blood,429,2026-07-30,2026-09-03,33,Reserved,False
UNIT04484,FAC050,B+,Platelets,52,2026-07-31,2026-08-05,4,Available,False
UNIT04485,FAC050,O+,Platelets,54,2026-07-31,2026-08-05,4,Available,False
UNIT04486,FAC050,A+,Platelets,57,2026-07-31,2026-08-05,4,Available,False
UNIT04487,FAC050,O+,RBC,276,2026-07-15,2026-08-19,18,Available,False
UNIT04488,FAC050,O+,Whole Blood,382,2026-07-18,2026-08-22,21,Available,False
UNIT04489,FAC050,AB+,Whole Blood,385,2026-07-12,2026-08-16,15,Available,False
UNIT04490,FAC050,O+,Whole Blood,362,2026-07-17,2026-08-21,20,Available,False
UNIT04491,FAC050,B+,RBC,281,2026-07-29,2026-09-02,32,Available,False
UNIT04492,FAC050,AB+,Platelets,52,2026-07-31,2026-08-05,4,Available,False
UNIT04493,FAC050,A+,Whole Blood,389,2026-07-22,2026-08-26,25,Available,False
UNIT04494,FAC050,B+,RBC,264,2026-07-27,2026-08-31,30,Available,False
UNIT04495,FAC050,B+,RBC,282,2026-07-06,2026-08-10,9,Available,False
UNIT04496,FAC050,O+,Platelets,50,2026-07-31,2026-08-05,4,Available,False
UNIT04497,FAC050,A+,RBC,264,2026-07-06,2026-08-10,9,Available,False
UNIT04498,FAC050,B+,Whole Blood,385,2026-07-18,2026-08-22,21,Available,False
UNIT04499,FAC050,O+,Whole Blood,440,2026-07-24,2026-08-28,27,Available,False
UNIT04500,FAC050,B+,Platelets,59,2026-08-01,2026-08-06,5,Reserved,False
UNIT04501,FAC050,B+,Platelets,55,2026-07-28,2026-08-02,1,Available,True
UNIT04502,FAC050,B+,RBC,267,2026-07-25,2026-08-29,28,Available,False
UNIT04503,FAC050,A-,Platelets,50,2026-07-29,2026-08-03,2,Available,False
UNIT04504,FAC050,AB+,Whole Blood,436,2026-07-17,2026-08-21,20,Available,False
UNIT04505,FAC050,B+,RBC,276,2026-07-16,2026-08-20,19,Available,False
UNIT04506,FAC050,O+,RBC,283,2026-07-23,2026-08-27,26,Available,False
UNIT04507,FAC050,B+,Whole Blood,398,2026-07-17,2026-08-21,20,Available,False
UNIT04508,FAC050,A+,RBC,272,2026-07-03,2026-08-07,6,Reserved,False
UNIT04509,FAC050,O+,RBC,258,2026-06-30,2026-08-04,3,Available,True
UNIT04510,FAC050,O+,RBC,300,2026-07-07,2026-08-11,10,Available,False
UNIT04511,FAC050,A+,Platelets,58,2026-07-31,2026-08-05,4,Available,False
UNIT04512,FAC050,B+,Platelets,50,2026-07-29,2026-08-03,2,Available,False
UNIT04513,FAC050,A+,RBC,257,2026-06-28,2026-08-02,1,Available,True
UNIT04514,FAC050,A+,Platelets,57,2026-07-30,2026-08-04,3,Available,False
UNIT04515,FAC050,O+,Platelets,53,2026-07-30,2026-08-04,3,Available,False
UNIT04516,FAC050,B+,RBC,264,2026-07-29,2026-09-02,32,Reserved,False
UNIT04517,FAC050,O+,RBC,282,2026-07-22,2026-08-26,25,Available,False
UNIT04518,FAC050,B+,Whole Blood,435,2026-07-19,2026-08-23,22,Available,False
UNIT04519,FAC050,A+,RBC,257,2026-07-17,2026-08-21,20,Available,False
UNIT04520,FAC050,B-,Whole Blood,402,2026-07-24,2026-08-28,27,Available,False
UNIT04521,FAC050,O+,RBC,299,2026-06-29,2026-08-03,2,Available,True
UNIT04522,FAC050,A+,Whole Blood,432,2026-07-07,2026-08-11,10,Available,False
UNIT04523,FAC050,B+,RBC,293,2026-07-24,2026-08-28,27,Available,False
UNIT04524,FAC050,AB+,Whole Blood,423,2026-07-19,2026-08-23,22,Available,False
UNIT04525,FAC050,B+,RBC,282,2026-07-10,2026-08-14,13,Available,False
UNIT04526,FAC050,O+,Platelets,50,2026-07-28,2026-08-02,1,Reserved,False
UNIT04527,FAC050,O+,RBC,251,2026-07-05,2026-08-09,8,Available,False
UNIT04528,FAC050,O+,Platelets,51,2026-07-30,2026-08-04,3,Available,False
UNIT04529,FAC050,O+,Whole Blood,404,2026-07-22,2026-08-26,25,Available,False
UNIT04530,FAC050,O+,Whole Blood,442,2026-07-15,2026-08-19,18,Available,False
UNIT04531,FAC050,B+,RBC,253,2026-07-19,2026-08-23,22,Available,False
UNIT04532,FAC050,O+,RBC,293,2026-07-07,2026-08-11,10,Available,False
UNIT04533,FAC050,O+,Whole Blood,424,2026-07-17,2026-08-21,20,Reserved,False
UNIT04534,FAC050,AB+,Platelets,59,2026-07-28,2026-08-02,1,Available,True
UNIT04535,FAC050,O+,Whole Blood,403,2026-07-16,2026-08-20,19,Available,False
UNIT04536,FAC050,O+,Whole Blood,361,2026-07-06,2026-08-10,9,Available,False
UNIT04537,FAC050,B+,Whole Blood,389,2026-07-15,2026-08-19,18,Available,False
UNIT04538,FAC050,AB+,Whole Blood,353,2026-07-19,2026-08-23,22,Available,False
UNIT04539,FAC050,A+,Platelets,60,2026-07-29,2026-08-03,2,Available,False
UNIT04540,FAC050,A-,Whole Blood,391,2026-07-10,2026-08-14,13,Available,False
UNIT04541,FAC050,B+,Platelets,54,2026-07-29,2026-08-03,2,Available,False
UNIT04542,FAC050,B+,Platelets,50,2026-07-29,2026-08-03,2,Available,False
UNIT04543,FAC050,O+,Platelets,58,2026-07-31,2026-08-05,4,Available,False
UNIT04544,FAC050,B+,Whole Blood,417,2026-07-20,2026-08-24,23,Reserved,False
UNIT04545,FAC050,A+,RBC,297,2026-07-23,2026-08-27,26,Reserved,False
UNIT04546,FAC050,O+,Platelets,52,2026-07-28,2026-08-02,1,Available,True
UNIT04547,FAC050,O+,Platelets,57,2026-07-29,2026-08-03,2,Available,False
UNIT04548,FAC050,O+,Whole Blood,350,2026-07-19,2026-08-23,22,Available,False
UNIT04549,FAC050,B+,RBC,267,2026-06-25,2026-07-30,-2,Expired,False
UNIT04550,FAC050,O+,Platelets,58,2026-07-31,2026-08-05,4,Reserved,False
UNIT04551,FAC050,AB+,Whole Blood,382,2026-07-26,2026-08-30,29,Available,False
UNIT04552,FAC050,O+,Platelets,60,2026-07-27,2026-08-01,0,Available,True
UNIT04553,FAC050,B+,RBC,299,2026-07-31,2026-09-04,34,Reserved,False
UNIT04554,FAC050,A+,RBC,259,2026-07-28,2026-09-01,31,Available,False
UNIT04555,FAC050,B+,RBC,263,2026-07-28,2026-09-01,31,Available,False
UNIT04556,FAC050,A+,Platelets,51,2026-07-30,2026-08-04,3,Available,False
UNIT04557,FAC050,B+,RBC,276,2026-07-25,2026-08-29,28,Available,False
UNIT04558,FAC050,B-,Platelets,54,2026-07-28,2026-08-02,1,Available,True
UNIT04559,FAC050,O+,RBC,251,2026-07-07,2026-08-11,10,Available,False
UNIT04560,FAC050,B+,Platelets,55,2026-07-30,2026-08-04,3,Available,False
UNIT04561,FAC050,O+,Whole Blood,385,2026-07-12,2026-08-16,15,Available,False
UNIT04562,FAC051,O+,RBC,252,2026-07-19,2026-08-23,22,Available,False
UNIT04563,FAC051,O+,Whole Blood,357,2026-07-23,2026-08-27,26,Available,False
UNIT04564,FAC051,O+,Whole Blood,403,2026-06-20,2026-07-25,-7,Expired,False
UNIT04565,FAC051,AB-,RBC,288,2026-07-22,2026-08-26,25,Available,False
UNIT04566,FAC051,O+,Platelets,58,2026-07-31,2026-08-05,4,Available,False
UNIT04567,FAC051,O+,RBC,250,2026-06-30,2026-08-04,3,Available,True
UNIT04568,FAC051,O+,RBC,259,2026-07-05,2026-08-09,8,Reserved,False
UNIT04569,FAC051,O+,Platelets,59,2026-07-28,2026-08-02,1,Available,True
UNIT04570,FAC051,A-,Whole Blood,378,2026-06-27,2026-08-01,0,Available,True
UNIT04571,FAC051,O+,Whole Blood,384,2026-07-30,2026-09-03,33,Available,False
UNIT04572,FAC051,O+,RBC,253,2026-07-04,2026-08-08,7,Reserved,False
UNIT04573,FAC051,O+,RBC,258,2026-07-11,2026-08-15,14,Available,False
UNIT04574,FAC051,O+,RBC,298,2026-07-23,2026-08-27,26,Available,False
UNIT04575,FAC051,O+,RBC,294,2026-07-28,2026-09-01,31,Available,False
UNIT04576,FAC051,O+,RBC,284,2026-07-16,2026-08-20,19,Available,False
UNIT04577,FAC051,O+,RBC,251,2026-07-06,2026-08-10,9,Available,False
UNIT04578,FAC051,O-,RBC,282,2026-07-04,2026-08-08,7,Available,True
UNIT04579,FAC051,O+,Whole Blood,407,2026-07-20,2026-08-24,23,Available,False
UNIT04580,FAC051,O-,Whole Blood,441,2026-07-16,2026-08-20,19,Available,False
UNIT04581,FAC051,O+,Whole Blood,366,2026-06-18,2026-07-23,-9,Expired,False
UNIT04582,FAC051,O+,Whole Blood,427,2026-07-19,2026-08-23,22,Available,False
UNIT04583,FAC051,O+,Platelets,52,2026-07-30,2026-08-04,3,Available,False
UNIT04584,FAC051,O+,RBC,292,2026-07-14,2026-08-18,17,Available,False
UNIT04585,FAC051,O+,Whole Blood,373,2026-07-07,2026-08-11,10,Reserved,False
UNIT04586,FAC051,O+,RBC,286,2026-07-24,2026-08-28,27,Reserved,False
UNIT04587,FAC051,O+,Whole Blood,408,2026-07-19,2026-08-23,22,Available,False
UNIT04588,FAC051,O+,Platelets,55,2026-07-29,2026-08-03,2,Available,False
UNIT04589,FAC051,O+,Platelets,60,2026-07-27,2026-08-01,0,Reserved,False
UNIT04590,FAC051,O+,Platelets,58,2026-07-27,2026-08-01,0,Available,True
UNIT04591,FAC051,O+,RBC,275,2026-07-07,2026-08-11,10,Available,False
UNIT04592,FAC051,O+,RBC,261,2026-07-09,2026-08-13,12,Available,False
UNIT04593,FAC051,O+,RBC,266,2026-07-30,2026-09-03,33,Available,False
UNIT04594,FAC051,O+,Whole Blood,382,2026-07-15,2026-08-19,18,Available,False
UNIT04595,FAC051,O+,Whole Blood,417,2026-07-26,2026-08-30,29,Available,False
UNIT04596,FAC051,O+,Platelets,56,2026-07-31,2026-08-05,4,Reserved,False
UNIT04597,FAC051,A-,Whole Blood,356,2026-06-30,2026-08-04,3,Available,True
UNIT04598,FAC051,O+,Platelets,52,2026-07-29,2026-08-03,2,Reserved,False
UNIT04599,FAC051,O+,Platelets,54,2026-07-29,2026-08-03,2,Available,False
UNIT04600,FAC051,O+,Platelets,54,2026-07-31,2026-08-05,4,Available,False
UNIT04601,FAC051,O+,Platelets,50,2026-07-31,2026-08-05,4,Available,False
UNIT04602,FAC051,O+,Platelets,60,2026-07-30,2026-08-04,3,Available,False
UNIT04603,FAC051,O+,RBC,284,2026-07-26,2026-08-30,29,Available,False
UNIT04604,FAC051,O+,RBC,260,2026-07-04,2026-08-08,7,Available,True
UNIT04605,FAC051,O+,Platelets,50,2026-07-27,2026-08-01,0,Available,True
UNIT04606,FAC051,O+,Platelets,52,2026-07-29,2026-08-03,2,Available,False
UNIT04607,FAC051,O+,Whole Blood,404,2026-07-29,2026-09-02,32,Reserved,False
UNIT04608,FAC051,O+,Whole Blood,429,2026-07-12,2026-08-16,15,Available,False
UNIT04609,FAC051,O+,Platelets,58,2026-07-27,2026-08-01,0,Available,True
UNIT04610,FAC051,O+,Whole Blood,401,2026-07-11,2026-08-15,14,Available,False
UNIT04611,FAC051,O+,Whole Blood,381,2026-07-27,2026-08-31,30,Available,False
UNIT04612,FAC051,O+,Whole Blood,362,2026-07-18,2026-08-22,21,Available,False
UNIT04613,FAC051,O+,RBC,259,2026-07-14,2026-08-18,17,Reserved,False
UNIT04614,FAC051,O+,Platelets,54,2026-07-27,2026-08-01,0,Available,True
UNIT04615,FAC051,O+,Whole Blood,389,2026-07-21,2026-08-25,24,Available,False
UNIT04616,FAC051,O+,Whole Blood,359,2026-07-09,2026-08-13,12,Available,False
UNIT04617,FAC051,O+,RBC,275,2026-07-11,2026-08-15,14,Available,False
UNIT04618,FAC051,AB+,Whole Blood,432,2026-07-16,2026-08-20,19,Available,False
UNIT04619,FAC051,AB+,RBC,272,2026-06-21,2026-07-26,-6,Expired,False
UNIT04620,FAC051,AB+,RBC,292,2026-07-27,2026-08-31,30,Available,False
UNIT04621,FAC051,AB+,Whole Blood,429,2026-07-25,2026-08-29,28,Available,False
UNIT04622,FAC051,O+,Platelets,53,2026-07-29,2026-08-03,2,Available,False
UNIT04623,FAC051,O+,Whole Blood,388,2026-07-24,2026-08-28,27,Available,False
UNIT04624,FAC051,O+,RBC,278,2026-07-03,2026-08-07,6,Available,True
UNIT04625,FAC051,O+,Platelets,56,2026-08-01,2026-08-06,5,Available,False
UNIT04626,FAC051,A-,Platelets,52,2026-07-27,2026-08-01,0,Available,True
UNIT04627,FAC051,O+,RBC,250,2026-06-21,2026-07-26,-6,Expired,False
UNIT04628,FAC051,O+,RBC,298,2026-07-19,2026-08-23,22,Available,False
UNIT04629,FAC051,O+,RBC,294,2026-07-12,2026-08-16,15,Reserved,False
UNIT04630,FAC051,O+,RBC,292,2026-07-27,2026-08-31,30,Available,False
UNIT04631,FAC051,AB+,Platelets,55,2026-07-29,2026-08-03,2,Available,False
UNIT04632,FAC051,O+,RBC,285,2026-07-29,2026-09-02,32,Available,False
UNIT04633,FAC051,O+,Platelets,51,2026-08-01,2026-08-06,5,Available,False
UNIT04634,FAC051,O+,Whole Blood,383,2026-07-21,2026-08-25,24,Available,False
UNIT04635,FAC051,O+,Platelets,59,2026-07-30,2026-08-04,3,Available,False
UNIT04636,FAC052,O+,Whole Blood,350,2026-07-11,2026-08-15,14,Available,False
UNIT04637,FAC052,A+,Whole Blood,351,2026-07-13,2026-08-17,16,Reserved,False
UNIT04638,FAC052,O+,Whole Blood,385,2026-06-30,2026-08-04,3,Available,True
UNIT04639,FAC052,O-,Whole Blood,419,2026-07-13,2026-08-17,16,Available,False
UNIT04640,FAC052,A+,Whole Blood,376,2026-07-05,2026-08-09,8,Available,False
UNIT04641,FAC052,O+,Whole Blood,444,2026-07-07,2026-08-11,10,Available,False
UNIT04642,FAC052,O+,Whole Blood,419,2026-07-16,2026-08-20,19,Reserved,False
UNIT04643,FAC052,B+,Whole Blood,352,2026-07-12,2026-08-16,15,Available,False
UNIT04644,FAC052,O+,Whole Blood,427,2026-07-25,2026-08-29,28,Available,False
UNIT04645,FAC052,O+,Whole Blood,398,2026-06-24,2026-07-29,-3,Expired,False
UNIT04646,FAC052,B+,Whole Blood,376,2026-07-09,2026-08-13,12,Available,False
UNIT04647,FAC052,O+,Whole Blood,357,2026-07-09,2026-08-13,12,Available,False
UNIT04648,FAC052,O+,Whole Blood,414,2026-07-22,2026-08-26,25,Available,False
UNIT04649,FAC052,O+,Whole Blood,412,2026-07-07,2026-08-11,10,Available,False
UNIT04650,FAC052,A+,Whole Blood,355,2026-06-20,2026-07-25,-7,Expired,False
UNIT04651,FAC052,O+,Whole Blood,441,2026-06-23,2026-07-28,-4,Expired,False
UNIT04652,FAC052,A+,Whole Blood,438,2026-07-15,2026-08-19,18,Available,False
UNIT04653,FAC052,O+,Whole Blood,375,2026-07-02,2026-08-06,5,Available,True
UNIT04654,FAC052,O+,Whole Blood,362,2026-07-05,2026-08-09,8,Available,False
UNIT04655,FAC052,B+,Whole Blood,393,2026-07-14,2026-08-18,17,Available,False
UNIT04656,FAC052,A+,Whole Blood,364,2026-07-23,2026-08-27,26,Available,False
UNIT04657,FAC052,O+,Whole Blood,437,2026-07-29,2026-09-02,32,Reserved,False
UNIT04658,FAC052,O+,Whole Blood,426,2026-07-25,2026-08-29,28,Available,False
UNIT04659,FAC052,O+,Whole Blood,396,2026-07-17,2026-08-21,20,Reserved,False
UNIT04660,FAC052,O+,Whole Blood,357,2026-07-17,2026-08-21,20,Available,False
UNIT04661,FAC052,O+,Whole Blood,360,2026-06-28,2026-08-02,1,Reserved,False
UNIT04662,FAC052,B+,Whole Blood,429,2026-07-22,2026-08-26,25,Available,False
UNIT04663,FAC052,O+,Whole Blood,412,2026-07-14,2026-08-18,17,Available,False
UNIT04664,FAC052,O+,Whole Blood,381,2026-07-26,2026-08-30,29,Available,False
UNIT04665,FAC052,B+,Whole Blood,351,2026-06-28,2026-08-02,1,Available,True
UNIT04666,FAC052,A+,Whole Blood,352,2026-07-27,2026-08-31,30,Available,False
UNIT04667,FAC053,B+,Whole Blood,416,2026-07-31,2026-09-04,34,Reserved,False
UNIT04668,FAC053,B+,Whole Blood,380,2026-06-28,2026-08-02,1,Available,True
UNIT04669,FAC053,A+,Whole Blood,397,2026-07-23,2026-08-27,26,Available,False
UNIT04670,FAC053,A+,Whole Blood,351,2026-07-11,2026-08-15,14,Available,False
UNIT04671,FAC053,O+,Whole Blood,355,2026-07-30,2026-09-03,33,Available,False
UNIT04672,FAC053,O+,Whole Blood,431,2026-07-28,2026-09-01,31,Available,False
UNIT04673,FAC053,A+,Whole Blood,393,2026-07-25,2026-08-29,28,Available,False
UNIT04674,FAC053,A+,Whole Blood,397,2026-07-07,2026-08-11,10,Available,False
UNIT04675,FAC053,B+,Whole Blood,433,2026-07-23,2026-08-27,26,Available,False
UNIT04676,FAC053,O+,Whole Blood,418,2026-07-28,2026-09-01,31,Available,False
UNIT04677,FAC053,B+,Whole Blood,413,2026-07-02,2026-08-06,5,Available,True
UNIT04678,FAC053,O+,Whole Blood,430,2026-07-23,2026-08-27,26,Available,False
UNIT04679,FAC053,O+,Whole Blood,421,2026-07-28,2026-09-01,31,Available,False
UNIT04680,FAC053,O+,Whole Blood,378,2026-07-10,2026-08-14,13,Reserved,False
UNIT04681,FAC053,B+,Whole Blood,365,2026-07-14,2026-08-18,17,Available,False
UNIT04682,FAC053,O+,Whole Blood,377,2026-07-20,2026-08-24,23,Available,False
UNIT04683,FAC053,B+,Whole Blood,401,2026-07-07,2026-08-11,10,Available,False
UNIT04684,FAC053,A+,Whole Blood,369,2026-07-13,2026-08-17,16,Available,False
UNIT04685,FAC053,A+,Whole Blood,398,2026-07-28,2026-09-01,31,Available,False
UNIT04686,FAC053,A+,Whole Blood,367,2026-07-26,2026-08-30,29,Available,False
UNIT04687,FAC053,B+,Whole Blood,407,2026-07-29,2026-09-02,32,Available,False
UNIT04688,FAC053,O+,Whole Blood,401,2026-07-07,2026-08-11,10,Reserved,False
UNIT04689,FAC053,A+,Whole Blood,396,2026-07-20,2026-08-24,23,Reserved,False
UNIT04690,FAC053,B+,Whole Blood,437,2026-07-27,2026-08-31,30,Reserved,False
UNIT04691,FAC053,A+,Whole Blood,361,2026-07-23,2026-08-27,26,Available,False
UNIT04692,FAC053,B+,Whole Blood,417,2026-07-21,2026-08-25,24,Available,False
UNIT04693,FAC053,B+,Whole Blood,388,2026-07-20,2026-08-24,23,Available,False
UNIT04694,FAC053,A+,Whole Blood,422,2026-07-13,2026-08-17,16,Available,False
UNIT04695,FAC054,O+,Whole Blood,362,2026-07-08,2026-08-12,11,Available,False
UNIT04696,FAC054,O+,Whole Blood,409,2026-07-10,2026-08-14,13,Reserved,False
UNIT04697,FAC054,O+,Whole Blood,444,2026-07-09,2026-08-13,12,Available,False
UNIT04698,FAC054,A+,Whole Blood,388,2026-07-18,2026-08-22,21,Available,False
UNIT04699,FAC054,O+,Whole Blood,399,2026-07-14,2026-08-18,17,Available,False
UNIT04700,FAC054,O+,Whole Blood,427,2026-07-24,2026-08-28,27,Available,False
UNIT04701,FAC054,B+,Whole Blood,397,2026-07-19,2026-08-23,22,Reserved,False
UNIT04702,FAC054,O+,Whole Blood,445,2026-07-06,2026-08-10,9,Reserved,False
UNIT04703,FAC054,O+,Whole Blood,383,2026-07-05,2026-08-09,8,Available,False
UNIT04704,FAC054,B+,Whole Blood,373,2026-07-05,2026-08-09,8,Available,False
UNIT04705,FAC054,A+,Whole Blood,374,2026-07-18,2026-08-22,21,Available,False
UNIT04706,FAC054,O+,Whole Blood,411,2026-07-10,2026-08-14,13,Available,False
UNIT04707,FAC054,A+,Whole Blood,401,2026-07-24,2026-08-28,27,Reserved,False
UNIT04708,FAC054,B+,Whole Blood,367,2026-07-24,2026-08-28,27,Available,False
UNIT04709,FAC054,B+,Whole Blood,408,2026-07-04,2026-08-08,7,Reserved,False
UNIT04710,FAC054,B+,Whole Blood,380,2026-07-23,2026-08-27,26,Available,False
UNIT04711,FAC054,O+,Whole Blood,393,2026-07-23,2026-08-27,26,Available,False
UNIT04712,FAC054,O+,Whole Blood,352,2026-07-25,2026-08-29,28,Available,False
UNIT04713,FAC054,O+,Whole Blood,404,2026-07-10,2026-08-14,13,Available,False
UNIT04714,FAC054,O+,Whole Blood,385,2026-07-07,2026-08-11,10,Available,False
UNIT04715,FAC054,B+,Whole Blood,413,2026-06-25,2026-07-30,-2,Expired,False
UNIT04716,FAC054,O+,Whole Blood,436,2026-06-30,2026-08-04,3,Available,True
UNIT04717,FAC054,B+,Whole Blood,384,2026-07-02,2026-08-06,5,Available,True
UNIT04718,FAC054,O+,Whole Blood,406,2026-06-30,2026-08-04,3,Available,True
UNIT04719,FAC054,B+,Whole Blood,365,2026-07-24,2026-08-28,27,Reserved,False
UNIT04720,FAC054,A+,Whole Blood,377,2026-07-06,2026-08-10,9,Reserved,False
UNIT04721,FAC054,O+,Whole Blood,430,2026-07-06,2026-08-10,9,Available,False
UNIT04722,FAC054,O+,Whole Blood,409,2026-06-29,2026-08-03,2,Available,True
UNIT04723,FAC054,B+,Whole Blood,442,2026-06-27,2026-08-01,0,Available,True
