usage_id,facility_id,district,date,blood_group,units_used,is_spike_day,spike_reason
USG000001,FAC001,Ballari,2025-08-02,O+,2,True,Monsoon peak flood-risk weeks
USG000002,FAC001,Ballari,2025-08-02,A+,5,True,Monsoon peak flood-risk weeks
USG000003,FAC001,Ballari,2025-08-02,AB+,3,True,Monsoon peak flood-risk weeks
USG000004,FAC001,Ballari,2025-08-02,O-,3,True,Monsoon peak flood-risk weeks
USG000005,FAC001,Ballari,2025-08-03,O+,2,True,Monsoon peak flood-risk weeks
USG000006,FAC001,Ballari,2025-08-03,B+,6,True,Monsoon peak flood-risk weeks
USG000007,FAC001,Ballari,2025-08-03,A+,4,True,Monsoon peak flood-risk weeks
USG000008,FAC001,Ballari,2025-08-03,AB-,6,True,Monsoon peak flood-risk weeks
USG000009,FAC001,Ballari,2025-08-05,O+,3,True,Monsoon peak flood-risk weeks
USG000010,FAC001,Ballari,2025-08-06,O-,2,False,
USG000011,FAC001,Ballari,2025-08-07,B-,1,False,
USG000012,FAC001,Ballari,2025-08-08,B+,3,False,
USG000013,FAC001,Ballari,2025-08-12,A-,3,False,
USG000014,FAC001,Ballari,2025-08-13,B+,3,False,
USG000015,FAC001,Ballari,2025-08-14,O-,5,True,Local incident spike
USG000016,FAC001,Ballari,2025-08-14,AB-,1,True,Local incident spike
USG000017,FAC001,Ballari,2025-08-15,B+,2,False,
USG000018,FAC001,Ballari,2025-08-15,A+,4,False,
USG000019,FAC001,Ballari,2025-08-17,A+,1,False,
USG000020,FAC001,Ballari,2025-08-18,AB+,2,False,
USG000021,FAC001,Ballari,2025-08-20,A+,1,False,
USG000022,FAC001,Ballari,2025-08-20,AB+,3,False,
USG000023,FAC001,Ballari,2025-08-21,O+,2,False,
USG000024,FAC001,Ballari,2025-08-21,AB-,1,False,
USG000025,FAC001,Ballari,2025-08-22,AB-,4,False,
USG000026,FAC001,Ballari,2025-08-23,O+,4,False,
USG000027,FAC001,Ballari,2025-08-24,B+,3,False,
USG000028,FAC001,Ballari,2025-08-24,AB+,1,False,
USG000029,FAC001,Ballari,2025-08-24,A-,4,False,
USG000030,FAC001,Ballari,2025-08-25,O+,1,False,
USG000031,FAC001,Ballari,2025-08-25,A+,1,False,
USG000032,FAC001,Ballari,2025-08-28,A+,2,False,
USG000033,FAC001,Ballari,2025-08-28,B-,2,False,
USG000034,FAC001,Ballari,2025-08-29,O+,3,False,
USG000035,FAC001,Ballari,2025-08-29,O-,3,False,
USG000036,FAC001,Ballari,2025-08-31,O-,4,False,
USG000037,FAC001,Ballari,2025-08-31,B-,3,False,
USG000038,FAC001,Ballari,2025-09-01,A-,1,False,
USG000039,FAC001,Ballari,2025-09-02,O+,1,False,
USG000040,FAC001,Ballari,2025-09-04,B+,2,False,
USG000041,FAC001,Ballari,2025-09-04,B-,3,False,
USG000042,FAC001,Ballari,2025-09-05,AB-,4,False,
USG000043,FAC001,Ballari,2025-09-06,B-,2,False,
USG000044,FAC001,Ballari,2025-09-07,B+,3,False,
USG000045,FAC001,Ballari,2025-09-07,AB-,3,False,
USG000046,FAC001,Ballari,2025-09-08,O+,3,False,
USG000047,FAC001,Ballari,2025-09-08,B+,4,False,
USG000048,FAC001,Ballari,2025-09-09,O+,1,False,
USG000049,FAC001,Ballari,2025-09-09,A+,2,False,
USG000050,FAC001,Ballari,2025-09-09,O-,3,False,
USG000051,FAC001,Ballari,2025-09-14,A+,1,False,
USG000052,FAC001,Ballari,2025-09-15,B-,1,False,
USG000053,FAC001,Ballari,2025-09-16,O+,5,True,Festival travel peak (Dasara)
USG000054,FAC001,Ballari,2025-09-16,B+,2,True,Festival travel peak (Dasara)
USG000055,FAC001,Ballari,2025-09-18,O+,3,True,Festival travel peak (Dasara)
USG000056,FAC001,Ballari,2025-09-18,B+,6,True,Festival travel peak (Dasara)
USG000057,FAC001,Ballari,2025-09-18,AB+,4,True,Festival travel peak (Dasara)
USG000058,FAC001,Ballari,2025-09-18,B-,3,True,Festival travel peak (Dasara)
USG000059,FAC001,Ballari,2025-09-19,B+,6,True,Festival travel peak (Dasara)
USG000060,FAC001,Ballari,2025-09-19,AB+,6,True,Festival travel peak (Dasara)
USG000061,FAC001,Ballari,2025-09-19,B-,6,True,Festival travel peak (Dasara)
USG000062,FAC001,Ballari,2025-09-20,O+,7,True,Festival travel peak (Dasara)
USG000063,FAC001,Ballari,2025-09-21,B+,5,True,Festival travel peak (Dasara)
USG000064,FAC001,Ballari,2025-09-22,AB+,5,True,Festival travel peak (Dasara)
USG000065,FAC001,Ballari,2025-09-22,A-,6,True,Festival travel peak (Dasara)
USG000066,FAC001,Ballari,2025-09-23,B+,6,True,Festival travel peak (Dasara)
USG000067,FAC001,Ballari,2025-09-23,A+,2,True,Festival travel peak (Dasara)
USG000068,FAC001,Ballari,2025-09-23,AB+,4,True,Festival travel peak (Dasara)
USG000069,FAC001,Ballari,2025-09-23,O-,2,True,Festival travel peak (Dasara)
USG000070,FAC001,Ballari,2025-09-23,AB-,3,True,Festival travel peak (Dasara)
USG000071,FAC001,Ballari,2025-09-24,B+,3,True,Festival travel peak (Dasara)
USG000072,FAC001,Ballari,2025-09-25,O+,4,True,Festival travel peak (Dasara)
USG000073,FAC001,Ballari,2025-09-25,B+,5,True,Festival travel peak (Dasara)
USG000074,FAC001,Ballari,2025-09-26,O+,5,True,Festival travel peak (Dasara)
USG000075,FAC001,Ballari,2025-09-26,A+,1,True,Festival travel peak (Dasara)
USG000076,FAC001,Ballari,2025-09-27,B+,5,True,Festival travel peak (Dasara)
USG000077,FAC001,Ballari,2025-09-29,O+,6,True,Festival travel peak (Dasara)
USG000078,FAC001,Ballari,2025-09-29,O-,4,True,Festival travel peak (Dasara)
USG000079,FAC001,Ballari,2025-09-30,AB+,3,True,Festival travel peak (Dasara)
USG000080,FAC001,Ballari,2025-10-01,AB+,3,True,Festival travel peak (Dasara)
USG000081,FAC001,Ballari,2025-10-02,O+,4,True,Festival travel peak (Dasara)
USG000082,FAC001,Ballari,2025-10-03,B+,6,True,Festival travel peak (Dasara)
USG000083,FAC001,Ballari,2025-10-04,B+,3,True,Festival travel peak (Dasara)
USG000084,FAC001,Ballari,2025-10-05,A-,5,True,Festival travel peak (Dasara)
USG000085,FAC001,Ballari,2025-10-05,B-,5,True,Festival travel peak (Dasara)
USG000086,FAC001,Ballari,2025-10-06,O+,3,True,Festival travel peak (Dasara)
USG000087,FAC001,Ballari,2025-10-06,A+,3,True,Festival travel peak (Dasara)
USG000088,FAC001,Ballari,2025-10-08,B+,3,True,Festival travel peak (Dasara)
USG000089,FAC001,Ballari,2025-10-08,A+,3,True,Festival travel peak (Dasara)
USG000090,FAC001,Ballari,2025-10-08,AB+,2,True,Festival travel peak (Dasara)
USG000091,FAC001,Ballari,2025-10-08,B-,5,True,Festival travel peak (Dasara)
USG000092,FAC001,Ballari,2025-10-10,O-,3,True,Festival travel peak (Dasara)
USG000093,FAC001,Ballari,2025-10-12,AB+,2,False,
USG000094,FAC001,Ballari,2025-10-13,AB+,2,False,
USG000095,FAC001,Ballari,2025-10-14,AB+,3,False,
USG000096,FAC001,Ballari,2025-10-15,A-,1,False,
USG000097,FAC001,Ballari,2025-10-18,B+,2,False,
USG000098,FAC001,Ballari,2025-10-18,O-,4,False,
USG000099,FAC001,Ballari,2025-10-19,B+,2,False,
USG000100,FAC001,Ballari,2025-10-22,A+,4,False,
USG000101,FAC001,Ballari,2025-10-23,O+,2,False,
USG000102,FAC001,Ballari,2025-10-23,O-,4,False,
USG000103,FAC001,Ballari,2025-10-24,O-,3,False,
USG000104,FAC001,Ballari,2025-10-27,AB+,1,False,
USG000105,FAC001,Ballari,2025-10-28,O+,1,False,
USG000106,FAC001,Ballari,2025-10-28,B-,3,False,
USG000107,FAC001,Ballari,2025-10-29,A+,4,False,
USG000108,FAC001,Ballari,2025-10-30,AB-,4,False,
USG000109,FAC001,Ballari,2025-11-03,O+,4,False,
USG000110,FAC001,Ballari,2025-11-04,AB-,4,False,
USG000111,FAC001,Ballari,2025-11-05,O+,3,False,
USG000112,FAC001,Ballari,2025-11-05,A+,3,False,
USG000113,FAC001,Ballari,2025-11-07,AB+,2,False,
USG000114,FAC001,Ballari,2025-11-08,AB+,1,False,
USG000115,FAC001,Ballari,2025-11-09,A+,2,False,
USG000116,FAC001,Ballari,2025-11-10,B-,1,False,
USG000117,FAC001,Ballari,2025-11-11,B+,2,False,
USG000118,FAC001,Ballari,2025-11-13,O+,4,False,
USG000119,FAC001,Ballari,2025-11-14,B+,1,False,
USG000120,FAC001,Ballari,2025-11-15,O+,3,False,
USG000121,FAC001,Ballari,2025-11-15,A+,2,False,
USG000122,FAC001,Ballari,2025-11-15,AB+,2,False,
USG000123,FAC001,Ballari,2025-11-17,B+,3,False,
USG000124,FAC001,Ballari,2025-11-17,B-,4,False,
USG000125,FAC001,Ballari,2025-11-18,AB-,3,False,
USG000126,FAC001,Ballari,2025-11-19,A+,4,False,
USG000127,FAC001,Ballari,2025-11-20,A+,2,False,
USG000128,FAC001,Ballari,2025-11-23,A-,1,False,
USG000129,FAC001,Ballari,2025-11-26,O+,4,False,
USG000130,FAC001,Ballari,2025-11-26,A+,3,False,
USG000131,FAC001,Ballari,2025-11-27,AB-,3,False,
USG000132,FAC001,Ballari,2025-11-28,AB+,2,False,
USG000133,FAC001,Ballari,2025-11-29,O+,2,False,
USG000134,FAC001,Ballari,2025-11-30,B+,1,False,
USG000135,FAC001,Ballari,2025-12-01,B+,4,False,
USG000136,FAC001,Ballari,2025-12-01,A+,4,False,
USG000137,FAC001,Ballari,2025-12-01,AB-,2,False,
USG000138,FAC001,Ballari,2025-12-02,A+,3,False,
USG000139,FAC001,Ballari,2025-12-04,B+,3,False,
USG000140,FAC001,Ballari,2025-12-04,AB-,3,False,
USG000141,FAC001,Ballari,2025-12-05,O+,7,True,Local incident spike
USG000142,FAC001,Ballari,2025-12-05,A+,1,True,Local incident spike
USG000143,FAC001,Ballari,2025-12-06,B+,1,False,
USG000144,FAC001,Ballari,2025-12-07,O+,1,False,
USG000145,FAC001,Ballari,2025-12-07,B+,2,False,
USG000146,FAC001,Ballari,2025-12-10,O+,4,False,
USG000147,FAC001,Ballari,2025-12-10,A+,3,False,
USG000148,FAC001,Ballari,2025-12-10,AB+,1,False,
USG000149,FAC001,Ballari,2025-12-12,O+,1,False,
USG000150,FAC001,Ballari,2025-12-12,B-,4,False,
USG000151,FAC001,Ballari,2025-12-13,AB-,3,False,
USG000152,FAC001,Ballari,2025-12-14,O+,1,False,
USG000153,FAC001,Ballari,2025-12-15,O+,2,False,
USG000154,FAC001,Ballari,2025-12-17,O+,4,False,
USG000155,FAC001,Ballari,2025-12-17,A+,3,False,
USG000156,FAC001,Ballari,2025-12-18,O+,1,False,
USG000157,FAC001,Ballari,2025-12-20,B+,5,True,Local incident spike
USG000158,FAC001,Ballari,2025-12-20,A+,6,True,Local incident spike
USG000159,FAC001,Ballari,2025-12-22,B-,4,False,
USG000160,FAC001,Ballari,2025-12-23,B+,1,False,
USG000161,FAC001,Ballari,2025-12-24,O-,1,False,
USG000162,FAC001,Ballari,2025-12-25,O+,2,False,
USG000163,FAC001,Ballari,2025-12-25,B+,1,False,
USG000164,FAC001,Ballari,2025-12-26,B+,4,False,
USG000165,FAC001,Ballari,2025-12-26,AB+,1,False,
USG000166,FAC001,Ballari,2025-12-26,O-,2,False,
USG000167,FAC001,Ballari,2025-12-27,B+,3,False,
USG000168,FAC001,Ballari,2025-12-27,AB-,4,False,
USG000169,FAC001,Ballari,2025-12-28,B+,2,False,
USG000170,FAC001,Ballari,2025-12-28,O-,3,False,
USG000171,FAC001,Ballari,2025-12-29,O+,3,False,
USG000172,FAC001,Ballari,2025-12-29,B+,1,False,
USG000173,FAC001,Ballari,2025-12-29,AB-,1,False,
USG000174,FAC001,Ballari,2025-12-30,O+,2,True,New Year travel period
USG000175,FAC001,Ballari,2025-12-30,AB+,5,True,New Year travel period
USG000176,FAC001,Ballari,2025-12-31,A+,5,True,New Year travel period
USG000177,FAC001,Ballari,2026-01-01,AB+,3,True,New Year travel period
USG000178,FAC001,Ballari,2026-01-01,A-,4,True,New Year travel period
USG000179,FAC001,Ballari,2026-01-03,B+,4,False,
USG000180,FAC001,Ballari,2026-01-03,A+,2,False,
USG000181,FAC001,Ballari,2026-01-04,O-,3,False,
USG000182,FAC001,Ballari,2026-01-05,B+,4,False,
USG000183,FAC001,Ballari,2026-01-06,B+,1,False,
USG000184,FAC001,Ballari,2026-01-06,B-,2,False,
USG000185,FAC001,Ballari,2026-01-08,O+,2,False,
USG000186,FAC001,Ballari,2026-01-10,O+,3,False,
USG000187,FAC001,Ballari,2026-01-11,B+,3,False,
USG000188,FAC001,Ballari,2026-01-11,AB-,3,False,
USG000189,FAC001,Ballari,2026-01-12,A+,1,False,
USG000190,FAC001,Ballari,2026-01-12,AB+,4,False,
USG000191,FAC001,Ballari,2026-01-13,B+,3,False,
USG000192,FAC001,Ballari,2026-01-14,B+,2,False,
USG000193,FAC001,Ballari,2026-01-14,O-,1,False,
USG000194,FAC001,Ballari,2026-01-16,AB+,2,False,
USG000195,FAC001,Ballari,2026-01-17,AB+,1,False,
USG000196,FAC001,Ballari,2026-01-18,O+,4,False,
USG000197,FAC001,Ballari,2026-01-18,A+,3,False,
USG000198,FAC001,Ballari,2026-01-21,O+,4,False,
USG000199,FAC001,Ballari,2026-01-21,A+,3,False,
USG000200,FAC001,Ballari,2026-01-23,B+,4,False,
USG000201,FAC001,Ballari,2026-01-23,B-,4,False,
USG000202,FAC001,Ballari,2026-01-24,AB+,1,False,
USG000203,FAC001,Ballari,2026-01-27,A-,2,False,
USG000204,FAC001,Ballari,2026-01-28,B+,2,False,
USG000205,FAC001,Ballari,2026-01-30,A-,4,False,
USG000206,FAC001,Ballari,2026-01-31,AB+,4,False,
USG000207,FAC001,Ballari,2026-02-01,O+,2,False,
USG000208,FAC001,Ballari,2026-02-01,B+,1,False,
USG000209,FAC001,Ballari,2026-02-07,O+,1,False,
USG000210,FAC001,Ballari,2026-02-09,A+,4,False,
USG000211,FAC001,Ballari,2026-02-10,B+,4,False,
USG000212,FAC001,Ballari,2026-02-11,O+,2,False,
USG000213,FAC001,Ballari,2026-02-13,O+,1,False,
USG000214,FAC001,Ballari,2026-02-14,AB-,3,False,
USG000215,FAC001,Ballari,2026-02-16,O+,1,False,
USG000216,FAC001,Ballari,2026-02-16,B+,2,False,
USG000217,FAC001,Ballari,2026-02-16,O-,4,False,
USG000218,FAC001,Ballari,2026-02-17,A+,3,False,
USG000219,FAC001,Ballari,2026-02-17,O-,1,False,
USG000220,FAC001,Ballari,2026-02-21,A+,2,False,
USG000221,FAC001,Ballari,2026-02-22,O+,4,False,
USG000222,FAC001,Ballari,2026-02-22,B+,4,False,
USG000223,FAC001,Ballari,2026-02-22,B-,4,False,
USG000224,FAC001,Ballari,2026-02-23,B+,3,False,
USG000225,FAC001,Ballari,2026-02-23,A-,3,False,
USG000226,FAC001,Ballari,2026-02-24,O+,1,False,
USG000227,FAC001,Ballari,2026-02-26,B+,3,False,
USG000228,FAC001,Ballari,2026-02-26,A+,4,False,
USG000229,FAC001,Ballari,2026-02-26,B-,1,False,
USG000230,FAC001,Ballari,2026-02-28,A+,4,False,
USG000231,FAC001,Ballari,2026-02-28,AB-,1,False,
USG000232,FAC001,Ballari,2026-03-01,O-,4,False,
USG000233,FAC001,Ballari,2026-03-02,O+,3,False,
USG000234,FAC001,Ballari,2026-03-04,O+,4,False,
USG000235,FAC001,Ballari,2026-03-04,A+,3,False,
USG000236,FAC001,Ballari,2026-03-05,O+,4,False,
USG000237,FAC001,Ballari,2026-03-05,B+,4,False,
USG000238,FAC001,Ballari,2026-03-05,AB-,4,False,
USG000239,FAC001,Ballari,2026-03-06,A+,2,False,
USG000240,FAC001,Ballari,2026-03-07,A+,4,False,
USG000241,FAC001,Ballari,2026-03-08,B-,2,False,
USG000242,FAC001,Ballari,2026-03-09,O+,4,False,
USG000243,FAC001,Ballari,2026-03-11,O-,2,False,
USG000244,FAC001,Ballari,2026-03-11,B-,4,False,
USG000245,FAC001,Ballari,2026-03-12,O+,2,False,
USG000246,FAC001,Ballari,2026-03-14,AB+,1,False,
USG000247,FAC001,Ballari,2026-03-14,AB-,1,False,
USG000248,FAC001,Ballari,2026-03-15,O-,4,False,
USG000249,FAC001,Ballari,2026-03-16,AB+,4,False,
USG000250,FAC001,Ballari,2026-03-16,O-,3,False,
USG000251,FAC001,Ballari,2026-03-18,AB+,4,False,
USG000252,FAC001,Ballari,2026-03-19,B+,1,False,
USG000253,FAC001,Ballari,2026-03-19,A+,4,False,
USG000254,FAC001,Ballari,2026-03-22,B+,3,False,
USG000255,FAC001,Ballari,2026-03-22,A+,2,False,
USG000256,FAC001,Ballari,2026-03-23,O+,2,False,
USG000257,FAC001,Ballari,2026-03-24,B+,3,False,
USG000258,FAC001,Ballari,2026-03-24,A+,4,False,
USG000259,FAC001,Ballari,2026-03-26,O+,4,False,
USG000260,FAC001,Ballari,2026-03-26,B+,3,False,
USG000261,FAC001,Ballari,2026-03-27,A+,1,False,
USG000262,FAC001,Ballari,2026-03-29,B+,4,False,
USG000263,FAC001,Ballari,2026-03-29,AB+,2,False,
USG000264,FAC001,Ballari,2026-03-30,A+,4,False,
USG000265,FAC001,Ballari,2026-03-31,A-,4,False,
USG000266,FAC001,Ballari,2026-04-06,A+,4,False,
USG000267,FAC001,Ballari,2026-04-07,O+,3,False,
USG000268,FAC001,Ballari,2026-04-08,O+,1,False,
USG000269,FAC001,Ballari,2026-04-09,O+,2,False,
USG000270,FAC001,Ballari,2026-04-10,AB+,1,False,
USG000271,FAC001,Ballari,2026-04-12,B+,1,False,
USG000272,FAC001,Ballari,2026-04-14,O+,4,False,
USG000273,FAC001,Ballari,2026-04-14,B-,2,False,
USG000274,FAC001,Ballari,2026-04-15,A+,1,False,
USG000275,FAC001,Ballari,2026-04-17,B+,3,False,
USG000276,FAC001,Ballari,2026-04-18,B+,4,False,
USG000277,FAC001,Ballari,2026-04-19,AB-,3,False,
USG000278,FAC001,Ballari,2026-04-21,B-,2,False,
USG000279,FAC001,Ballari,2026-04-22,O+,4,False,
USG000280,FAC001,Ballari,2026-04-24,AB+,3,False,
USG000281,FAC001,Ballari,2026-04-26,O+,2,False,
USG000282,FAC001,Ballari,2026-04-28,B+,3,False,
USG000283,FAC001,Ballari,2026-04-30,B+,3,False,
USG000284,FAC001,Ballari,2026-05-01,B+,4,False,
USG000285,FAC001,Ballari,2026-05-03,A+,4,False,
USG000286,FAC001,Ballari,2026-05-03,AB+,2,False,
USG000287,FAC001,Ballari,2026-05-03,A-,4,False,
USG000288,FAC001,Ballari,2026-05-04,O+,3,False,
USG000289,FAC001,Ballari,2026-05-04,B+,3,False,
USG000290,FAC001,Ballari,2026-05-04,A+,3,False,
USG000291,FAC001,Ballari,2026-05-05,A-,4,False,
USG000292,FAC001,Ballari,2026-05-06,A+,3,False,
USG000293,FAC001,Ballari,2026-05-07,A+,3,False,
USG000294,FAC001,Ballari,2026-05-08,A+,1,False,
USG000295,FAC001,Ballari,2026-05-11,A+,3,False,
USG000296,FAC001,Ballari,2026-05-13,O+,3,False,
USG000297,FAC001,Ballari,2026-05-13,A+,4,False,
USG000298,FAC001,Ballari,2026-05-14,O+,1,False,
USG000299,FAC001,Ballari,2026-05-14,B+,2,False,
USG000300,FAC001,Ballari,2026-05-14,A+,1,False,
USG000301,FAC001,Ballari,2026-05-16,B+,3,False,
USG000302,FAC001,Ballari,2026-05-16,B-,4,False,
USG000303,FAC001,Ballari,2026-05-17,B+,1,False,
USG000304,FAC001,Ballari,2026-05-17,A-,2,False,
USG000305,FAC001,Ballari,2026-05-18,B+,3,False,
USG000306,FAC001,Ballari,2026-05-19,AB+,4,False,
USG000307,FAC001,Ballari,2026-05-19,A-,1,False,
USG000308,FAC001,Ballari,2026-05-20,O+,2,False,
USG000309,FAC001,Ballari,2026-05-21,O+,1,False,
USG000310,FAC001,Ballari,2026-05-24,A-,2,False,
USG000311,FAC001,Ballari,2026-05-26,B+,4,False,
USG000312,FAC001,Ballari,2026-05-26,A+,3,False,
USG000313,FAC001,Ballari,2026-05-26,A-,3,False,
USG000314,FAC001,Ballari,2026-05-26,B-,4,False,
USG000315,FAC001,Ballari,2026-05-27,B+,2,False,
USG000316,FAC001,Ballari,2026-05-27,AB-,2,False,
USG000317,FAC001,Ballari,2026-05-29,B+,1,False,
USG000318,FAC001,Ballari,2026-05-31,O+,2,False,
USG000319,FAC001,Ballari,2026-06-01,B+,3,False,
USG000320,FAC001,Ballari,2026-06-01,O-,3,False,
USG000321,FAC001,Ballari,2026-06-02,B+,3,False,
USG000322,FAC001,Ballari,2026-06-02,O-,4,False,
USG000323,FAC001,Ballari,2026-06-03,O+,1,False,
USG000324,FAC001,Ballari,2026-06-03,A+,1,False,
USG000325,FAC001,Ballari,2026-06-03,AB+,2,False,
USG000326,FAC001,Ballari,2026-06-04,O-,1,False,
USG000327,FAC001,Ballari,2026-06-05,O+,3,False,
USG000328,FAC001,Ballari,2026-06-05,B+,4,False,
USG000329,FAC001,Ballari,2026-06-05,A+,4,False,
USG000330,FAC001,Ballari,2026-06-05,A-,4,False,
USG000331,FAC001,Ballari,2026-06-06,O+,3,False,
USG000332,FAC001,Ballari,2026-06-06,A+,2,False,
USG000333,FAC001,Ballari,2026-06-07,AB-,4,False,
USG000334,FAC001,Ballari,2026-06-09,O-,4,False,
USG000335,FAC001,Ballari,2026-06-10,B+,2,False,
USG000336,FAC001,Ballari,2026-06-10,A-,2,False,
USG000337,FAC001,Ballari,2026-06-13,AB+,1,False,
USG000338,FAC001,Ballari,2026-06-13,AB-,2,False,
USG000339,FAC001,Ballari,2026-06-14,A-,2,False,
USG000340,FAC001,Ballari,2026-06-16,B+,2,False,
USG000341,FAC001,Ballari,2026-06-18,B+,1,False,
USG000342,FAC001,Ballari,2026-06-18,AB-,3,False,
USG000343,FAC001,Ballari,2026-06-20,B+,1,False,
USG000344,FAC001,Ballari,2026-06-20,B-,2,False,
USG000345,FAC001,Ballari,2026-06-21,O+,3,False,
USG000346,FAC001,Ballari,2026-06-21,AB+,4,False,
USG000347,FAC001,Ballari,2026-06-22,A+,4,False,
USG000348,FAC001,Ballari,2026-06-23,B+,1,False,
USG000349,FAC001,Ballari,2026-06-23,O-,2,False,
USG000350,FAC001,Ballari,2026-06-25,A+,4,True,Local incident spike
USG000351,FAC001,Ballari,2026-06-25,AB+,5,True,Local incident spike
USG000352,FAC001,Ballari,2026-06-25,A-,6,True,Local incident spike
USG000353,FAC001,Ballari,2026-06-26,B-,2,False,
USG000354,FAC001,Ballari,2026-06-27,A+,4,False,
USG000355,FAC001,Ballari,2026-06-28,AB+,4,False,
USG000356,FAC001,Ballari,2026-06-28,AB-,1,False,
USG000357,FAC001,Ballari,2026-06-29,O+,3,False,
USG000358,FAC001,Ballari,2026-06-29,A-,4,False,
USG000359,FAC001,Ballari,2026-07-03,A-,4,False,
USG000360,FAC001,Ballari,2026-07-04,AB+,4,False,
USG000361,FAC001,Ballari,2026-07-05,B+,1,False,
USG000362,FAC001,Ballari,2026-07-06,AB+,3,False,
USG000363,FAC001,Ballari,2026-07-07,AB+,4,False,
USG000364,FAC001,Ballari,2026-07-07,B-,3,False,
USG000365,FAC001,Ballari,2026-07-09,AB+,4,False,
USG000366,FAC001,Ballari,2026-07-11,B+,2,False,
USG000367,FAC001,Ballari,2026-07-11,O-,1,False,
USG000368,FAC001,Ballari,2026-07-12,A-,3,False,
USG000369,FAC001,Ballari,2026-07-14,O+,1,False,
USG000370,FAC001,Ballari,2026-07-14,B+,2,False,
USG000371,FAC001,Ballari,2026-07-14,AB-,1,False,
USG000372,FAC001,Ballari,2026-07-15,B+,3,True,Monsoon peak flood-risk weeks
USG000373,FAC001,Ballari,2026-07-15,A+,5,True,Monsoon peak flood-risk weeks
USG000374,FAC001,Ballari,2026-07-16,A+,5,True,Monsoon peak flood-risk weeks
USG000375,FAC001,Ballari,2026-07-17,B-,5,True,Monsoon peak flood-risk weeks
USG000376,FAC001,Ballari,2026-07-18,O+,4,True,Monsoon peak flood-risk weeks
USG000377,FAC001,Ballari,2026-07-18,AB+,7,True,Monsoon peak flood-risk weeks
USG000378,FAC001,Ballari,2026-07-19,O+,6,True,Monsoon peak flood-risk weeks
USG000379,FAC001,Ballari,2026-07-21,O+,5,True,Monsoon peak flood-risk weeks
USG000380,FAC001,Ballari,2026-07-21,B+,4,True,Monsoon peak flood-risk weeks
USG000381,FAC001,Ballari,2026-07-22,A-,2,True,Monsoon peak flood-risk weeks
USG000382,FAC001,Ballari,2026-07-24,A+,3,True,Monsoon peak flood-risk weeks
USG000383,FAC001,Ballari,2026-07-24,AB-,4,True,Monsoon peak flood-risk weeks
USG000384,FAC001,Ballari,2026-07-25,A+,1,True,Monsoon peak flood-risk weeks
USG000385,FAC001,Ballari,2026-07-25,AB-,3,True,Monsoon peak flood-risk weeks
USG000386,FAC001,Ballari,2026-07-26,O-,2,True,Monsoon peak flood-risk weeks
USG000387,FAC001,Ballari,2026-07-27,O+,6,True,Monsoon peak flood-risk weeks
USG000388,FAC001,Ballari,2026-07-27,A+,1,True,Monsoon peak flood-risk weeks
USG000389,FAC001,Ballari,2026-07-29,O+,3,True,Monsoon peak flood-risk weeks
USG000390,FAC001,Ballari,2026-07-29,B+,3,True,Monsoon peak flood-risk weeks
USG000391,FAC001,Ballari,2026-07-30,B+,2,True,Monsoon peak flood-risk weeks
USG000392,FAC001,Ballari,2026-07-30,A+,2,True,Monsoon peak flood-risk weeks
USG000393,FAC001,Ballari,2026-08-01,O+,1,True,Monsoon peak flood-risk weeks
USG000394,FAC002,Ballari,2025-08-02,B+,6,True,Monsoon peak flood-risk weeks
USG000395,FAC002,Ballari,2025-08-02,A+,2,True,Monsoon peak flood-risk weeks
USG000396,FAC002,Ballari,2025-08-02,B-,2,True,Monsoon peak flood-risk weeks
USG000397,FAC002,Ballari,2025-08-03,O+,3,True,Monsoon peak flood-risk weeks
USG000398,FAC002,Ballari,2025-08-03,AB+,3,True,Monsoon peak flood-risk weeks
USG000399,FAC002,Ballari,2025-08-04,O+,1,True,Monsoon peak flood-risk weeks
USG000400,FAC002,Ballari,2025-08-04,B+,3,True,Monsoon peak flood-risk weeks
USG000401,FAC002,Ballari,2025-08-05,O+,7,True,Monsoon peak flood-risk weeks
USG000402,FAC002,Ballari,2025-08-06,B+,2,False,
USG000403,FAC002,Ballari,2025-08-06,A+,4,False,
USG000404,FAC002,Ballari,2025-08-07,O+,2,False,
USG000405,FAC002,Ballari,2025-08-07,A-,3,False,
USG000406,FAC002,Ballari,2025-08-07,B-,2,False,
USG000407,FAC002,Ballari,2025-08-09,A-,2,False,
USG000408,FAC002,Ballari,2025-08-10,B+,4,False,
USG000409,FAC002,Ballari,2025-08-11,B+,4,False,
USG000410,FAC002,Ballari,2025-08-12,B+,4,False,
USG000411,FAC002,Ballari,2025-08-12,A+,1,False,
USG000412,FAC002,Ballari,2025-08-14,AB-,3,False,
USG000413,FAC002,Ballari,2025-08-15,A-,2,False,
USG000414,FAC002,Ballari,2025-08-17,O+,3,False,
USG000415,FAC002,Ballari,2025-08-17,B+,4,False,
USG000416,FAC002,Ballari,2025-08-17,A+,1,False,
USG000417,FAC002,Ballari,2025-08-18,A+,4,False,
USG000418,FAC002,Ballari,2025-08-19,A+,4,False,
USG000419,FAC002,Ballari,2025-08-22,O+,3,True,Local incident spike
USG000420,FAC002,Ballari,2025-08-22,B+,5,True,Local incident spike
USG000421,FAC002,Ballari,2025-08-22,A+,3,True,Local incident spike
USG000422,FAC002,Ballari,2025-08-22,A-,5,True,Local incident spike
USG000423,FAC002,Ballari,2025-08-23,B-,1,False,
USG000424,FAC002,Ballari,2025-08-23,AB-,2,False,
USG000425,FAC002,Ballari,2025-08-24,O+,1,False,
USG000426,FAC002,Ballari,2025-08-25,A+,4,False,
USG000427,FAC002,Ballari,2025-08-27,O-,3,False,
USG000428,FAC002,Ballari,2025-08-30,O+,3,False,
USG000429,FAC002,Ballari,2025-08-30,A+,3,False,
USG000430,FAC002,Ballari,2025-08-30,AB+,4,False,
USG000431,FAC002,Ballari,2025-08-31,O+,3,False,
USG000432,FAC002,Ballari,2025-09-01,O+,2,False,
USG000433,FAC002,Ballari,2025-09-01,AB+,2,False,
USG000434,FAC002,Ballari,2025-09-03,O-,3,False,
USG000435,FAC002,Ballari,2025-09-04,A+,3,False,
USG000436,FAC002,Ballari,2025-09-05,B+,1,False,
USG000437,FAC002,Ballari,2025-09-05,A-,1,False,
USG000438,FAC002,Ballari,2025-09-06,O+,4,False,
USG000439,FAC002,Ballari,2025-09-07,O+,2,False,
USG000440,FAC002,Ballari,2025-09-07,B+,3,False,
USG000441,FAC002,Ballari,2025-09-07,A+,1,False,
USG000442,FAC002,Ballari,2025-09-07,AB+,3,False,
USG000443,FAC002,Ballari,2025-09-08,AB+,1,False,
USG000444,FAC002,Ballari,2025-09-09,A+,1,False,
USG000445,FAC002,Ballari,2025-09-10,A+,2,False,
USG000446,FAC002,Ballari,2025-09-11,B+,3,False,
USG000447,FAC002,Ballari,2025-09-11,AB+,2,False,
USG000448,FAC002,Ballari,2025-09-11,A-,4,False,
USG000449,FAC002,Ballari,2025-09-14,O-,1,False,
USG000450,FAC002,Ballari,2025-09-15,O-,2,False,
USG000451,FAC002,Ballari,2025-09-16,O+,3,True,Festival travel peak (Dasara)
USG000452,FAC002,Ballari,2025-09-16,O-,3,True,Festival travel peak (Dasara)
USG000453,FAC002,Ballari,2025-09-17,AB-,2,True,Festival travel peak (Dasara)
USG000454,FAC002,Ballari,2025-09-18,B+,3,True,Festival travel peak (Dasara)
USG000455,FAC002,Ballari,2025-09-18,AB+,2,True,Festival travel peak (Dasara)
USG000456,FAC002,Ballari,2025-09-19,B+,2,True,Festival travel peak (Dasara)
USG000457,FAC002,Ballari,2025-09-22,AB-,4,True,Festival travel peak (Dasara)
USG000458,FAC002,Ballari,2025-09-23,B-,4,True,Festival travel peak (Dasara)
USG000459,FAC002,Ballari,2025-09-24,B+,5,True,Festival travel peak (Dasara)
USG000460,FAC002,Ballari,2025-09-24,AB-,4,True,Festival travel peak (Dasara)
USG000461,FAC002,Ballari,2025-09-26,O+,3,True,Festival travel peak (Dasara)
USG000462,FAC002,Ballari,2025-09-26,AB+,3,True,Festival travel peak (Dasara)
USG000463,FAC002,Ballari,2025-09-27,B-,1,True,Festival travel peak (Dasara)
USG000464,FAC002,Ballari,2025-09-28,O+,2,True,Festival travel peak (Dasara)
USG000465,FAC002,Ballari,2025-09-28,B+,3,True,Festival travel peak (Dasara)
USG000466,FAC002,Ballari,2025-09-28,A+,6,True,Festival travel peak (Dasara)
USG000467,FAC002,Ballari,2025-09-28,O-,5,True,Festival travel peak (Dasara)
USG000468,FAC002,Ballari,2025-09-29,B+,6,True,Festival travel peak (Dasara)
USG000469,FAC002,Ballari,2025-09-30,O+,6,True,Festival travel peak (Dasara)
USG000470,FAC002,Ballari,2025-09-30,B+,6,True,Festival travel peak (Dasara)
USG000471,FAC002,Ballari,2025-09-30,A+,3,True,Festival travel peak (Dasara)
USG000472,FAC002,Ballari,2025-10-01,A-,4,True,Festival travel peak (Dasara)
USG000473,FAC002,Ballari,2025-10-01,AB-,6,True,Festival travel peak (Dasara)
USG000474,FAC002,Ballari,2025-10-02,B+,6,True,Festival travel peak (Dasara)
USG000475,FAC002,Ballari,2025-10-03,B+,3,True,Festival travel peak (Dasara)
USG000476,FAC002,Ballari,2025-10-03,O-,6,True,Festival travel peak (Dasara)
USG000477,FAC002,Ballari,2025-10-03,A-,2,True,Festival travel peak (Dasara)
USG000478,FAC002,Ballari,2025-10-03,AB-,3,True,Festival travel peak (Dasara)
USG000479,FAC002,Ballari,2025-10-04,O+,4,True,Festival travel peak (Dasara)
USG000480,FAC002,Ballari,2025-10-05,B+,6,True,Festival travel peak (Dasara)
USG000481,FAC002,Ballari,2025-10-06,O+,2,True,Festival travel peak (Dasara)
USG000482,FAC002,Ballari,2025-10-07,A+,2,True,Festival travel peak (Dasara)
USG000483,FAC002,Ballari,2025-10-07,B-,4,True,Festival travel peak (Dasara)
USG000484,FAC002,Ballari,2025-10-07,AB-,2,True,Festival travel peak (Dasara)
USG000485,FAC002,Ballari,2025-10-08,A-,3,True,Festival travel peak (Dasara)
USG000486,FAC002,Ballari,2025-10-09,AB+,3,True,Festival travel peak (Dasara)
USG000487,FAC002,Ballari,2025-10-10,O+,5,True,Festival travel peak (Dasara)
USG000488,FAC002,Ballari,2025-10-10,B-,2,True,Festival travel peak (Dasara)
USG000489,FAC002,Ballari,2025-10-12,O+,2,False,
USG000490,FAC002,Ballari,2025-10-12,A+,1,False,
USG000491,FAC002,Ballari,2025-10-17,B+,2,False,
USG000492,FAC002,Ballari,2025-10-18,A+,1,False,
USG000493,FAC002,Ballari,2025-10-18,AB-,1,False,
USG000494,FAC002,Ballari,2025-10-21,O+,3,False,
USG000495,FAC002,Ballari,2025-10-22,O+,2,False,
USG000496,FAC002,Ballari,2025-10-22,A+,3,False,
USG000497,FAC002,Ballari,2025-10-23,B+,6,True,Local incident spike
USG000498,FAC002,Ballari,2025-10-25,AB+,4,False,
USG000499,FAC002,Ballari,2025-10-26,AB-,3,False,
USG000500,FAC002,Ballari,2025-10-28,O+,1,False,
USG000501,FAC002,Ballari,2025-10-31,O+,3,False,
USG000502,FAC002,Ballari,2025-11-01,B-,2,False,
USG000503,FAC002,Ballari,2025-11-02,A+,2,False,
USG000504,FAC002,Ballari,2025-11-02,AB-,4,False,
USG000505,FAC002,Ballari,2025-11-03,A+,2,False,
USG000506,FAC002,Ballari,2025-11-03,AB+,4,False,
USG000507,FAC002,Ballari,2025-11-04,O+,2,False,
USG000508,FAC002,Ballari,2025-11-04,B+,3,False,
USG000509,FAC002,Ballari,2025-11-07,A+,2,False,
USG000510,FAC002,Ballari,2025-11-07,A-,4,False,
USG000511,FAC002,Ballari,2025-11-08,O+,4,False,
USG000512,FAC002,Ballari,2025-11-11,O+,2,False,
USG000513,FAC002,Ballari,2025-11-11,AB-,1,False,
USG000514,FAC002,Ballari,2025-11-12,B+,1,False,
USG000515,FAC002,Ballari,2025-11-12,A-,1,False,
USG000516,FAC002,Ballari,2025-11-14,B+,4,False,
USG000517,FAC002,Ballari,2025-11-14,A+,4,False,
USG000518,FAC002,Ballari,2025-11-14,AB-,2,False,
USG000519,FAC002,Ballari,2025-11-16,O+,4,False,
USG000520,FAC002,Ballari,2025-11-16,A-,1,False,
USG000521,FAC002,Ballari,2025-11-17,O+,1,False,
USG000522,FAC002,Ballari,2025-11-18,O+,2,False,
USG000523,FAC002,Ballari,2025-11-18,B+,1,False,
USG000524,FAC002,Ballari,2025-11-19,A-,3,False,
USG000525,FAC002,Ballari,2025-11-20,B+,2,False,
USG000526,FAC002,Ballari,2025-11-21,O+,4,False,
USG000527,FAC002,Ballari,2025-11-21,A+,1,False,
USG000528,FAC002,Ballari,2025-11-22,O+,3,False,
USG000529,FAC002,Ballari,2025-11-24,O-,4,False,
USG000530,FAC002,Ballari,2025-11-25,O+,3,False,
USG000531,FAC002,Ballari,2025-11-25,A-,2,False,
USG000532,FAC002,Ballari,2025-11-25,AB-,1,False,
USG000533,FAC002,Ballari,2025-11-26,B+,4,False,
USG000534,FAC002,Ballari,2025-11-27,O+,2,False,
USG000535,FAC002,Ballari,2025-11-28,AB+,3,False,
USG000536,FAC002,Ballari,2025-11-29,O+,1,False,
USG000537,FAC002,Ballari,2025-11-29,B+,2,False,
USG000538,FAC002,Ballari,2025-11-30,A+,3,False,
USG000539,FAC002,Ballari,2025-12-03,B-,1,False,
USG000540,FAC002,Ballari,2025-12-04,AB-,3,False,
USG000541,FAC002,Ballari,2025-12-08,O+,4,False,
USG000542,FAC002,Ballari,2025-12-08,B+,1,False,
USG000543,FAC002,Ballari,2025-12-09,B-,1,False,
USG000544,FAC002,Ballari,2025-12-11,B+,4,False,
USG000545,FAC002,Ballari,2025-12-11,AB-,4,False,
USG000546,FAC002,Ballari,2025-12-14,B+,4,False,
USG000547,FAC002,Ballari,2025-12-14,B-,3,False,
USG000548,FAC002,Ballari,2025-12-16,O+,1,False,
USG000549,FAC002,Ballari,2025-12-16,B+,1,False,
USG000550,FAC002,Ballari,2025-12-19,B+,2,False,
USG000551,FAC002,Ballari,2025-12-19,O-,1,False,
USG000552,FAC002,Ballari,2025-12-19,A-,3,False,
USG000553,FAC002,Ballari,2025-12-20,B+,3,False,
USG000554,FAC002,Ballari,2025-12-21,AB-,2,False,
USG000555,FAC002,Ballari,2025-12-22,O-,3,False,
USG000556,FAC002,Ballari,2025-12-23,A+,3,False,
USG000557,FAC002,Ballari,2025-12-23,B-,3,False,
USG000558,FAC002,Ballari,2025-12-24,A+,4,False,
USG000559,FAC002,Ballari,2025-12-26,A+,2,False,
USG000560,FAC002,Ballari,2025-12-27,O+,1,False,
USG000561,FAC002,Ballari,2025-12-29,B+,2,False,
USG000562,FAC002,Ballari,2025-12-29,A+,3,False,
USG000563,FAC002,Ballari,2025-12-29,AB-,1,False,
USG000564,FAC002,Ballari,2025-12-31,O+,3,True,New Year travel period
USG000565,FAC002,Ballari,2026-01-01,O+,4,True,New Year travel period
USG000566,FAC002,Ballari,2026-01-02,O+,7,True,New Year travel period
USG000567,FAC002,Ballari,2026-01-02,AB-,2,True,New Year travel period
USG000568,FAC002,Ballari,2026-01-03,B+,2,False,
USG000569,FAC002,Ballari,2026-01-04,O+,3,False,
USG000570,FAC002,Ballari,2026-01-06,O-,4,False,
USG000571,FAC002,Ballari,2026-01-11,O+,3,False,
USG000572,FAC002,Ballari,2026-01-11,B+,4,False,
USG000573,FAC002,Ballari,2026-01-11,O-,4,False,
USG000574,FAC002,Ballari,2026-01-12,B+,1,False,
USG000575,FAC002,Ballari,2026-01-12,AB-,2,False,
USG000576,FAC002,Ballari,2026-01-13,O+,3,False,
USG000577,FAC002,Ballari,2026-01-13,B+,1,False,
USG000578,FAC002,Ballari,2026-01-13,B-,4,False,
USG000579,FAC002,Ballari,2026-01-14,O+,3,False,
USG000580,FAC002,Ballari,2026-01-15,B+,3,False,
USG000581,FAC002,Ballari,2026-01-15,AB-,4,False,
USG000582,FAC002,Ballari,2026-01-16,O+,3,False,
USG000583,FAC002,Ballari,2026-01-16,A-,1,False,
USG000584,FAC002,Ballari,2026-01-18,O+,4,False,
USG000585,FAC002,Ballari,2026-01-19,O+,1,False,
USG000586,FAC002,Ballari,2026-01-19,AB-,3,False,
USG000587,FAC002,Ballari,2026-01-20,A+,2,False,
USG000588,FAC002,Ballari,2026-01-20,A-,3,False,
USG000589,FAC002,Ballari,2026-01-21,O+,3,False,
USG000590,FAC002,Ballari,2026-01-21,O-,2,False,
USG000591,FAC002,Ballari,2026-01-22,A+,2,False,
USG000592,FAC002,Ballari,2026-01-24,O+,3,False,
USG000593,FAC002,Ballari,2026-01-24,B-,4,False,
USG000594,FAC002,Ballari,2026-01-26,O+,4,False,
USG000595,FAC002,Ballari,2026-01-26,B+,2,False,
USG000596,FAC002,Ballari,2026-01-27,O+,2,False,
USG000597,FAC002,Ballari,2026-01-27,AB+,4,False,
USG000598,FAC002,Ballari,2026-01-29,O+,1,False,
USG000599,FAC002,Ballari,2026-01-29,O-,1,False,
USG000600,FAC002,Ballari,2026-01-30,B+,3,False,
USG000601,FAC002,Ballari,2026-01-30,A+,3,False,
USG000602,FAC002,Ballari,2026-02-02,A+,1,False,
USG000603,FAC002,Ballari,2026-02-02,B-,4,False,
USG000604,FAC002,Ballari,2026-02-04,A+,4,False,
USG000605,FAC002,Ballari,2026-02-06,B+,3,False,
USG000606,FAC002,Ballari,2026-02-06,A-,4,False,
USG000607,FAC002,Ballari,2026-02-08,B+,3,False,
USG000608,FAC002,Ballari,2026-02-10,A+,4,False,
USG000609,FAC002,Ballari,2026-02-12,O+,2,False,
USG000610,FAC002,Ballari,2026-02-12,A-,2,False,
USG000611,FAC002,Ballari,2026-02-15,A+,1,False,
USG000612,FAC002,Ballari,2026-02-15,AB+,3,False,
USG000613,FAC002,Ballari,2026-02-15,B-,4,False,
USG000614,FAC002,Ballari,2026-02-18,O+,4,False,
USG000615,FAC002,Ballari,2026-02-20,B+,4,False,
USG000616,FAC002,Ballari,2026-02-23,A+,3,False,
USG000617,FAC002,Ballari,2026-02-23,B-,4,False,
USG000618,FAC002,Ballari,2026-02-24,B-,3,False,
USG000619,FAC002,Ballari,2026-02-25,B+,4,False,
USG000620,FAC002,Ballari,2026-02-25,AB-,4,False,
USG000621,FAC002,Ballari,2026-02-26,O+,1,False,
USG000622,FAC002,Ballari,2026-02-26,B-,1,False,
USG000623,FAC002,Ballari,2026-02-28,B+,1,False,
USG000624,FAC002,Ballari,2026-03-01,B-,3,False,
USG000625,FAC002,Ballari,2026-03-02,O+,2,False,
USG000626,FAC002,Ballari,2026-03-04,A+,3,False,
USG000627,FAC002,Ballari,2026-03-05,B+,4,False,
USG000628,FAC002,Ballari,2026-03-06,AB+,1,False,
USG000629,FAC002,Ballari,2026-03-06,A-,1,False,
USG000630,FAC002,Ballari,2026-03-07,AB+,1,False,
USG000631,FAC002,Ballari,2026-03-07,O-,2,False,
USG000632,FAC002,Ballari,2026-03-08,O+,2,False,
USG000633,FAC002,Ballari,2026-03-09,A+,4,False,
USG000634,FAC002,Ballari,2026-03-10,B+,1,False,
USG000635,FAC002,Ballari,2026-03-10,AB+,4,False,
USG000636,FAC002,Ballari,2026-03-10,A-,3,False,
USG000637,FAC002,Ballari,2026-03-12,O+,4,False,
USG000638,FAC002,Ballari,2026-03-12,A+,1,False,
USG000639,FAC002,Ballari,2026-03-12,AB+,3,False,
USG000640,FAC002,Ballari,2026-03-12,A-,4,False,
USG000641,FAC002,Ballari,2026-03-14,B-,4,False,
USG000642,FAC002,Ballari,2026-03-15,O-,1,False,
USG000643,FAC002,Ballari,2026-03-17,B+,3,False,
USG000644,FAC002,Ballari,2026-03-17,B-,1,False,
USG000645,FAC002,Ballari,2026-03-18,A+,3,False,
USG000646,FAC002,Ballari,2026-03-18,AB-,3,False,
USG000647,FAC002,Ballari,2026-03-19,O+,1,False,
USG000648,FAC002,Ballari,2026-03-20,A+,2,False,
USG000649,FAC002,Ballari,2026-03-20,O-,1,False,
USG000650,FAC002,Ballari,2026-03-20,AB-,1,False,
USG000651,FAC002,Ballari,2026-03-21,A+,2,False,
USG000652,FAC002,Ballari,2026-03-21,O-,1,False,
USG000653,FAC002,Ballari,2026-03-22,O+,2,False,
USG000654,FAC002,Ballari,2026-03-23,O+,2,False,
USG000655,FAC002,Ballari,2026-03-24,AB+,1,False,
USG000656,FAC002,Ballari,2026-03-25,B+,1,False,
USG000657,FAC002,Ballari,2026-03-25,AB+,3,False,
USG000658,FAC002,Ballari,2026-03-26,O+,3,False,
USG000659,FAC002,Ballari,2026-03-26,A-,2,False,
USG000660,FAC002,Ballari,2026-03-27,O+,3,False,
USG000661,FAC002,Ballari,2026-03-27,A+,2,False,
USG000662,FAC002,Ballari,2026-03-28,A-,1,False,
USG000663,FAC002,Ballari,2026-03-29,O-,3,False,
USG000664,FAC002,Ballari,2026-03-30,A+,1,False,
USG000665,FAC002,Ballari,2026-04-01,B+,4,False,
USG000666,FAC002,Ballari,2026-04-02,O+,4,False,
USG000667,FAC002,Ballari,2026-04-02,B+,3,False,
USG000668,FAC002,Ballari,2026-04-02,A+,2,False,
USG000669,FAC002,Ballari,2026-04-03,O+,2,False,
USG000670,FAC002,Ballari,2026-04-03,B+,4,False,
USG000671,FAC002,Ballari,2026-04-06,A-,1,False,
USG000672,FAC002,Ballari,2026-04-06,B-,4,False,
USG000673,FAC002,Ballari,2026-04-08,AB-,3,False,
USG000674,FAC002,Ballari,2026-04-09,O+,4,False,
USG000675,FAC002,Ballari,2026-04-09,AB+,4,False,
USG000676,FAC002,Ballari,2026-04-10,AB+,1,False,
USG000677,FAC002,Ballari,2026-04-12,O-,4,False,
USG000678,FAC002,Ballari,2026-04-13,O+,1,False,
USG000679,FAC002,Ballari,2026-04-15,B+,3,False,
USG000680,FAC002,Ballari,2026-04-16,AB-,4,False,
USG000681,FAC002,Ballari,2026-04-17,O+,4,False,
USG000682,FAC002,Ballari,2026-04-19,AB+,2,False,
USG000683,FAC002,Ballari,2026-04-24,O+,1,False,
USG000684,FAC002,Ballari,2026-04-25,O+,4,False,
USG000685,FAC002,Ballari,2026-04-27,A-,1,False,
USG000686,FAC002,Ballari,2026-04-28,A+,1,False,
USG000687,FAC002,Ballari,2026-04-29,O+,1,False,
USG000688,FAC002,Ballari,2026-05-03,O+,2,False,
USG000689,FAC002,Ballari,2026-05-04,O+,3,False,
USG000690,FAC002,Ballari,2026-05-05,B+,3,False,
USG000691,FAC002,Ballari,2026-05-05,B-,1,False,
USG000692,FAC002,Ballari,2026-05-07,B+,3,False,
USG000693,FAC002,Ballari,2026-05-08,B-,3,False,
USG000694,FAC002,Ballari,2026-05-09,O+,5,True,Local incident spike
USG000695,FAC002,Ballari,2026-05-09,AB+,5,True,Local incident spike
USG000696,FAC002,Ballari,2026-05-12,O+,3,False,
USG000697,FAC002,Ballari,2026-05-13,O+,1,False,
USG000698,FAC002,Ballari,2026-05-13,A-,3,False,
USG000699,FAC002,Ballari,2026-05-14,B-,1,False,
USG000700,FAC002,Ballari,2026-05-15,B+,2,False,
USG000701,FAC002,Ballari,2026-05-16,O+,4,False,
USG000702,FAC002,Ballari,2026-05-16,A+,1,False,
USG000703,FAC002,Ballari,2026-05-16,AB+,1,False,
USG000704,FAC002,Ballari,2026-05-16,B-,3,False,
USG000705,FAC002,Ballari,2026-05-19,B+,1,False,
USG000706,FAC002,Ballari,2026-05-19,AB-,1,False,
USG000707,FAC002,Ballari,2026-05-24,A-,4,False,
USG000708,FAC002,Ballari,2026-05-25,A+,4,False,
USG000709,FAC002,Ballari,2026-05-26,O+,2,False,
USG000710,FAC002,Ballari,2026-05-29,O+,1,False,
USG000711,FAC002,Ballari,2026-05-29,O-,2,False,
USG000712,FAC002,Ballari,2026-05-30,B+,1,False,
USG000713,FAC002,Ballari,2026-05-31,O-,1,False,
USG000714,FAC002,Ballari,2026-06-01,AB+,2,False,
USG000715,FAC002,Ballari,2026-06-02,B+,4,False,
USG000716,FAC002,Ballari,2026-06-04,A+,1,False,
USG000717,FAC002,Ballari,2026-06-05,A-,2,False,
USG000718,FAC002,Ballari,2026-06-06,A+,3,False,
USG000719,FAC002,Ballari,2026-06-06,B-,4,False,
USG000720,FAC002,Ballari,2026-06-08,B+,2,False,
USG000721,FAC002,Ballari,2026-06-09,AB-,4,False,
USG000722,FAC002,Ballari,2026-06-11,AB+,3,False,
USG000723,FAC002,Ballari,2026-06-13,O+,4,False,
USG000724,FAC002,Ballari,2026-06-15,A-,2,False,
USG000725,FAC002,Ballari,2026-06-16,B+,2,False,
USG000726,FAC002,Ballari,2026-06-17,AB+,2,False,
USG000727,FAC002,Ballari,2026-06-17,A-,3,False,
USG000728,FAC002,Ballari,2026-06-18,AB+,1,False,
USG000729,FAC002,Ballari,2026-06-18,B-,4,False,
USG000730,FAC002,Ballari,2026-06-20,O+,3,False,
USG000731,FAC002,Ballari,2026-06-20,A+,1,False,
USG000732,FAC002,Ballari,2026-06-22,O+,3,False,
USG000733,FAC002,Ballari,2026-06-22,A+,4,False,
USG000734,FAC002,Ballari,2026-06-23,A-,1,False,
USG000735,FAC002,Ballari,2026-06-27,O+,1,False,
USG000736,FAC002,Ballari,2026-06-29,B+,1,False,
USG000737,FAC002,Ballari,2026-06-29,B-,2,False,
USG000738,FAC002,Ballari,2026-06-30,B+,2,False,
USG000739,FAC002,Ballari,2026-07-02,B+,3,False,
USG000740,FAC002,Ballari,2026-07-04,AB+,3,False,
USG000741,FAC002,Ballari,2026-07-04,B-,4,False,
USG000742,FAC002,Ballari,2026-07-07,O+,2,False,
USG000743,FAC002,Ballari,2026-07-07,B+,3,False,
USG000744,FAC002,Ballari,2026-07-09,O+,1,False,
USG000745,FAC002,Ballari,2026-07-09,B+,2,False,
USG000746,FAC002,Ballari,2026-07-10,B+,4,False,
USG000747,FAC002,Ballari,2026-07-12,O+,1,False,
USG000748,FAC002,Ballari,2026-07-14,B-,2,False,
USG000749,FAC002,Ballari,2026-07-14,AB-,3,False,
USG000750,FAC002,Ballari,2026-07-15,O+,6,True,Monsoon peak flood-risk weeks
USG000751,FAC002,Ballari,2026-07-15,AB+,5,True,Monsoon peak flood-risk weeks
USG000752,FAC002,Ballari,2026-07-16,O+,4,True,Monsoon peak flood-risk weeks
USG000753,FAC002,Ballari,2026-07-16,A+,3,True,Monsoon peak flood-risk weeks
USG000754,FAC002,Ballari,2026-07-17,O+,3,True,Monsoon peak flood-risk weeks
USG000755,FAC002,Ballari,2026-07-17,B+,7,True,Monsoon peak flood-risk weeks
USG000756,FAC002,Ballari,2026-07-17,AB+,1,True,Monsoon peak flood-risk weeks
USG000757,FAC002,Ballari,2026-07-18,O+,6,True,Monsoon peak flood-risk weeks
USG000758,FAC002,Ballari,2026-07-18,AB+,2,True,Monsoon peak flood-risk weeks
USG000759,FAC002,Ballari,2026-07-19,A+,2,True,Monsoon peak flood-risk weeks
USG000760,FAC002,Ballari,2026-07-20,O+,4,True,Monsoon peak flood-risk weeks
USG000761,FAC002,Ballari,2026-07-20,AB+,3,True,Monsoon peak flood-risk weeks
USG000762,FAC002,Ballari,2026-07-21,O+,7,True,Monsoon peak flood-risk weeks
USG000763,FAC002,Ballari,2026-07-21,B-,5,True,Monsoon peak flood-risk weeks
USG000764,FAC002,Ballari,2026-07-23,B+,5,True,Monsoon peak flood-risk weeks
USG000765,FAC002,Ballari,2026-07-24,O+,6,True,Monsoon peak flood-risk weeks
USG000766,FAC002,Ballari,2026-07-25,O+,2,True,Monsoon peak flood-risk weeks
USG000767,FAC002,Ballari,2026-07-26,AB+,6,True,Monsoon peak flood-risk weeks
USG000768,FAC002,Ballari,2026-07-26,B-,4,True,Monsoon peak flood-risk weeks
USG000769,FAC002,Ballari,2026-07-27,AB-,5,True,Monsoon peak flood-risk weeks
USG000770,FAC002,Ballari,2026-07-28,O+,1,True,Monsoon peak flood-risk weeks
USG000771,FAC002,Ballari,2026-07-28,B+,3,True,Monsoon peak flood-risk weeks
USG000772,FAC002,Ballari,2026-07-29,B-,3,True,Monsoon peak flood-risk weeks
USG000773,FAC002,Ballari,2026-07-30,O+,3,True,Monsoon peak flood-risk weeks
USG000774,FAC002,Ballari,2026-07-30,B+,3,True,Monsoon peak flood-risk weeks
USG000775,FAC002,Ballari,2026-07-31,B+,4,True,Monsoon peak flood-risk weeks
USG000776,FAC002,Ballari,2026-07-31,A-,6,True,Monsoon peak flood-risk weeks
USG000777,FAC002,Ballari,2026-08-01,B+,1,True,Monsoon peak flood-risk weeks
USG000778,FAC003,Ballari,2025-08-02,B-,2,True,Monsoon peak flood-risk weeks
USG000779,FAC003,Ballari,2025-08-03,O+,7,True,Monsoon peak flood-risk weeks
USG000780,FAC003,Ballari,2025-08-03,B+,5,True,Monsoon peak flood-risk weeks
USG000781,FAC003,Ballari,2025-08-06,O+,1,False,
USG000782,FAC003,Ballari,2025-08-06,A+,2,False,
USG000783,FAC003,Ballari,2025-08-10,O+,1,False,
USG000784,FAC003,Ballari,2025-08-11,AB+,1,False,
USG000785,FAC003,Ballari,2025-08-13,O+,2,False,
USG000786,FAC003,Ballari,2025-08-14,O+,3,False,
USG000787,FAC003,Ballari,2025-08-15,O+,4,False,
USG000788,FAC003,Ballari,2025-08-15,AB-,2,False,
USG000789,FAC003,Ballari,2025-08-16,AB+,3,False,
USG000790,FAC003,Ballari,2025-08-16,AB-,1,False,
USG000791,FAC003,Ballari,2025-08-17,AB+,3,False,
USG000792,FAC003,Ballari,2025-08-20,A+,4,True,Local incident spike
USG000793,FAC003,Ballari,2025-08-21,O-,3,False,
USG000794,FAC003,Ballari,2025-08-22,B+,1,False,
USG000795,FAC003,Ballari,2025-08-23,A+,3,False,
USG000796,FAC003,Ballari,2025-08-26,A+,1,False,
USG000797,FAC003,Ballari,2025-08-29,O-,2,False,
USG000798,FAC003,Ballari,2025-08-30,A+,3,False,
USG000799,FAC003,Ballari,2025-08-30,AB+,2,False,
USG000800,FAC003,Ballari,2025-08-31,O+,2,False,
USG000801,FAC003,Ballari,2025-08-31,B+,4,False,
USG000802,FAC003,Ballari,2025-08-31,A+,3,False,
USG000803,FAC003,Ballari,2025-09-05,B+,1,False,
USG000804,FAC003,Ballari,2025-09-05,A-,2,False,
USG000805,FAC003,Ballari,2025-09-06,O+,2,False,
USG000806,FAC003,Ballari,2025-09-07,AB-,3,False,
USG000807,FAC003,Ballari,2025-09-08,B+,1,False,
USG000808,FAC003,Ballari,2025-09-09,B+,3,False,
USG000809,FAC003,Ballari,2025-09-10,AB+,2,False,
USG000810,FAC003,Ballari,2025-09-11,B+,1,False,
USG000811,FAC003,Ballari,2025-09-11,O-,1,False,
USG000812,FAC003,Ballari,2025-09-13,O+,2,False,
USG000813,FAC003,Ballari,2025-09-13,A+,2,False,
USG000814,FAC003,Ballari,2025-09-14,O+,4,False,
USG000815,FAC003,Ballari,2025-09-14,A-,4,False,
USG000816,FAC003,Ballari,2025-09-16,O+,1,True,Festival travel peak (Dasara)
USG000817,FAC003,Ballari,2025-09-16,B+,3,True,Festival travel peak (Dasara)
USG000818,FAC003,Ballari,2025-09-18,AB+,2,True,Festival travel peak (Dasara)
USG000819,FAC003,Ballari,2025-09-18,O-,2,True,Festival travel peak (Dasara)
USG000820,FAC003,Ballari,2025-09-19,O-,2,True,Festival travel peak (Dasara)
USG000821,FAC003,Ballari,2025-09-21,B+,1,True,Festival travel peak (Dasara)
USG000822,FAC003,Ballari,2025-09-21,A+,5,True,Festival travel peak (Dasara)
USG000823,FAC003,Ballari,2025-09-22,O+,7,True,Festival travel peak (Dasara)
USG000824,FAC003,Ballari,2025-09-22,B+,7,True,Festival travel peak (Dasara)
USG000825,FAC003,Ballari,2025-09-23,AB-,3,True,Festival travel peak (Dasara)
USG000826,FAC003,Ballari,2025-09-24,O+,3,True,Festival travel peak (Dasara)
USG000827,FAC003,Ballari,2025-09-24,O-,5,True,Festival travel peak (Dasara)
USG000828,FAC003,Ballari,2025-09-24,B-,6,True,Festival travel peak (Dasara)
USG000829,FAC003,Ballari,2025-09-25,O+,5,True,Festival travel peak (Dasara)
USG000830,FAC003,Ballari,2025-09-26,O+,5,True,Festival travel peak (Dasara)
USG000831,FAC003,Ballari,2025-09-27,O+,7,True,Festival travel peak (Dasara)
USG000832,FAC003,Ballari,2025-09-27,A+,4,True,Festival travel peak (Dasara)
USG000833,FAC003,Ballari,2025-09-27,O-,6,True,Festival travel peak (Dasara)
USG000834,FAC003,Ballari,2025-09-27,A-,5,True,Festival travel peak (Dasara)
USG000835,FAC003,Ballari,2025-09-28,A-,7,True,Festival travel peak (Dasara)
USG000836,FAC003,Ballari,2025-09-29,O+,2,True,Festival travel peak (Dasara)
USG000837,FAC003,Ballari,2025-09-29,A-,5,True,Festival travel peak (Dasara)
USG000838,FAC003,Ballari,2025-09-30,O+,2,True,Festival travel peak (Dasara)
USG000839,FAC003,Ballari,2025-09-30,B+,6,True,Festival travel peak (Dasara)
USG000840,FAC003,Ballari,2025-10-01,AB+,2,True,Festival travel peak (Dasara)
USG000841,FAC003,Ballari,2025-10-01,B-,2,True,Festival travel peak (Dasara)
USG000842,FAC003,Ballari,2025-10-02,B+,4,True,Festival travel peak (Dasara)
USG000843,FAC003,Ballari,2025-10-02,B-,3,True,Festival travel peak (Dasara)
USG000844,FAC003,Ballari,2025-10-04,B+,3,True,Festival travel peak (Dasara)
USG000845,FAC003,Ballari,2025-10-06,AB-,4,True,Festival travel peak (Dasara)
USG000846,FAC003,Ballari,2025-10-08,AB+,1,True,Festival travel peak (Dasara)
USG000847,FAC003,Ballari,2025-10-08,O-,1,True,Festival travel peak (Dasara)
USG000848,FAC003,Ballari,2025-10-09,A+,4,True,Festival travel peak (Dasara)
USG000849,FAC003,Ballari,2025-10-10,O+,5,True,Festival travel peak (Dasara)
USG000850,FAC003,Ballari,2025-10-10,B+,3,True,Festival travel peak (Dasara)
USG000851,FAC003,Ballari,2025-10-10,AB+,3,True,Festival travel peak (Dasara)
USG000852,FAC003,Ballari,2025-10-11,O-,2,False,
USG000853,FAC003,Ballari,2025-10-13,A+,2,False,
USG000854,FAC003,Ballari,2025-10-13,AB+,3,False,
USG000855,FAC003,Ballari,2025-10-14,O+,1,False,
USG000856,FAC003,Ballari,2025-10-17,O+,4,False,
USG000857,FAC003,Ballari,2025-10-20,AB-,2,False,
USG000858,FAC003,Ballari,2025-10-22,O+,3,False,
USG000859,FAC003,Ballari,2025-10-22,B+,3,False,
USG000860,FAC003,Ballari,2025-10-23,O+,2,False,
USG000861,FAC003,Ballari,2025-10-24,AB+,2,False,
USG000862,FAC003,Ballari,2025-10-25,B+,2,False,
USG000863,FAC003,Ballari,2025-10-25,A-,3,False,
USG000864,FAC003,Ballari,2025-10-26,A-,1,False,
USG000865,FAC003,Ballari,2025-10-29,O+,2,False,
USG000866,FAC003,Ballari,2025-10-29,B+,4,False,
USG000867,FAC003,Ballari,2025-10-29,A+,2,False,
USG000868,FAC003,Ballari,2025-10-29,AB+,4,False,
USG000869,FAC003,Ballari,2025-10-30,O+,1,False,
USG000870,FAC003,Ballari,2025-10-30,B+,4,False,
USG000871,FAC003,Ballari,2025-11-02,B-,1,False,
USG000872,FAC003,Ballari,2025-11-08,A-,1,False,
USG000873,FAC003,Ballari,2025-11-09,AB+,2,False,
USG000874,FAC003,Ballari,2025-11-10,O+,1,False,
USG000875,FAC003,Ballari,2025-11-10,AB-,3,False,
USG000876,FAC003,Ballari,2025-11-11,O+,3,False,
USG000877,FAC003,Ballari,2025-11-11,B+,1,False,
USG000878,FAC003,Ballari,2025-11-11,A-,1,False,
USG000879,FAC003,Ballari,2025-11-12,O+,1,False,
USG000880,FAC003,Ballari,2025-11-12,B+,4,False,
USG000881,FAC003,Ballari,2025-11-14,O+,2,False,
USG000882,FAC003,Ballari,2025-11-14,B+,1,False,
USG000883,FAC003,Ballari,2025-11-15,A+,3,False,
USG000884,FAC003,Ballari,2025-11-16,O+,3,False,
USG000885,FAC003,Ballari,2025-11-16,AB+,2,False,
USG000886,FAC003,Ballari,2025-11-19,B+,1,False,
USG000887,FAC003,Ballari,2025-11-21,O+,3,False,
USG000888,FAC003,Ballari,2025-11-22,A+,3,False,
USG000889,FAC003,Ballari,2025-11-23,B+,3,False,
USG000890,FAC003,Ballari,2025-11-23,O-,2,False,
USG000891,FAC003,Ballari,2025-11-24,O-,4,False,
USG000892,FAC003,Ballari,2025-11-24,A-,2,False,
USG000893,FAC003,Ballari,2025-11-24,B-,2,False,
USG000894,FAC003,Ballari,2025-11-25,O+,2,False,
USG000895,FAC003,Ballari,2025-11-27,B+,3,False,
USG000896,FAC003,Ballari,2025-11-28,A+,4,False,
USG000897,FAC003,Ballari,2025-11-29,B+,4,False,
USG000898,FAC003,Ballari,2025-11-30,B+,2,False,
USG000899,FAC003,Ballari,2025-11-30,A+,3,False,
USG000900,FAC003,Ballari,2025-12-01,O-,1,False,
USG000901,FAC003,Ballari,2025-12-03,O-,3,False,
USG000902,FAC003,Ballari,2025-12-05,O+,1,False,
USG000903,FAC003,Ballari,2025-12-07,AB+,3,False,
USG000904,FAC003,Ballari,2025-12-08,B+,2,False,
USG000905,FAC003,Ballari,2025-12-08,AB+,1,False,
USG000906,FAC003,Ballari,2025-12-09,B+,2,False,
USG000907,FAC003,Ballari,2025-12-10,O+,1,False,
USG000908,FAC003,Ballari,2025-12-11,O+,2,False,
USG000909,FAC003,Ballari,2025-12-11,B+,1,False,
USG000910,FAC003,Ballari,2025-12-12,O+,1,False,
USG000911,FAC003,Ballari,2025-12-12,A-,2,False,
USG000912,FAC003,Ballari,2025-12-12,AB-,3,False,
USG000913,FAC003,Ballari,2025-12-14,AB+,3,False,
USG000914,FAC003,Ballari,2025-12-14,B-,4,False,
USG000915,FAC003,Ballari,2025-12-15,B+,1,False,
USG000916,FAC003,Ballari,2025-12-16,AB-,3,False,
USG000917,FAC003,Ballari,2025-12-19,B-,4,False,
USG000918,FAC003,Ballari,2025-12-23,O+,4,False,
USG000919,FAC003,Ballari,2025-12-23,B+,3,False,
USG000920,FAC003,Ballari,2025-12-25,O+,1,False,
USG000921,FAC003,Ballari,2025-12-25,B+,3,False,
USG000922,FAC003,Ballari,2025-12-26,A+,1,False,
USG000923,FAC003,Ballari,2025-12-27,A+,2,False,
USG000924,FAC003,Ballari,2025-12-27,O-,4,False,
USG000925,FAC003,Ballari,2025-12-28,O+,5,True,Local incident spike
USG000926,FAC003,Ballari,2025-12-28,B+,2,True,Local incident spike
USG000927,FAC003,Ballari,2025-12-28,A+,1,True,Local incident spike
USG000928,FAC003,Ballari,2025-12-29,B+,3,False,
USG000929,FAC003,Ballari,2025-12-29,A+,2,False,
USG000930,FAC003,Ballari,2025-12-30,AB-,6,True,New Year travel period
USG000931,FAC003,Ballari,2026-01-01,A+,2,True,New Year travel period
USG000932,FAC003,Ballari,2026-01-02,O+,3,True,New Year travel period
USG000933,FAC003,Ballari,2026-01-02,A+,1,True,New Year travel period
USG000934,FAC003,Ballari,2026-01-02,O-,3,True,New Year travel period
USG000935,FAC003,Ballari,2026-01-03,O+,3,False,
USG000936,FAC003,Ballari,2026-01-03,AB+,3,False,
USG000937,FAC003,Ballari,2026-01-04,O+,2,False,
USG000938,FAC003,Ballari,2026-01-05,B+,4,False,
USG000939,FAC003,Ballari,2026-01-06,O+,4,False,
USG000940,FAC003,Ballari,2026-01-07,O+,2,False,
USG000941,FAC003,Ballari,2026-01-09,O+,1,False,
USG000942,FAC003,Ballari,2026-01-09,AB-,4,False,
USG000943,FAC003,Ballari,2026-01-10,B+,2,False,
USG000944,FAC003,Ballari,2026-01-11,O+,3,False,
USG000945,FAC003,Ballari,2026-01-11,A-,3,False,
USG000946,FAC003,Ballari,2026-01-11,B-,3,False,
USG000947,FAC003,Ballari,2026-01-13,O+,1,False,
USG000948,FAC003,Ballari,2026-01-14,B+,4,False,
USG000949,FAC003,Ballari,2026-01-14,A+,3,False,
USG000950,FAC003,Ballari,2026-01-15,A+,2,False,
USG000951,FAC003,Ballari,2026-01-15,AB+,3,False,
USG000952,FAC003,Ballari,2026-01-16,AB-,2,False,
USG000953,FAC003,Ballari,2026-01-17,O+,1,False,
USG000954,FAC003,Ballari,2026-01-18,O+,2,False,
USG000955,FAC003,Ballari,2026-01-18,A+,2,False,
USG000956,FAC003,Ballari,2026-01-20,B+,4,False,
USG000957,FAC003,Ballari,2026-01-24,A+,3,False,
USG000958,FAC003,Ballari,2026-01-25,B+,1,False,
USG000959,FAC003,Ballari,2026-01-25,A+,3,False,
USG000960,FAC003,Ballari,2026-01-29,AB+,2,False,
USG000961,FAC003,Ballari,2026-01-30,B+,2,False,
USG000962,FAC003,Ballari,2026-01-31,O+,4,False,
USG000963,FAC003,Ballari,2026-01-31,B-,4,False,
USG000964,FAC003,Ballari,2026-02-01,B+,1,False,
USG000965,FAC003,Ballari,2026-02-01,A-,2,False,
USG000966,FAC003,Ballari,2026-02-01,AB-,4,False,
USG000967,FAC003,Ballari,2026-02-02,B+,2,False,
USG000968,FAC003,Ballari,2026-02-02,O-,3,False,
USG000969,FAC003,Ballari,2026-02-03,B+,3,False,
USG000970,FAC003,Ballari,2026-02-03,A+,4,False,
USG000971,FAC003,Ballari,2026-02-03,AB-,2,False,
USG000972,FAC003,Ballari,2026-02-04,O+,3,False,
USG000973,FAC003,Ballari,2026-02-04,B+,4,False,
USG000974,FAC003,Ballari,2026-02-04,O-,2,False,
USG000975,FAC003,Ballari,2026-02-05,O+,4,False,
USG000976,FAC003,Ballari,2026-02-06,A-,2,False,
USG000977,FAC003,Ballari,2026-02-06,AB-,2,False,
USG000978,FAC003,Ballari,2026-02-07,O+,3,False,
USG000979,FAC003,Ballari,2026-02-07,AB+,4,False,
USG000980,FAC003,Ballari,2026-02-08,O+,2,False,
USG000981,FAC003,Ballari,2026-02-10,B+,1,False,
USG000982,FAC003,Ballari,2026-02-10,A-,2,False,
USG000983,FAC003,Ballari,2026-02-10,AB-,4,False,
USG000984,FAC003,Ballari,2026-02-11,A-,4,False,
USG000985,FAC003,Ballari,2026-02-12,A-,1,False,
USG000986,FAC003,Ballari,2026-02-12,B-,3,False,
USG000987,FAC003,Ballari,2026-02-13,A+,2,False,
USG000988,FAC003,Ballari,2026-02-14,A+,3,False,
USG000989,FAC003,Ballari,2026-02-17,O-,2,False,
USG000990,FAC003,Ballari,2026-02-20,B+,2,False,
USG000991,FAC003,Ballari,2026-02-23,AB+,2,False,
USG000992,FAC003,Ballari,2026-02-24,O+,1,False,
USG000993,FAC003,Ballari,2026-02-24,A-,3,False,
USG000994,FAC003,Ballari,2026-02-26,B+,3,False,
USG000995,FAC003,Ballari,2026-02-27,A+,4,False,
USG000996,FAC003,Ballari,2026-03-01,B+,4,False,
USG000997,FAC003,Ballari,2026-03-01,A+,2,False,
USG000998,FAC003,Ballari,2026-03-02,O+,3,False,
USG000999,FAC003,Ballari,2026-03-02,B+,2,False,
USG001000,FAC003,Ballari,2026-03-03,B-,1,False,
USG001001,FAC003,Ballari,2026-03-04,O+,1,False,
USG001002,FAC003,Ballari,2026-03-04,AB+,2,False,
USG001003,FAC003,Ballari,2026-03-05,B+,1,False,
USG001004,FAC003,Ballari,2026-03-07,O+,1,False,
USG001005,FAC003,Ballari,2026-03-07,B+,3,False,
USG001006,FAC003,Ballari,2026-03-07,A+,4,False,
USG001007,FAC003,Ballari,2026-03-07,A-,4,False,
USG001008,FAC003,Ballari,2026-03-09,AB+,3,False,
USG001009,FAC003,Ballari,2026-03-10,B+,3,False,
USG001010,FAC003,Ballari,2026-03-11,B+,4,False,
USG001011,FAC003,Ballari,2026-03-11,AB-,2,False,
USG001012,FAC003,Ballari,2026-03-12,B+,2,False,
USG001013,FAC003,Ballari,2026-03-12,B-,4,False,
USG001014,FAC003,Ballari,2026-03-13,B+,2,False,
USG001015,FAC003,Ballari,2026-03-16,A+,1,False,
USG001016,FAC003,Ballari,2026-03-19,A+,1,False,
USG001017,FAC003,Ballari,2026-03-19,O-,2,False,
USG001018,FAC003,Ballari,2026-03-19,A-,3,False,
USG001019,FAC003,Ballari,2026-03-20,O+,4,False,
USG001020,FAC003,Ballari,2026-03-20,B+,2,False,
USG001021,FAC003,Ballari,2026-03-21,A+,1,False,
USG001022,FAC003,Ballari,2026-03-21,A-,2,False,
USG001023,FAC003,Ballari,2026-03-21,AB-,4,False,
USG001024,FAC003,Ballari,2026-03-23,O+,1,False,
USG001025,FAC003,Ballari,2026-03-25,O+,3,False,
USG001026,FAC003,Ballari,2026-03-25,AB-,3,False,
USG001027,FAC003,Ballari,2026-03-26,O+,1,False,
USG001028,FAC003,Ballari,2026-03-26,B+,1,False,
USG001029,FAC003,Ballari,2026-03-26,B-,3,False,
USG001030,FAC003,Ballari,2026-03-27,B+,4,False,
USG001031,FAC003,Ballari,2026-03-27,A+,3,False,
USG001032,FAC003,Ballari,2026-03-27,AB+,3,False,
USG001033,FAC003,Ballari,2026-03-27,O-,3,False,
USG001034,FAC003,Ballari,2026-03-29,A+,4,False,
USG001035,FAC003,Ballari,2026-03-29,A-,2,False,
USG001036,FAC003,Ballari,2026-03-30,B+,2,False,
USG001037,FAC003,Ballari,2026-04-02,O+,4,False,
USG001038,FAC003,Ballari,2026-04-02,B+,1,False,
USG001039,FAC003,Ballari,2026-04-02,A+,3,False,
USG001040,FAC003,Ballari,2026-04-05,O+,3,False,
USG001041,FAC003,Ballari,2026-04-07,B+,1,True,Local incident spike
USG001042,FAC003,Ballari,2026-04-07,A+,6,True,Local incident spike
USG001043,FAC003,Ballari,2026-04-07,O-,7,True,Local incident spike
USG001044,FAC003,Ballari,2026-04-08,A+,3,True,Local incident spike
USG001045,FAC003,Ballari,2026-04-09,B-,2,False,
USG001046,FAC003,Ballari,2026-04-10,O+,2,False,
USG001047,FAC003,Ballari,2026-04-10,A+,4,False,
USG001048,FAC003,Ballari,2026-04-10,AB+,3,False,
USG001049,FAC003,Ballari,2026-04-11,O+,4,False,
USG001050,FAC003,Ballari,2026-04-11,AB+,1,False,
USG001051,FAC003,Ballari,2026-04-12,O-,4,False,
USG001052,FAC003,Ballari,2026-04-14,B+,2,False,
USG001053,FAC003,Ballari,2026-04-14,A+,2,False,
USG001054,FAC003,Ballari,2026-04-15,B+,4,False,
USG001055,FAC003,Ballari,2026-04-16,AB-,2,False,
USG001056,FAC003,Ballari,2026-04-18,O+,3,False,
USG001057,FAC003,Ballari,2026-04-18,B+,3,False,
USG001058,FAC003,Ballari,2026-04-22,B-,3,False,
USG001059,FAC003,Ballari,2026-04-23,O+,4,False,
USG001060,FAC003,Ballari,2026-04-23,A+,4,False,
USG001061,FAC003,Ballari,2026-04-25,O-,4,False,
USG001062,FAC003,Ballari,2026-04-25,A-,1,False,
USG001063,FAC003,Ballari,2026-04-27,O+,4,False,
USG001064,FAC003,Ballari,2026-04-30,A+,1,False,
USG001065,FAC003,Ballari,2026-04-30,O-,2,False,
USG001066,FAC003,Ballari,2026-05-01,O+,2,False,
USG001067,FAC003,Ballari,2026-05-03,O+,3,False,
USG001068,FAC003,Ballari,2026-05-03,AB+,3,False,
USG001069,FAC003,Ballari,2026-05-05,O+,3,False,
USG001070,FAC003,Ballari,2026-05-05,B+,2,False,
USG001071,FAC003,Ballari,2026-05-06,A+,3,False,
USG001072,FAC003,Ballari,2026-05-06,A-,1,False,
USG001073,FAC003,Ballari,2026-05-07,O+,3,False,
USG001074,FAC003,Ballari,2026-05-07,B+,2,False,
USG001075,FAC003,Ballari,2026-05-07,A+,2,False,
USG001076,FAC003,Ballari,2026-05-09,O+,2,False,
USG001077,FAC003,Ballari,2026-05-10,O+,2,False,
USG001078,FAC003,Ballari,2026-05-11,A-,2,False,
USG001079,FAC003,Ballari,2026-05-14,O+,1,False,
USG001080,FAC003,Ballari,2026-05-14,B-,3,False,
USG001081,FAC003,Ballari,2026-05-15,B+,3,False,
USG001082,FAC003,Ballari,2026-05-16,O-,4,False,
USG001083,FAC003,Ballari,2026-05-17,O+,2,False,
USG001084,FAC003,Ballari,2026-05-17,O-,1,False,
USG001085,FAC003,Ballari,2026-05-18,B-,1,False,
USG001086,FAC003,Ballari,2026-05-19,O+,4,False,
USG001087,FAC003,Ballari,2026-05-21,O+,1,False,
USG001088,FAC003,Ballari,2026-05-21,A+,3,False,
USG001089,FAC003,Ballari,2026-05-22,AB+,1,False,
USG001090,FAC003,Ballari,2026-05-23,O+,3,False,
USG001091,FAC003,Ballari,2026-05-24,B+,4,False,
USG001092,FAC003,Ballari,2026-05-25,AB+,3,False,
USG001093,FAC003,Ballari,2026-05-26,AB+,4,False,
USG001094,FAC003,Ballari,2026-05-26,O-,1,False,
USG001095,FAC003,Ballari,2026-05-28,A+,2,False,
USG001096,FAC003,Ballari,2026-05-29,B+,3,False,
USG001097,FAC003,Ballari,2026-05-30,O+,1,False,
USG001098,FAC003,Ballari,2026-05-30,O-,4,False,
USG001099,FAC003,Ballari,2026-05-31,AB-,4,False,
USG001100,FAC003,Ballari,2026-06-02,O-,1,False,
USG001101,FAC003,Ballari,2026-06-04,B+,2,False,
USG001102,FAC003,Ballari,2026-06-05,B-,2,False,
USG001103,FAC003,Ballari,2026-06-06,O-,3,False,
USG001104,FAC003,Ballari,2026-06-07,O+,3,False,
USG001105,FAC003,Ballari,2026-06-09,B-,3,False,
USG001106,FAC003,Ballari,2026-06-11,B+,4,False,
USG001107,FAC003,Ballari,2026-06-14,O-,3,False,
USG001108,FAC003,Ballari,2026-06-15,O-,2,False,
USG001109,FAC003,Ballari,2026-06-16,A-,1,False,
USG001110,FAC003,Ballari,2026-06-17,O+,4,False,
USG001111,FAC003,Ballari,2026-06-17,O-,3,False,
USG001112,FAC003,Ballari,2026-06-19,A+,3,False,
USG001113,FAC003,Ballari,2026-06-22,O+,4,False,
USG001114,FAC003,Ballari,2026-06-22,B+,4,False,
USG001115,FAC003,Ballari,2026-06-23,AB+,4,False,
USG001116,FAC003,Ballari,2026-06-24,A-,4,False,
USG001117,FAC003,Ballari,2026-06-28,O+,3,False,
USG001118,FAC003,Ballari,2026-06-28,B-,2,False,
USG001119,FAC003,Ballari,2026-06-29,O+,1,False,
USG001120,FAC003,Ballari,2026-06-29,A+,1,False,
USG001121,FAC003,Ballari,2026-06-29,A-,1,False,
USG001122,FAC003,Ballari,2026-06-30,O+,2,False,
USG001123,FAC003,Ballari,2026-07-01,B+,2,False,
USG001124,FAC003,Ballari,2026-07-03,O+,4,False,
USG001125,FAC003,Ballari,2026-07-03,B+,4,False,
USG001126,FAC003,Ballari,2026-07-03,A+,3,False,
USG001127,FAC003,Ballari,2026-07-03,AB+,4,False,
USG001128,FAC003,Ballari,2026-07-03,O-,3,False,
USG001129,FAC003,Ballari,2026-07-05,O+,2,False,
USG001130,FAC003,Ballari,2026-07-08,B+,2,False,
USG001131,FAC003,Ballari,2026-07-10,B+,3,False,
USG001132,FAC003,Ballari,2026-07-10,A+,1,False,
USG001133,FAC003,Ballari,2026-07-10,B-,2,False,
USG001134,FAC003,Ballari,2026-07-12,O+,2,False,
USG001135,FAC003,Ballari,2026-07-12,A-,1,False,
USG001136,FAC003,Ballari,2026-07-13,O-,2,False,
USG001137,FAC003,Ballari,2026-07-14,B+,2,False,
USG001138,FAC003,Ballari,2026-07-15,O+,6,True,Monsoon peak flood-risk weeks
USG001139,FAC003,Ballari,2026-07-15,AB+,4,True,Monsoon peak flood-risk weeks
USG001140,FAC003,Ballari,2026-07-15,A-,4,True,Monsoon peak flood-risk weeks
USG001141,FAC003,Ballari,2026-07-18,A+,6,True,Monsoon peak flood-risk weeks
USG001142,FAC003,Ballari,2026-07-19,O-,1,True,Monsoon peak flood-risk weeks
USG001143,FAC003,Ballari,2026-07-19,A-,6,True,Monsoon peak flood-risk weeks
USG001144,FAC003,Ballari,2026-07-19,AB-,7,True,Monsoon peak flood-risk weeks
USG001145,FAC003,Ballari,2026-07-20,O+,1,True,Monsoon peak flood-risk weeks
USG001146,FAC003,Ballari,2026-07-21,B+,3,True,Monsoon peak flood-risk weeks
USG001147,FAC003,Ballari,2026-07-21,B-,7,True,Monsoon peak flood-risk weeks
USG001148,FAC003,Ballari,2026-07-22,B+,5,True,Monsoon peak flood-risk weeks
USG001149,FAC003,Ballari,2026-07-23,O+,1,True,Monsoon peak flood-risk weeks
USG001150,FAC003,Ballari,2026-07-23,B-,3,True,Monsoon peak flood-risk weeks
USG001151,FAC003,Ballari,2026-07-23,AB-,3,True,Monsoon peak flood-risk weeks
USG001152,FAC003,Ballari,2026-07-24,O+,4,True,Monsoon peak flood-risk weeks
USG001153,FAC003,Ballari,2026-07-24,AB-,5,True,Monsoon peak flood-risk weeks
USG001154,FAC003,Ballari,2026-07-25,O+,5,True,Monsoon peak flood-risk weeks
USG001155,FAC003,Ballari,2026-07-26,AB+,5,True,Monsoon peak flood-risk weeks
USG001156,FAC003,Ballari,2026-07-27,O+,3,True,Monsoon peak flood-risk weeks
USG001157,FAC003,Ballari,2026-07-27,A+,3,True,Monsoon peak flood-risk weeks
USG001158,FAC003,Ballari,2026-07-27,AB-,1,True,Monsoon peak flood-risk weeks
USG001159,FAC003,Ballari,2026-07-28,AB+,6,True,Monsoon peak flood-risk weeks
USG001160,FAC003,Ballari,2026-07-28,B-,3,True,Monsoon peak flood-risk weeks
USG001161,FAC003,Ballari,2026-07-29,A+,5,True,Monsoon peak flood-risk weeks
USG001162,FAC003,Ballari,2026-07-30,B+,1,True,Monsoon peak flood-risk weeks
USG001163,FAC003,Ballari,2026-07-30,AB-,2,True,Monsoon peak flood-risk weeks
USG001164,FAC003,Ballari,2026-08-01,O+,6,True,Monsoon peak flood-risk weeks
USG001165,FAC004,Ballari,2025-08-02,A-,2,True,Monsoon peak flood-risk weeks
USG001166,FAC004,Ballari,2025-08-03,A+,1,True,Monsoon peak flood-risk weeks
USG001167,FAC004,Ballari,2025-08-05,O+,2,True,Monsoon peak flood-risk weeks
USG001168,FAC004,Ballari,2025-08-06,O-,2,False,
USG001169,FAC004,Ballari,2025-08-08,B+,3,True,Local incident spike
USG001170,FAC004,Ballari,2025-08-08,A+,3,True,Local incident spike
USG001171,FAC004,Ballari,2025-08-09,A+,2,False,
USG001172,FAC004,Ballari,2025-08-09,AB-,3,False,
USG001173,FAC004,Ballari,2025-08-16,B+,2,False,
USG001174,FAC004,Ballari,2025-08-19,A-,1,False,
USG001175,FAC004,Ballari,2025-08-20,B-,1,False,
USG001176,FAC004,Ballari,2025-08-23,O+,3,False,
USG001177,FAC004,Ballari,2025-08-25,B+,3,False,
USG001178,FAC004,Ballari,2025-08-29,O+,2,False,
USG001179,FAC004,Ballari,2025-09-05,B+,3,False,
USG001180,FAC004,Ballari,2025-09-06,AB-,1,False,
USG001181,FAC004,Ballari,2025-09-14,B-,2,False,
USG001182,FAC004,Ballari,2025-09-15,A+,2,False,
USG001183,FAC004,Ballari,2025-09-18,A+,4,True,Festival travel peak (Dasara)
USG001184,FAC004,Ballari,2025-09-19,B+,2,True,Festival travel peak (Dasara)
USG001185,FAC004,Ballari,2025-09-21,O+,2,True,Festival travel peak (Dasara)
USG001186,FAC004,Ballari,2025-09-21,A-,3,True,Festival travel peak (Dasara)
USG001187,FAC004,Ballari,2025-09-23,B+,2,True,Festival travel peak (Dasara)
USG001188,FAC004,Ballari,2025-09-23,A-,5,True,Festival travel peak (Dasara)
USG001189,FAC004,Ballari,2025-09-25,O+,3,True,Festival travel peak (Dasara)
USG001190,FAC004,Ballari,2025-09-25,B+,5,True,Festival travel peak (Dasara)
USG001191,FAC004,Ballari,2025-09-27,A-,2,True,Festival travel peak (Dasara)
USG001192,FAC004,Ballari,2025-09-29,B+,3,True,Festival travel peak (Dasara)
USG001193,FAC004,Ballari,2025-10-01,O+,4,True,Festival travel peak (Dasara)
USG001194,FAC004,Ballari,2025-10-03,O+,1,True,Festival travel peak (Dasara)
USG001195,FAC004,Ballari,2025-10-03,B-,3,True,Festival travel peak (Dasara)
USG001196,FAC004,Ballari,2025-10-04,B+,5,True,Festival travel peak (Dasara)
USG001197,FAC004,Ballari,2025-10-04,A+,2,True,Festival travel peak (Dasara)
USG001198,FAC004,Ballari,2025-10-07,B+,5,True,Festival travel peak (Dasara)
USG001199,FAC004,Ballari,2025-10-08,O+,4,True,Festival travel peak (Dasara)
USG001200,FAC004,Ballari,2025-10-11,B+,1,False,
USG001201,FAC004,Ballari,2025-10-13,A-,1,False,
USG001202,FAC004,Ballari,2025-10-18,AB-,2,False,
USG001203,FAC004,Ballari,2025-10-21,B-,2,False,
USG001204,FAC004,Ballari,2025-10-22,A+,3,False,
USG001205,FAC004,Ballari,2025-10-23,O+,3,False,
USG001206,FAC004,Ballari,2025-10-24,A+,1,False,
USG001207,FAC004,Ballari,2025-10-25,B+,1,False,
USG001208,FAC004,Ballari,2025-10-25,A+,3,False,
USG001209,FAC004,Ballari,2025-10-27,A-,3,False,
USG001210,FAC004,Ballari,2025-10-28,B+,3,False,
USG001211,FAC004,Ballari,2025-10-31,B+,2,False,
USG001212,FAC004,Ballari,2025-11-01,B+,3,False,
USG001213,FAC004,Ballari,2025-11-04,O+,2,False,
USG001214,FAC004,Ballari,2025-11-05,O+,3,False,
USG001215,FAC004,Ballari,2025-11-07,O-,1,False,
USG001216,FAC004,Ballari,2025-11-12,B+,1,False,
USG001217,FAC004,Ballari,2025-11-13,A+,3,False,
USG001218,FAC004,Ballari,2025-11-15,O+,1,False,
USG001219,FAC004,Ballari,2025-11-15,A-,1,False,
USG001220,FAC004,Ballari,2025-11-17,B+,1,False,
USG001221,FAC004,Ballari,2025-11-20,O+,2,False,
USG001222,FAC004,Ballari,2025-11-20,O-,3,False,
USG001223,FAC004,Ballari,2025-11-21,B+,3,False,
USG001224,FAC004,Ballari,2025-11-23,B+,2,False,
USG001225,FAC004,Ballari,2025-11-25,A+,3,False,
USG001226,FAC004,Ballari,2025-11-29,A+,2,False,
USG001227,FAC004,Ballari,2025-11-30,B-,2,False,
USG001228,FAC004,Ballari,2025-12-01,B+,2,False,
USG001229,FAC004,Ballari,2025-12-04,B+,2,False,
USG001230,FAC004,Ballari,2025-12-05,AB-,3,False,
USG001231,FAC004,Ballari,2025-12-09,B-,2,False,
USG001232,FAC004,Ballari,2025-12-14,B+,2,False,
USG001233,FAC004,Ballari,2025-12-15,O-,3,False,
USG001234,FAC004,Ballari,2025-12-21,B-,2,False,
USG001235,FAC004,Ballari,2025-12-23,O+,1,False,
USG001236,FAC004,Ballari,2025-12-29,B+,1,False,
USG001237,FAC004,Ballari,2025-12-31,O-,3,True,New Year travel period
USG001238,FAC004,Ballari,2025-12-31,B-,3,True,New Year travel period
USG001239,FAC004,Ballari,2026-01-01,A+,2,True,New Year travel period
USG001240,FAC004,Ballari,2026-01-05,O+,2,False,
USG001241,FAC004,Ballari,2026-01-07,B-,2,False,
USG001242,FAC004,Ballari,2026-01-10,A+,1,False,
USG001243,FAC004,Ballari,2026-01-14,A+,3,False,
USG001244,FAC004,Ballari,2026-01-18,B+,2,False,
USG001245,FAC004,Ballari,2026-01-20,A-,2,False,
USG001246,FAC004,Ballari,2026-01-30,B-,3,False,
USG001247,FAC004,Ballari,2026-01-31,O-,2,False,
USG001248,FAC004,Ballari,2026-02-06,AB-,1,False,
USG001249,FAC004,Ballari,2026-02-10,B+,3,False,
USG001250,FAC004,Ballari,2026-02-16,O+,2,False,
USG001251,FAC004,Ballari,2026-02-18,O-,3,False,
USG001252,FAC004,Ballari,2026-02-19,B+,2,False,
USG001253,FAC004,Ballari,2026-02-20,O-,2,False,
USG001254,FAC004,Ballari,2026-02-20,AB-,3,False,
USG001255,FAC004,Ballari,2026-02-21,A+,2,False,
USG001256,FAC004,Ballari,2026-02-22,O+,1,False,
USG001257,FAC004,Ballari,2026-02-24,O-,2,False,
USG001258,FAC004,Ballari,2026-02-26,O+,3,False,
USG001259,FAC004,Ballari,2026-02-26,O-,2,False,
USG001260,FAC004,Ballari,2026-02-27,A+,3,False,
USG001261,FAC004,Ballari,2026-03-04,A-,1,False,
USG001262,FAC004,Ballari,2026-03-11,A+,2,False,
USG001263,FAC004,Ballari,2026-03-11,AB-,3,False,
USG001264,FAC004,Ballari,2026-03-12,O+,1,False,
USG001265,FAC004,Ballari,2026-03-19,B+,3,False,
USG001266,FAC004,Ballari,2026-03-20,O+,3,False,
USG001267,FAC004,Ballari,2026-03-23,B-,2,False,
USG001268,FAC004,Ballari,2026-04-01,O+,3,False,
USG001269,FAC004,Ballari,2026-04-09,A+,3,False,
USG001270,FAC004,Ballari,2026-04-10,B+,2,False,
USG001271,FAC004,Ballari,2026-04-11,A+,2,False,
USG001272,FAC004,Ballari,2026-04-16,B+,1,False,
USG001273,FAC004,Ballari,2026-04-20,B+,3,False,
USG001274,FAC004,Ballari,2026-04-20,A-,1,False,
USG001275,FAC004,Ballari,2026-04-21,A-,1,False,
USG001276,FAC004,Ballari,2026-04-28,B-,2,False,
USG001277,FAC004,Ballari,2026-04-29,O+,2,False,
USG001278,FAC004,Ballari,2026-04-30,A+,3,False,
USG001279,FAC004,Ballari,2026-05-02,B-,3,False,
USG001280,FAC004,Ballari,2026-05-04,B-,2,False,
USG001281,FAC004,Ballari,2026-05-07,O+,2,False,
USG001282,FAC004,Ballari,2026-05-08,B+,3,False,
USG001283,FAC004,Ballari,2026-05-08,A+,3,False,
USG001284,FAC004,Ballari,2026-05-09,B+,2,False,
USG001285,FAC004,Ballari,2026-05-16,A+,1,False,
USG001286,FAC004,Ballari,2026-05-19,B-,1,False,
USG001287,FAC004,Ballari,2026-05-20,AB-,1,True,Local incident spike
USG001288,FAC004,Ballari,2026-05-21,O+,3,False,
USG001289,FAC004,Ballari,2026-05-21,AB-,2,False,
USG001290,FAC004,Ballari,2026-05-28,B-,2,False,
USG001291,FAC004,Ballari,2026-05-29,A-,3,False,
USG001292,FAC004,Ballari,2026-06-14,AB-,2,False,
USG001293,FAC004,Ballari,2026-06-24,AB-,1,False,
USG001294,FAC004,Ballari,2026-06-26,O+,3,False,
USG001295,FAC004,Ballari,2026-06-30,B+,3,False,
USG001296,FAC004,Ballari,2026-07-01,O+,2,False,
USG001297,FAC004,Ballari,2026-07-04,O+,3,False,
USG001298,FAC004,Ballari,2026-07-06,B+,3,False,
USG001299,FAC004,Ballari,2026-07-07,A+,3,False,
USG001300,FAC004,Ballari,2026-07-07,O-,2,False,
USG001301,FAC004,Ballari,2026-07-10,AB-,1,False,
USG001302,FAC004,Ballari,2026-07-12,B+,1,False,
USG001303,FAC004,Ballari,2026-07-17,A+,1,True,Monsoon peak flood-risk weeks
USG001304,FAC004,Ballari,2026-07-20,O+,4,True,Monsoon peak flood-risk weeks
USG001305,FAC004,Ballari,2026-07-20,A+,2,True,Monsoon peak flood-risk weeks
USG001306,FAC004,Ballari,2026-07-27,AB-,3,True,Monsoon peak flood-risk weeks
USG001307,FAC004,Ballari,2026-07-28,B+,3,True,Monsoon peak flood-risk weeks
USG001308,FAC005,Ballari,2025-08-03,AB-,5,True,Monsoon peak flood-risk weeks
USG001309,FAC005,Ballari,2025-08-05,A+,3,True,Monsoon peak flood-risk weeks
USG001310,FAC005,Ballari,2025-08-09,O-,2,False,
USG001311,FAC005,Ballari,2025-08-09,AB-,3,False,
USG001312,FAC005,Ballari,2025-08-14,A+,2,False,
USG001313,FAC005,Ballari,2025-08-16,O+,2,False,
USG001314,FAC005,Ballari,2025-08-19,AB+,1,False,
USG001315,FAC005,Ballari,2025-08-20,AB-,3,False,
USG001316,FAC005,Ballari,2025-08-21,AB+,3,False,
USG001317,FAC005,Ballari,2025-08-22,O+,2,False,
USG001318,FAC005,Ballari,2025-08-22,B-,3,False,
USG001319,FAC005,Ballari,2025-08-24,A-,3,False,
USG001320,FAC005,Ballari,2025-08-27,AB-,1,False,
USG001321,FAC005,Ballari,2025-08-30,O-,1,False,
USG001322,FAC005,Ballari,2025-09-01,B-,1,False,
USG001323,FAC005,Ballari,2025-09-03,AB+,2,False,
USG001324,FAC005,Ballari,2025-09-04,O-,3,False,
USG001325,FAC005,Ballari,2025-09-05,O+,3,False,
USG001326,FAC005,Ballari,2025-09-05,AB+,2,False,
USG001327,FAC005,Ballari,2025-09-06,O+,1,False,
USG001328,FAC005,Ballari,2025-09-19,O-,5,True,Festival travel peak (Dasara)
USG001329,FAC005,Ballari,2025-09-21,O+,3,True,Festival travel peak (Dasara)
USG001330,FAC005,Ballari,2025-09-23,O-,4,True,Festival travel peak (Dasara)
USG001331,FAC005,Ballari,2025-09-26,A+,2,True,Festival travel peak (Dasara)
USG001332,FAC005,Ballari,2025-09-27,A+,3,True,Festival travel peak (Dasara)
USG001333,FAC005,Ballari,2025-09-28,AB+,5,True,Festival travel peak (Dasara)
USG001334,FAC005,Ballari,2025-09-29,AB+,4,True,Festival travel peak (Dasara)
USG001335,FAC005,Ballari,2025-09-30,O+,4,True,Festival travel peak (Dasara)
USG001336,FAC005,Ballari,2025-09-30,A+,2,True,Festival travel peak (Dasara)
USG001337,FAC005,Ballari,2025-10-03,AB+,3,True,Festival travel peak (Dasara)
USG001338,FAC005,Ballari,2025-10-03,A-,5,True,Festival travel peak (Dasara)
USG001339,FAC005,Ballari,2025-10-04,A+,3,True,Festival travel peak (Dasara)
USG001340,FAC005,Ballari,2025-10-08,O+,2,True,Festival travel peak (Dasara)
USG001341,FAC005,Ballari,2025-10-08,A+,5,True,Festival travel peak (Dasara)
USG001342,FAC005,Ballari,2025-10-08,O-,1,True,Festival travel peak (Dasara)
USG001343,FAC005,Ballari,2025-10-10,O+,4,True,Festival travel peak (Dasara)
USG001344,FAC005,Ballari,2025-10-12,O-,3,False,
USG001345,FAC005,Ballari,2025-10-29,AB+,1,False,
USG001346,FAC005,Ballari,2025-10-30,B-,2,False,
USG001347,FAC005,Ballari,2025-11-01,AB+,3,False,
USG001348,FAC005,Ballari,2025-11-09,AB-,3,False,
USG001349,FAC005,Ballari,2025-11-14,A+,1,False,
USG001350,FAC005,Ballari,2025-11-17,AB+,1,False,
USG001351,FAC005,Ballari,2025-11-22,A+,2,False,
USG001352,FAC005,Ballari,2025-11-25,A+,1,False,
USG001353,FAC005,Ballari,2025-11-26,A-,2,False,
USG001354,FAC005,Ballari,2025-12-01,A+,2,False,
USG001355,FAC005,Ballari,2025-12-01,AB-,1,False,
USG001356,FAC005,Ballari,2025-12-02,O-,1,False,
USG001357,FAC005,Ballari,2025-12-07,O+,1,False,
USG001358,FAC005,Ballari,2025-12-08,O-,1,False,
USG001359,FAC005,Ballari,2025-12-12,AB-,2,False,
USG001360,FAC005,Ballari,2025-12-17,B-,2,False,
USG001361,FAC005,Ballari,2025-12-20,O+,3,False,
USG001362,FAC005,Ballari,2025-12-20,A+,3,False,
USG001363,FAC005,Ballari,2025-12-21,A+,2,False,
USG001364,FAC005,Ballari,2025-12-25,O+,3,False,
USG001365,FAC005,Ballari,2026-01-01,O+,3,True,New Year travel period
USG001366,FAC005,Ballari,2026-01-04,O+,1,False,
USG001367,FAC005,Ballari,2026-01-05,B-,2,False,
USG001368,FAC005,Ballari,2026-01-08,O+,3,False,
USG001369,FAC005,Ballari,2026-01-08,AB-,3,False,
USG001370,FAC005,Ballari,2026-01-14,A+,3,False,
USG001371,FAC005,Ballari,2026-01-16,AB+,1,False,
USG001372,FAC005,Ballari,2026-01-19,A+,2,False,
USG001373,FAC005,Ballari,2026-01-23,O+,4,True,Local incident spike
USG001374,FAC005,Ballari,2026-01-26,A+,2,False,
USG001375,FAC005,Ballari,2026-01-26,A-,3,False,
USG001376,FAC005,Ballari,2026-01-29,A+,3,False,
USG001377,FAC005,Ballari,2026-01-30,O+,2,False,
USG001378,FAC005,Ballari,2026-02-01,O+,2,False,
USG001379,FAC005,Ballari,2026-02-05,AB+,2,False,
USG001380,FAC005,Ballari,2026-02-06,O+,3,False,
USG001381,FAC005,Ballari,2026-02-06,A+,2,False,
USG001382,FAC005,Ballari,2026-02-06,AB+,2,False,
USG001383,FAC005,Ballari,2026-02-12,O-,1,False,
USG001384,FAC005,Ballari,2026-02-15,A-,1,False,
USG001385,FAC005,Ballari,2026-02-18,B-,2,False,
USG001386,FAC005,Ballari,2026-02-26,A-,1,False,
USG001387,FAC005,Ballari,2026-02-27,AB+,1,False,
USG001388,FAC005,Ballari,2026-03-01,O+,2,False,
USG001389,FAC005,Ballari,2026-03-09,A+,3,False,
USG001390,FAC005,Ballari,2026-03-09,AB-,1,False,
USG001391,FAC005,Ballari,2026-03-12,O+,3,False,
USG001392,FAC005,Ballari,2026-03-13,A+,1,False,
USG001393,FAC005,Ballari,2026-03-13,O-,2,False,
USG001394,FAC005,Ballari,2026-03-19,O+,3,False,
USG001395,FAC005,Ballari,2026-03-25,O-,1,False,
USG001396,FAC005,Ballari,2026-03-28,AB+,1,False,
USG001397,FAC005,Ballari,2026-03-31,A+,2,False,
USG001398,FAC005,Ballari,2026-04-02,O+,3,True,Local incident spike
USG001399,FAC005,Ballari,2026-04-04,O+,1,False,
USG001400,FAC005,Ballari,2026-04-10,A-,2,False,
USG001401,FAC005,Ballari,2026-04-12,O+,2,False,
USG001402,FAC005,Ballari,2026-04-13,A+,2,False,
USG001403,FAC005,Ballari,2026-04-15,B-,1,False,
USG001404,FAC005,Ballari,2026-04-20,O+,3,False,
USG001405,FAC005,Ballari,2026-04-22,O+,2,False,
USG001406,FAC005,Ballari,2026-04-24,AB+,1,False,
USG001407,FAC005,Ballari,2026-04-24,A-,1,False,
USG001408,FAC005,Ballari,2026-04-25,A-,3,False,
USG001409,FAC005,Ballari,2026-04-27,O+,3,False,
USG001410,FAC005,Ballari,2026-04-29,O-,1,False,
USG001411,FAC005,Ballari,2026-05-04,A+,1,False,
USG001412,FAC005,Ballari,2026-05-09,AB+,3,False,
USG001413,FAC005,Ballari,2026-05-11,B-,1,False,
USG001414,FAC005,Ballari,2026-05-19,B-,3,False,
USG001415,FAC005,Ballari,2026-05-20,A-,2,False,
USG001416,FAC005,Ballari,2026-05-22,B-,2,False,
USG001417,FAC005,Ballari,2026-05-26,A+,2,False,
USG001418,FAC005,Ballari,2026-05-29,A-,3,False,
USG001419,FAC005,Ballari,2026-05-31,O+,3,False,
USG001420,FAC005,Ballari,2026-05-31,B-,1,False,
USG001421,FAC005,Ballari,2026-06-01,O+,3,False,
USG001422,FAC005,Ballari,2026-06-03,O+,2,False,
USG001423,FAC005,Ballari,2026-06-03,O-,2,False,
USG001424,FAC005,Ballari,2026-06-04,O+,2,False,
USG001425,FAC005,Ballari,2026-06-05,O+,1,False,
USG001426,FAC005,Ballari,2026-06-07,A+,1,False,
USG001427,FAC005,Ballari,2026-06-13,A+,1,False,
USG001428,FAC005,Ballari,2026-06-19,A+,1,False,
USG001429,FAC005,Ballari,2026-06-21,AB-,1,False,
USG001430,FAC005,Ballari,2026-06-23,O+,2,False,
USG001431,FAC005,Ballari,2026-06-23,O-,2,False,
USG001432,FAC005,Ballari,2026-07-01,O+,1,False,
USG001433,FAC005,Ballari,2026-07-05,A+,3,False,
USG001434,FAC005,Ballari,2026-07-05,A-,3,False,
USG001435,FAC005,Ballari,2026-07-06,A+,2,False,
USG001436,FAC005,Ballari,2026-07-15,A+,5,True,Monsoon peak flood-risk weeks
USG001437,FAC005,Ballari,2026-07-16,A-,3,True,Monsoon peak flood-risk weeks
USG001438,FAC005,Ballari,2026-07-18,A-,3,True,Monsoon peak flood-risk weeks
USG001439,FAC005,Ballari,2026-07-21,O+,4,True,Monsoon peak flood-risk weeks
USG001440,FAC005,Ballari,2026-07-22,O+,3,True,Monsoon peak flood-risk weeks
USG001441,FAC005,Ballari,2026-07-23,O-,3,True,Monsoon peak flood-risk weeks
USG001442,FAC005,Ballari,2026-07-25,O+,3,True,Monsoon peak flood-risk weeks
USG001443,FAC005,Ballari,2026-07-26,O+,4,True,Monsoon peak flood-risk weeks
USG001444,FAC005,Ballari,2026-07-29,AB+,3,True,Monsoon peak flood-risk weeks
USG001445,FAC005,Ballari,2026-07-30,O+,2,True,Monsoon peak flood-risk weeks
USG001446,FAC005,Ballari,2026-07-30,O-,3,True,Monsoon peak flood-risk weeks
USG001447,FAC006,Ballari,2025-08-02,B+,2,True,Monsoon peak flood-risk weeks
USG001448,FAC006,Ballari,2025-08-03,O+,2,True,Monsoon peak flood-risk weeks
USG001449,FAC006,Ballari,2025-08-07,A+,1,False,
USG001450,FAC006,Ballari,2025-08-26,AB-,1,False,
USG001451,FAC006,Ballari,2025-09-03,AB-,1,False,
USG001452,FAC006,Ballari,2025-09-06,O+,3,False,
USG001453,FAC006,Ballari,2025-09-06,A-,3,False,
USG001454,FAC006,Ballari,2025-09-08,O+,1,False,
USG001455,FAC006,Ballari,2025-09-13,O+,2,False,
USG001456,FAC006,Ballari,2025-09-13,A+,1,False,
USG001457,FAC006,Ballari,2025-09-14,AB-,3,False,
USG001458,FAC006,Ballari,2025-09-18,B+,3,True,Festival travel peak (Dasara)
USG001459,FAC006,Ballari,2025-09-18,A+,2,True,Festival travel peak (Dasara)
USG001460,FAC006,Ballari,2025-09-18,AB-,2,True,Festival travel peak (Dasara)
USG001461,FAC006,Ballari,2025-09-20,B+,2,True,Festival travel peak (Dasara)
USG001462,FAC006,Ballari,2025-09-20,AB-,4,True,Festival travel peak (Dasara)
USG001463,FAC006,Ballari,2025-09-21,B+,1,True,Festival travel peak (Dasara)
USG001464,FAC006,Ballari,2025-09-21,A+,3,True,Festival travel peak (Dasara)
USG001465,FAC006,Ballari,2025-09-21,AB+,4,True,Festival travel peak (Dasara)
USG001466,FAC006,Ballari,2025-09-21,A-,3,True,Festival travel peak (Dasara)
USG001467,FAC006,Ballari,2025-09-22,A-,5,True,Festival travel peak (Dasara)
USG001468,FAC006,Ballari,2025-09-26,B+,2,True,Festival travel peak (Dasara)
USG001469,FAC006,Ballari,2025-09-26,O-,3,True,Festival travel peak (Dasara)
USG001470,FAC006,Ballari,2025-09-27,O-,5,True,Festival travel peak (Dasara)
USG001471,FAC006,Ballari,2025-09-28,O+,5,True,Festival travel peak (Dasara)
USG001472,FAC006,Ballari,2025-09-29,AB+,2,True,Festival travel peak (Dasara)
USG001473,FAC006,Ballari,2025-09-30,A+,4,True,Festival travel peak (Dasara)
USG001474,FAC006,Ballari,2025-10-03,A+,3,True,Festival travel peak (Dasara)
USG001475,FAC006,Ballari,2025-10-05,A+,3,True,Festival travel peak (Dasara)
USG001476,FAC006,Ballari,2025-10-05,AB-,3,True,Festival travel peak (Dasara)
USG001477,FAC006,Ballari,2025-10-08,B+,3,True,Festival travel peak (Dasara)
USG001478,FAC006,Ballari,2025-10-09,A+,4,True,Festival travel peak (Dasara)
USG001479,FAC006,Ballari,2025-10-12,A-,1,False,
USG001480,FAC006,Ballari,2025-10-13,O+,3,False,
USG001481,FAC006,Ballari,2025-10-13,B+,2,False,
USG001482,FAC006,Ballari,2025-10-24,B+,3,False,
USG001483,FAC006,Ballari,2025-10-25,B+,2,False,
USG001484,FAC006,Ballari,2025-10-26,O-,3,True,Local incident spike
USG001485,FAC006,Ballari,2025-10-28,AB-,1,False,
USG001486,FAC006,Ballari,2025-10-29,B+,2,False,
USG001487,FAC006,Ballari,2025-11-03,O+,2,False,
USG001488,FAC006,Ballari,2025-11-08,B+,3,False,
USG001489,FAC006,Ballari,2025-11-09,O+,1,False,
USG001490,FAC006,Ballari,2025-11-09,B+,1,False,
USG001491,FAC006,Ballari,2025-11-11,O-,1,False,
USG001492,FAC006,Ballari,2025-11-14,O+,2,False,
USG001493,FAC006,Ballari,2025-11-14,A+,2,False,
USG001494,FAC006,Ballari,2025-11-15,B+,2,False,
USG001495,FAC006,Ballari,2025-11-16,B+,1,False,
USG001496,FAC006,Ballari,2025-11-17,O+,4,True,Local incident spike
USG001497,FAC006,Ballari,2025-11-17,AB+,3,True,Local incident spike
USG001498,FAC006,Ballari,2025-11-18,O+,3,False,
USG001499,FAC006,Ballari,2025-11-20,O+,1,False,
USG001500,FAC006,Ballari,2025-11-22,B+,2,False,
USG001501,FAC006,Ballari,2025-11-23,B+,3,False,
USG001502,FAC006,Ballari,2025-11-23,AB-,2,False,
USG001503,FAC006,Ballari,2025-11-25,A+,3,False,
USG001504,FAC006,Ballari,2025-11-29,O+,2,False,
USG001505,FAC006,Ballari,2025-11-30,B+,1,False,
USG001506,FAC006,Ballari,2025-12-03,B+,3,False,
USG001507,FAC006,Ballari,2025-12-04,O+,3,False,
USG001508,FAC006,Ballari,2025-12-04,B+,1,False,
USG001509,FAC006,Ballari,2025-12-05,B+,3,False,
USG001510,FAC006,Ballari,2025-12-08,B+,2,False,
USG001511,FAC006,Ballari,2025-12-10,O-,3,False,
USG001512,FAC006,Ballari,2025-12-17,A-,1,False,
USG001513,FAC006,Ballari,2025-12-19,AB+,1,False,
USG001514,FAC006,Ballari,2025-12-19,A-,1,False,
USG001515,FAC006,Ballari,2025-12-21,O-,1,False,
USG001516,FAC006,Ballari,2025-12-22,A+,3,False,
USG001517,FAC006,Ballari,2025-12-23,B+,3,False,
USG001518,FAC006,Ballari,2025-12-25,O+,1,False,
USG001519,FAC006,Ballari,2025-12-25,AB+,2,False,
USG001520,FAC006,Ballari,2025-12-25,A-,2,False,
USG001521,FAC006,Ballari,2025-12-26,O-,3,False,
USG001522,FAC006,Ballari,2025-12-27,AB+,4,True,Local incident spike
USG001523,FAC006,Ballari,2025-12-28,O-,2,False,
USG001524,FAC006,Ballari,2025-12-29,AB-,3,False,
USG001525,FAC006,Ballari,2026-01-01,A+,5,True,New Year travel period
USG001526,FAC006,Ballari,2026-01-03,A+,1,False,
USG001527,FAC006,Ballari,2026-01-04,A-,1,False,
USG001528,FAC006,Ballari,2026-01-05,O+,3,False,
USG001529,FAC006,Ballari,2026-01-12,AB+,3,False,
USG001530,FAC006,Ballari,2026-01-15,B+,2,False,
USG001531,FAC006,Ballari,2026-01-21,O+,2,False,
USG001532,FAC006,Ballari,2026-01-21,AB+,2,False,
USG001533,FAC006,Ballari,2026-01-22,O+,3,False,
USG001534,FAC006,Ballari,2026-01-26,A+,2,False,
USG001535,FAC006,Ballari,2026-01-29,AB+,2,False,
USG001536,FAC006,Ballari,2026-02-01,A+,2,False,
USG001537,FAC006,Ballari,2026-02-02,B+,2,False,
USG001538,FAC006,Ballari,2026-02-02,A-,1,False,
USG001539,FAC006,Ballari,2026-02-05,O+,3,False,
USG001540,FAC006,Ballari,2026-02-05,B+,2,False,
USG001541,FAC006,Ballari,2026-02-06,O+,4,True,Local incident spike
USG001542,FAC006,Ballari,2026-02-07,O+,1,False,
USG001543,FAC006,Ballari,2026-02-08,AB+,2,False,
USG001544,FAC006,Ballari,2026-02-13,O+,2,False,
USG001545,FAC006,Ballari,2026-02-14,O-,1,False,
USG001546,FAC006,Ballari,2026-02-15,A+,3,False,
USG001547,FAC006,Ballari,2026-02-18,A+,1,False,
USG001548,FAC006,Ballari,2026-02-19,O+,3,False,
USG001549,FAC006,Ballari,2026-02-21,O-,2,False,
USG001550,FAC006,Ballari,2026-02-24,B+,1,False,
USG001551,FAC006,Ballari,2026-02-25,A+,1,False,
USG001552,FAC006,Ballari,2026-02-26,O+,1,False,
USG001553,FAC006,Ballari,2026-02-26,B+,3,False,
USG001554,FAC006,Ballari,2026-02-26,A-,1,False,
USG001555,FAC006,Ballari,2026-03-02,O+,1,False,
USG001556,FAC006,Ballari,2026-03-02,O-,3,False,
USG001557,FAC006,Ballari,2026-03-03,B+,2,False,
USG001558,FAC006,Ballari,2026-03-04,A-,1,False,
USG001559,FAC006,Ballari,2026-03-09,O+,1,False,
USG001560,FAC006,Ballari,2026-03-10,B+,2,False,
USG001561,FAC006,Ballari,2026-03-12,A+,1,False,
USG001562,FAC006,Ballari,2026-03-15,O-,1,False,
USG001563,FAC006,Ballari,2026-03-19,B+,1,False,
USG001564,FAC006,Ballari,2026-03-20,AB-,1,False,
USG001565,FAC006,Ballari,2026-03-22,B+,1,False,
USG001566,FAC006,Ballari,2026-03-22,AB-,1,False,
USG001567,FAC006,Ballari,2026-03-28,AB-,3,False,
USG001568,FAC006,Ballari,2026-03-30,O+,1,False,
USG001569,FAC006,Ballari,2026-04-01,O+,3,False,
USG001570,FAC006,Ballari,2026-04-17,B+,3,False,
USG001571,FAC006,Ballari,2026-04-18,B+,3,False,
USG001572,FAC006,Ballari,2026-04-22,O-,3,False,
USG001573,FAC006,Ballari,2026-04-24,A+,2,False,
USG001574,FAC006,Ballari,2026-04-26,A+,1,False,
USG001575,FAC006,Ballari,2026-04-27,O+,1,False,
USG001576,FAC006,Ballari,2026-04-27,A-,2,False,
USG001577,FAC006,Ballari,2026-04-29,A+,1,False,
USG001578,FAC006,Ballari,2026-05-03,AB+,2,False,
USG001579,FAC006,Ballari,2026-05-05,O+,2,False,
USG001580,FAC006,Ballari,2026-05-05,A+,2,False,
USG001581,FAC006,Ballari,2026-05-15,A+,3,False,
USG001582,FAC006,Ballari,2026-05-16,A+,3,False,
USG001583,FAC006,Ballari,2026-05-17,A+,3,False,
USG001584,FAC006,Ballari,2026-05-20,B+,1,False,
USG001585,FAC006,Ballari,2026-05-21,A+,3,False,
USG001586,FAC006,Ballari,2026-05-22,A-,1,False,
USG001587,FAC006,Ballari,2026-05-22,AB-,1,False,
USG001588,FAC006,Ballari,2026-05-23,A+,3,False,
USG001589,FAC006,Ballari,2026-05-24,B+,1,False,
USG001590,FAC006,Ballari,2026-05-27,B+,2,False,
USG001591,FAC006,Ballari,2026-05-31,O+,1,False,
USG001592,FAC006,Ballari,2026-06-01,AB+,2,False,
USG001593,FAC006,Ballari,2026-06-04,B+,1,False,
USG001594,FAC006,Ballari,2026-06-11,O+,2,False,
USG001595,FAC006,Ballari,2026-06-16,O+,3,False,
USG001596,FAC006,Ballari,2026-06-16,A+,1,False,
USG001597,FAC006,Ballari,2026-06-26,A+,1,False,
USG001598,FAC006,Ballari,2026-06-27,O-,3,False,
USG001599,FAC006,Ballari,2026-07-05,A-,2,False,
USG001600,FAC006,Ballari,2026-07-07,B+,1,False,
USG001601,FAC006,Ballari,2026-07-09,O+,3,False,
USG001602,FAC006,Ballari,2026-07-09,O-,2,False,
USG001603,FAC006,Ballari,2026-07-10,A+,2,False,
USG001604,FAC006,Ballari,2026-07-13,B+,2,False,
USG001605,FAC006,Ballari,2026-07-17,B+,1,True,Monsoon peak flood-risk weeks
USG001606,FAC006,Ballari,2026-07-17,A+,5,True,Monsoon peak flood-risk weeks
USG001607,FAC006,Ballari,2026-07-19,O+,3,True,Monsoon peak flood-risk weeks
USG001608,FAC006,Ballari,2026-07-19,B+,5,True,Monsoon peak flood-risk weeks
USG001609,FAC006,Ballari,2026-07-21,AB-,3,True,Monsoon peak flood-risk weeks
USG001610,FAC006,Ballari,2026-07-22,O+,1,True,Monsoon peak flood-risk weeks
USG001611,FAC006,Ballari,2026-07-25,O+,3,True,Monsoon peak flood-risk weeks
USG001612,FAC006,Ballari,2026-07-28,O+,3,True,Monsoon peak flood-risk weeks
USG001613,FAC006,Ballari,2026-07-29,B+,4,True,Monsoon peak flood-risk weeks
USG001614,FAC006,Ballari,2026-07-30,O+,3,True,Monsoon peak flood-risk weeks
USG001615,FAC006,Ballari,2026-08-01,B+,3,True,Monsoon peak flood-risk weeks
USG001616,FAC006,Ballari,2026-08-01,O-,5,True,Monsoon peak flood-risk weeks
USG001617,FAC007,Ballari,2025-08-17,A+,1,False,
USG001618,FAC007,Ballari,2025-08-23,O+,1,False,
USG001619,FAC007,Ballari,2025-08-24,B+,1,False,
USG001620,FAC007,Ballari,2025-08-28,O+,2,False,
USG001621,FAC007,Ballari,2025-09-15,A+,1,False,
USG001622,FAC007,Ballari,2025-09-20,A+,2,True,Festival travel peak (Dasara)
USG001623,FAC007,Ballari,2025-09-29,A+,3,True,Festival travel peak (Dasara)
USG001624,FAC007,Ballari,2025-10-11,B+,1,False,
USG001625,FAC007,Ballari,2025-10-15,A+,2,False,
USG001626,FAC007,Ballari,2025-10-18,B+,2,False,
USG001627,FAC007,Ballari,2025-10-31,O-,1,False,
USG001628,FAC007,Ballari,2025-11-05,O+,1,False,
USG001629,FAC007,Ballari,2025-11-29,A+,2,False,
USG001630,FAC007,Ballari,2025-12-09,B+,1,False,
USG001631,FAC007,Ballari,2025-12-23,A+,2,False,
USG001632,FAC007,Ballari,2025-12-27,B+,2,False,
USG001633,FAC007,Ballari,2025-12-30,O+,2,True,New Year travel period
USG001634,FAC007,Ballari,2026-01-05,A+,1,False,
USG001635,FAC007,Ballari,2026-01-06,A+,1,False,
USG001636,FAC007,Ballari,2026-01-23,O-,1,False,
USG001637,FAC007,Ballari,2026-01-30,O+,1,False,
USG001638,FAC007,Ballari,2026-02-03,A+,2,False,
USG001639,FAC007,Ballari,2026-02-05,O+,1,False,
USG001640,FAC007,Ballari,2026-02-17,A+,2,False,
USG001641,FAC007,Ballari,2026-02-23,O+,2,False,
USG001642,FAC007,Ballari,2026-03-12,B+,2,False,
USG001643,FAC007,Ballari,2026-03-14,B+,2,False,
USG001644,FAC007,Ballari,2026-03-27,A+,2,False,
USG001645,FAC007,Ballari,2026-03-31,O+,1,False,
USG001646,FAC007,Ballari,2026-04-08,B+,2,False,
USG001647,FAC007,Ballari,2026-04-21,B+,1,False,
USG001648,FAC007,Ballari,2026-04-21,O+,2,False,
USG001649,FAC007,Ballari,2026-04-23,B+,1,False,
USG001650,FAC007,Ballari,2026-04-24,B+,1,False,
USG001651,FAC007,Ballari,2026-05-23,O+,2,False,
USG001652,FAC007,Ballari,2026-05-25,B+,1,False,
USG001653,FAC007,Ballari,2026-05-30,A+,2,False,
USG001654,FAC007,Ballari,2026-06-09,O-,2,False,
USG001655,FAC007,Ballari,2026-06-26,A+,2,False,
USG001656,FAC007,Ballari,2026-06-30,A+,1,False,
USG001657,FAC007,Ballari,2026-07-04,B+,1,False,
USG001658,FAC007,Ballari,2026-07-16,O+,1,True,Monsoon peak flood-risk weeks
USG001659,FAC007,Ballari,2026-07-25,O+,3,True,Monsoon peak flood-risk weeks
USG001660,FAC007,Ballari,2026-07-26,O-,3,True,Monsoon peak flood-risk weeks
USG001661,FAC007,Ballari,2026-07-27,O+,2,True,Monsoon peak flood-risk weeks
USG001662,FAC007,Ballari,2026-08-01,A+,3,True,Monsoon peak flood-risk weeks
USG001663,FAC008,Ballari,2025-08-04,A+,1,True,Monsoon peak flood-risk weeks
USG001664,FAC008,Ballari,2025-08-08,B+,1,False,
USG001665,FAC008,Ballari,2025-08-26,B+,1,False,
USG001666,FAC008,Ballari,2025-09-13,A+,1,False,
USG001667,FAC008,Ballari,2025-09-28,O-,1,True,Festival travel peak (Dasara)
USG001668,FAC008,Ballari,2025-09-30,B+,3,True,Festival travel peak (Dasara)
USG001669,FAC008,Ballari,2025-10-01,O+,2,True,Festival travel peak (Dasara)
USG001670,FAC008,Ballari,2025-10-08,B+,2,True,Festival travel peak (Dasara)
USG001671,FAC008,Ballari,2025-10-08,O+,3,True,Festival travel peak (Dasara)
USG001672,FAC008,Ballari,2025-10-18,B+,1,False,
USG001673,FAC008,Ballari,2025-10-19,B+,2,False,
USG001674,FAC008,Ballari,2025-10-20,B+,1,False,
USG001675,FAC008,Ballari,2025-11-03,B+,1,False,
USG001676,FAC008,Ballari,2025-12-21,A+,1,False,
USG001677,FAC008,Ballari,2025-12-25,B+,1,False,
USG001678,FAC008,Ballari,2025-12-29,B+,2,False,
USG001679,FAC008,Ballari,2026-01-01,O+,3,True,New Year travel period
USG001680,FAC008,Ballari,2026-01-19,B+,2,False,
USG001681,FAC008,Ballari,2026-01-22,O+,1,False,
USG001682,FAC008,Ballari,2026-02-04,A+,1,True,Local incident spike
USG001683,FAC008,Ballari,2026-02-06,O+,2,False,
USG001684,FAC008,Ballari,2026-02-07,B+,2,False,
USG001685,FAC008,Ballari,2026-02-10,O+,2,False,
USG001686,FAC008,Ballari,2026-02-15,B+,2,False,
USG001687,FAC008,Ballari,2026-02-27,A+,2,False,
USG001688,FAC008,Ballari,2026-02-28,O+,1,False,
USG001689,FAC008,Ballari,2026-03-02,O+,2,False,
USG001690,FAC008,Ballari,2026-03-25,A+,1,False,
USG001691,FAC008,Ballari,2026-04-01,O-,2,False,
USG001692,FAC008,Ballari,2026-04-05,A+,2,False,
USG001693,FAC008,Ballari,2026-04-07,A+,2,False,
USG001694,FAC008,Ballari,2026-04-11,A+,1,False,
USG001695,FAC008,Ballari,2026-04-21,A+,2,False,
USG001696,FAC008,Ballari,2026-04-28,A+,1,False,
USG001697,FAC008,Ballari,2026-05-22,A+,1,False,
USG001698,FAC008,Ballari,2026-06-03,O-,2,False,
USG001699,FAC008,Ballari,2026-06-13,O-,2,False,
USG001700,FAC008,Ballari,2026-06-14,A+,1,False,
USG001701,FAC008,Ballari,2026-06-26,B+,1,False,
USG001702,FAC008,Ballari,2026-07-06,B+,1,False,
USG001703,FAC008,Ballari,2026-07-07,A+,2,False,
USG001704,FAC008,Ballari,2026-07-14,O+,1,False,
USG001705,FAC008,Ballari,2026-07-18,O+,3,True,Monsoon peak flood-risk weeks
USG001706,FAC008,Ballari,2026-07-21,B+,2,True,Monsoon peak flood-risk weeks
USG001707,FAC008,Ballari,2026-08-01,A+,2,True,Monsoon peak flood-risk weeks
USG001708,FAC009,Ballari,2025-08-06,B+,2,False,
USG001709,FAC009,Ballari,2025-08-07,O+,1,False,
USG001710,FAC009,Ballari,2025-09-04,O+,2,False,
USG001711,FAC009,Ballari,2025-09-07,O+,2,False,
USG001712,FAC009,Ballari,2025-09-11,O+,2,False,
USG001713,FAC009,Ballari,2025-09-17,B+,3,True,Festival travel peak (Dasara)
USG001714,FAC009,Ballari,2025-09-20,O+,3,True,Festival travel peak (Dasara)
USG001715,FAC009,Ballari,2025-10-09,A+,1,True,Festival travel peak (Dasara)
USG001716,FAC009,Ballari,2025-10-20,B+,2,False,
USG001717,FAC009,Ballari,2025-10-22,O+,2,False,
USG001718,FAC009,Ballari,2025-10-29,O+,1,False,
USG001719,FAC009,Ballari,2025-11-03,O+,1,False,
USG001720,FAC009,Ballari,2025-11-06,B+,1,False,
USG001721,FAC009,Ballari,2025-11-11,O+,2,False,
USG001722,FAC009,Ballari,2025-11-15,O+,2,False,
USG001723,FAC009,Ballari,2025-11-20,O-,2,False,
USG001724,FAC009,Ballari,2025-11-24,A+,1,False,
USG001725,FAC009,Ballari,2025-12-06,A+,2,False,
USG001726,FAC009,Ballari,2025-12-11,B+,2,False,
USG001727,FAC009,Ballari,2025-12-13,O+,1,False,
USG001728,FAC009,Ballari,2026-01-18,B+,2,True,Local incident spike
USG001729,FAC009,Ballari,2026-01-27,O+,2,False,
USG001730,FAC009,Ballari,2026-02-06,O+,2,False,
USG001731,FAC009,Ballari,2026-02-11,B+,1,False,
USG001732,FAC009,Ballari,2026-02-19,B+,1,False,
USG001733,FAC009,Ballari,2026-02-20,O+,2,False,
USG001734,FAC009,Ballari,2026-03-01,A+,2,False,
USG001735,FAC009,Ballari,2026-03-16,O+,2,False,
USG001736,FAC009,Ballari,2026-04-11,O+,2,False,
USG001737,FAC009,Ballari,2026-04-20,O-,2,False,
USG001738,FAC009,Ballari,2026-05-21,O+,1,False,
USG001739,FAC009,Ballari,2026-06-01,O+,1,False,
USG001740,FAC009,Ballari,2026-06-13,A+,2,False,
USG001741,FAC009,Ballari,2026-07-10,A+,2,False,
USG001742,FAC009,Ballari,2026-07-19,B+,3,True,Monsoon peak flood-risk weeks
USG001743,FAC009,Ballari,2026-07-21,B+,3,True,Monsoon peak flood-risk weeks
USG001744,FAC009,Ballari,2026-07-22,B+,3,True,Monsoon peak flood-risk weeks
USG001745,FAC009,Ballari,2026-07-22,O-,3,True,Monsoon peak flood-risk weeks
USG001746,FAC009,Ballari,2026-07-29,O+,3,True,Monsoon peak flood-risk weeks
USG001747,FAC010,Vijayanagara,2025-08-02,B+,2,True,Monsoon peak flood-risk weeks
USG001748,FAC010,Vijayanagara,2025-08-02,AB+,5,True,Monsoon peak flood-risk weeks
USG001749,FAC010,Vijayanagara,2025-08-02,A-,6,True,Monsoon peak flood-risk weeks
USG001750,FAC010,Vijayanagara,2025-08-02,B-,2,True,Monsoon peak flood-risk weeks
USG001751,FAC010,Vijayanagara,2025-08-02,AB-,4,True,Monsoon peak flood-risk weeks
USG001752,FAC010,Vijayanagara,2025-08-03,O+,4,True,Monsoon peak flood-risk weeks
USG001753,FAC010,Vijayanagara,2025-08-03,B+,5,True,Monsoon peak flood-risk weeks
USG001754,FAC010,Vijayanagara,2025-08-03,A+,2,True,Monsoon peak flood-risk weeks
USG001755,FAC010,Vijayanagara,2025-08-04,A+,3,True,Monsoon peak flood-risk weeks
USG001756,FAC010,Vijayanagara,2025-08-05,O+,3,True,Monsoon peak flood-risk weeks
USG001757,FAC010,Vijayanagara,2025-08-05,A+,3,True,Monsoon peak flood-risk weeks
USG001758,FAC010,Vijayanagara,2025-08-07,O-,3,False,
USG001759,FAC010,Vijayanagara,2025-08-07,AB-,4,False,
USG001760,FAC010,Vijayanagara,2025-08-09,O+,1,False,
USG001761,FAC010,Vijayanagara,2025-08-10,O+,4,False,
USG001762,FAC010,Vijayanagara,2025-08-10,AB+,2,False,
USG001763,FAC010,Vijayanagara,2025-08-11,O+,3,False,
USG001764,FAC010,Vijayanagara,2025-08-11,A+,3,False,
USG001765,FAC010,Vijayanagara,2025-08-14,A+,1,False,
USG001766,FAC010,Vijayanagara,2025-08-16,B+,2,False,
USG001767,FAC010,Vijayanagara,2025-08-16,AB+,2,False,
USG001768,FAC010,Vijayanagara,2025-08-17,B+,2,False,
USG001769,FAC010,Vijayanagara,2025-08-18,A+,4,False,
USG001770,FAC010,Vijayanagara,2025-08-19,O+,3,False,
USG001771,FAC010,Vijayanagara,2025-08-19,O-,1,False,
USG001772,FAC010,Vijayanagara,2025-08-21,O+,2,False,
USG001773,FAC010,Vijayanagara,2025-08-22,O+,3,False,
USG001774,FAC010,Vijayanagara,2025-08-22,B+,2,False,
USG001775,FAC010,Vijayanagara,2025-08-22,A+,1,False,
USG001776,FAC010,Vijayanagara,2025-08-22,O-,2,False,
USG001777,FAC010,Vijayanagara,2025-08-23,AB+,1,False,
USG001778,FAC010,Vijayanagara,2025-08-24,O+,3,False,
USG001779,FAC010,Vijayanagara,2025-08-26,A+,2,False,
USG001780,FAC010,Vijayanagara,2025-08-26,AB+,4,False,
USG001781,FAC010,Vijayanagara,2025-08-27,O+,3,False,
USG001782,FAC010,Vijayanagara,2025-08-27,A-,1,False,
USG001783,FAC010,Vijayanagara,2025-08-29,B-,1,False,
USG001784,FAC010,Vijayanagara,2025-08-30,O+,1,False,
USG001785,FAC010,Vijayanagara,2025-08-30,O-,1,False,
USG001786,FAC010,Vijayanagara,2025-09-03,O+,2,False,
USG001787,FAC010,Vijayanagara,2025-09-03,AB+,2,False,
USG001788,FAC010,Vijayanagara,2025-09-04,A+,2,False,
USG001789,FAC010,Vijayanagara,2025-09-04,O-,2,False,
USG001790,FAC010,Vijayanagara,2025-09-07,B+,1,False,
USG001791,FAC010,Vijayanagara,2025-09-07,O-,4,False,
USG001792,FAC010,Vijayanagara,2025-09-11,O+,3,False,
USG001793,FAC010,Vijayanagara,2025-09-11,AB+,4,False,
USG001794,FAC010,Vijayanagara,2025-09-15,AB+,2,False,
USG001795,FAC010,Vijayanagara,2025-09-16,O-,5,True,Festival travel peak (Dasara)
USG001796,FAC010,Vijayanagara,2025-09-18,O+,6,True,Festival travel peak (Dasara)
USG001797,FAC010,Vijayanagara,2025-09-19,O-,6,True,Festival travel peak (Dasara)
USG001798,FAC010,Vijayanagara,2025-09-20,B+,3,True,Festival travel peak (Dasara)
USG001799,FAC010,Vijayanagara,2025-09-20,A-,2,True,Festival travel peak (Dasara)
USG001800,FAC010,Vijayanagara,2025-09-21,O+,2,True,Festival travel peak (Dasara)
USG001801,FAC010,Vijayanagara,2025-09-22,B+,3,True,Festival travel peak (Dasara)
USG001802,FAC010,Vijayanagara,2025-09-22,O-,4,True,Festival travel peak (Dasara)
USG001803,FAC010,Vijayanagara,2025-09-23,B+,3,True,Festival travel peak (Dasara)
USG001804,FAC010,Vijayanagara,2025-09-24,B+,5,True,Festival travel peak (Dasara)
USG001805,FAC010,Vijayanagara,2025-09-24,O-,3,True,Festival travel peak (Dasara)
USG001806,FAC010,Vijayanagara,2025-09-24,AB-,3,True,Festival travel peak (Dasara)
USG001807,FAC010,Vijayanagara,2025-09-25,AB+,4,True,Festival travel peak (Dasara)
USG001808,FAC010,Vijayanagara,2025-09-25,O-,5,True,Festival travel peak (Dasara)
USG001809,FAC010,Vijayanagara,2025-09-26,O+,1,True,Festival travel peak (Dasara)
USG001810,FAC010,Vijayanagara,2025-09-26,A-,5,True,Festival travel peak (Dasara)
USG001811,FAC010,Vijayanagara,2025-09-26,B-,1,True,Festival travel peak (Dasara)
USG001812,FAC010,Vijayanagara,2025-09-26,AB-,6,True,Festival travel peak (Dasara)
USG001813,FAC010,Vijayanagara,2025-09-27,B+,3,True,Festival travel peak (Dasara)
USG001814,FAC010,Vijayanagara,2025-09-27,A+,1,True,Festival travel peak (Dasara)
USG001815,FAC010,Vijayanagara,2025-09-27,AB-,2,True,Festival travel peak (Dasara)
USG001816,FAC010,Vijayanagara,2025-09-28,O+,6,True,Festival travel peak (Dasara)
USG001817,FAC010,Vijayanagara,2025-09-28,AB+,6,True,Festival travel peak (Dasara)
USG001818,FAC010,Vijayanagara,2025-09-28,O-,1,True,Festival travel peak (Dasara)
USG001819,FAC010,Vijayanagara,2025-09-28,AB-,3,True,Festival travel peak (Dasara)
USG001820,FAC010,Vijayanagara,2025-09-29,O+,1,True,Festival travel peak (Dasara)
USG001821,FAC010,Vijayanagara,2025-09-29,B-,7,True,Festival travel peak (Dasara)
USG001822,FAC010,Vijayanagara,2025-09-30,A-,2,True,Festival travel peak (Dasara)
USG001823,FAC010,Vijayanagara,2025-10-01,B+,3,True,Festival travel peak (Dasara)
USG001824,FAC010,Vijayanagara,2025-10-01,AB+,5,True,Festival travel peak (Dasara)
USG001825,FAC010,Vijayanagara,2025-10-02,O+,3,True,Festival travel peak (Dasara)
USG001826,FAC010,Vijayanagara,2025-10-03,AB+,5,True,Festival travel peak (Dasara)
USG001827,FAC010,Vijayanagara,2025-10-04,O+,3,True,Festival travel peak (Dasara)
USG001828,FAC010,Vijayanagara,2025-10-05,AB+,5,True,Festival travel peak (Dasara)
USG001829,FAC010,Vijayanagara,2025-10-06,AB+,7,True,Festival travel peak (Dasara)
USG001830,FAC010,Vijayanagara,2025-10-06,A-,5,True,Festival travel peak (Dasara)
USG001831,FAC010,Vijayanagara,2025-10-06,AB-,7,True,Festival travel peak (Dasara)
USG001832,FAC010,Vijayanagara,2025-10-07,O+,4,True,Festival travel peak (Dasara)
USG001833,FAC010,Vijayanagara,2025-10-08,O+,3,True,Festival travel peak (Dasara)
USG001834,FAC010,Vijayanagara,2025-10-08,O-,1,True,Festival travel peak (Dasara)
USG001835,FAC010,Vijayanagara,2025-10-08,AB-,3,True,Festival travel peak (Dasara)
USG001836,FAC010,Vijayanagara,2025-10-09,O+,3,True,Festival travel peak (Dasara)
USG001837,FAC010,Vijayanagara,2025-10-09,B+,3,True,Festival travel peak (Dasara)
USG001838,FAC010,Vijayanagara,2025-10-12,B-,3,False,
USG001839,FAC010,Vijayanagara,2025-10-14,O+,2,False,
USG001840,FAC010,Vijayanagara,2025-10-14,B+,1,False,
USG001841,FAC010,Vijayanagara,2025-10-14,B-,1,False,
USG001842,FAC010,Vijayanagara,2025-10-15,O+,3,True,Local incident spike
USG001843,FAC010,Vijayanagara,2025-10-15,A-,4,True,Local incident spike
USG001844,FAC010,Vijayanagara,2025-10-15,AB-,7,True,Local incident spike
USG001845,FAC010,Vijayanagara,2025-10-16,A+,1,False,
USG001846,FAC010,Vijayanagara,2025-10-18,O+,4,False,
USG001847,FAC010,Vijayanagara,2025-10-20,O+,2,False,
USG001848,FAC010,Vijayanagara,2025-10-20,B+,4,False,
USG001849,FAC010,Vijayanagara,2025-10-22,O+,1,False,
USG001850,FAC010,Vijayanagara,2025-10-22,O-,4,False,
USG001851,FAC010,Vijayanagara,2025-10-23,B+,1,False,
USG001852,FAC010,Vijayanagara,2025-10-25,B-,1,True,Local incident spike
USG001853,FAC010,Vijayanagara,2025-10-25,AB-,2,True,Local incident spike
USG001854,FAC010,Vijayanagara,2025-10-27,B+,2,False,
USG001855,FAC010,Vijayanagara,2025-10-27,O-,2,False,
USG001856,FAC010,Vijayanagara,2025-10-27,B-,2,False,
USG001857,FAC010,Vijayanagara,2025-10-27,AB-,3,False,
USG001858,FAC010,Vijayanagara,2025-10-28,AB+,4,False,
USG001859,FAC010,Vijayanagara,2025-10-29,B+,2,False,
USG001860,FAC010,Vijayanagara,2025-10-29,O-,3,False,
USG001861,FAC010,Vijayanagara,2025-10-31,A-,4,False,
USG001862,FAC010,Vijayanagara,2025-11-01,AB+,1,False,
USG001863,FAC010,Vijayanagara,2025-11-02,AB+,1,False,
USG001864,FAC010,Vijayanagara,2025-11-05,O+,4,False,
USG001865,FAC010,Vijayanagara,2025-11-05,B+,2,False,
USG001866,FAC010,Vijayanagara,2025-11-08,B+,3,False,
USG001867,FAC010,Vijayanagara,2025-11-12,O+,4,False,
USG001868,FAC010,Vijayanagara,2025-11-12,B+,1,False,
USG001869,FAC010,Vijayanagara,2025-11-12,A-,3,False,
USG001870,FAC010,Vijayanagara,2025-11-12,AB-,2,False,
USG001871,FAC010,Vijayanagara,2025-11-14,A-,1,False,
USG001872,FAC010,Vijayanagara,2025-11-15,B+,4,False,
USG001873,FAC010,Vijayanagara,2025-11-15,AB+,3,False,
USG001874,FAC010,Vijayanagara,2025-11-15,B-,3,False,
USG001875,FAC010,Vijayanagara,2025-11-16,O+,2,False,
USG001876,FAC010,Vijayanagara,2025-11-17,O+,4,False,
USG001877,FAC010,Vijayanagara,2025-11-17,A+,2,False,
USG001878,FAC010,Vijayanagara,2025-11-18,AB-,3,False,
USG001879,FAC010,Vijayanagara,2025-11-19,A+,3,False,
USG001880,FAC010,Vijayanagara,2025-11-20,A+,4,False,
USG001881,FAC010,Vijayanagara,2025-11-24,O+,4,False,
USG001882,FAC010,Vijayanagara,2025-11-24,O-,4,False,
USG001883,FAC010,Vijayanagara,2025-11-24,AB-,3,False,
USG001884,FAC010,Vijayanagara,2025-11-27,A+,1,False,
USG001885,FAC010,Vijayanagara,2025-11-28,O+,2,False,
USG001886,FAC010,Vijayanagara,2025-11-29,A+,3,False,
USG001887,FAC010,Vijayanagara,2025-11-30,A+,2,False,
USG001888,FAC010,Vijayanagara,2025-11-30,B-,2,False,
USG001889,FAC010,Vijayanagara,2025-12-02,O+,4,False,
USG001890,FAC010,Vijayanagara,2025-12-03,A+,1,False,
USG001891,FAC010,Vijayanagara,2025-12-03,B-,2,False,
USG001892,FAC010,Vijayanagara,2025-12-04,O+,4,False,
USG001893,FAC010,Vijayanagara,2025-12-04,A+,4,False,
USG001894,FAC010,Vijayanagara,2025-12-05,O+,3,False,
USG001895,FAC010,Vijayanagara,2025-12-06,A+,1,False,
USG001896,FAC010,Vijayanagara,2025-12-07,A-,4,False,
USG001897,FAC010,Vijayanagara,2025-12-10,O+,4,False,
USG001898,FAC010,Vijayanagara,2025-12-10,B+,3,False,
USG001899,FAC010,Vijayanagara,2025-12-11,A-,2,False,
USG001900,FAC010,Vijayanagara,2025-12-12,AB+,3,False,
USG001901,FAC010,Vijayanagara,2025-12-12,O-,3,False,
USG001902,FAC010,Vijayanagara,2025-12-13,B+,4,False,
USG001903,FAC010,Vijayanagara,2025-12-14,O-,3,False,
USG001904,FAC010,Vijayanagara,2025-12-15,O+,2,False,
USG001905,FAC010,Vijayanagara,2025-12-16,B+,3,False,
USG001906,FAC010,Vijayanagara,2025-12-16,A+,3,False,
USG001907,FAC010,Vijayanagara,2025-12-16,AB-,3,False,
USG001908,FAC010,Vijayanagara,2025-12-17,B+,3,False,
USG001909,FAC010,Vijayanagara,2025-12-19,O-,2,False,
USG001910,FAC010,Vijayanagara,2025-12-20,B+,3,False,
USG001911,FAC010,Vijayanagara,2025-12-21,B+,1,False,
USG001912,FAC010,Vijayanagara,2025-12-24,B+,2,False,
USG001913,FAC010,Vijayanagara,2025-12-24,A+,3,False,
USG001914,FAC010,Vijayanagara,2025-12-24,O-,2,False,
USG001915,FAC010,Vijayanagara,2025-12-24,A-,4,False,
USG001916,FAC010,Vijayanagara,2025-12-25,A+,2,False,
USG001917,FAC010,Vijayanagara,2025-12-25,B-,3,False,
USG001918,FAC010,Vijayanagara,2025-12-27,O-,2,False,
USG001919,FAC010,Vijayanagara,2025-12-28,O+,2,False,
USG001920,FAC010,Vijayanagara,2025-12-28,O-,3,False,
USG001921,FAC010,Vijayanagara,2025-12-29,O+,3,False,
USG001922,FAC010,Vijayanagara,2025-12-29,B+,1,False,
USG001923,FAC010,Vijayanagara,2025-12-29,A+,2,False,
USG001924,FAC010,Vijayanagara,2025-12-29,A-,2,False,
USG001925,FAC010,Vijayanagara,2025-12-30,A+,6,True,New Year travel period
USG001926,FAC010,Vijayanagara,2025-12-30,AB-,7,True,New Year travel period
USG001927,FAC010,Vijayanagara,2026-01-01,O+,4,True,New Year travel period
USG001928,FAC010,Vijayanagara,2026-01-01,B+,2,True,New Year travel period
USG001929,FAC010,Vijayanagara,2026-01-03,O+,1,False,
USG001930,FAC010,Vijayanagara,2026-01-03,AB+,3,False,
USG001931,FAC010,Vijayanagara,2026-01-04,B+,4,False,
USG001932,FAC010,Vijayanagara,2026-01-06,A+,4,False,
USG001933,FAC010,Vijayanagara,2026-01-08,O+,2,False,
USG001934,FAC010,Vijayanagara,2026-01-09,A-,1,False,
USG001935,FAC010,Vijayanagara,2026-01-11,A-,3,False,
USG001936,FAC010,Vijayanagara,2026-01-12,O-,6,True,Local incident spike
USG001937,FAC010,Vijayanagara,2026-01-12,AB-,3,True,Local incident spike
USG001938,FAC010,Vijayanagara,2026-01-14,AB-,3,False,
USG001939,FAC010,Vijayanagara,2026-01-15,A+,3,False,
USG001940,FAC010,Vijayanagara,2026-01-15,AB+,2,False,
USG001941,FAC010,Vijayanagara,2026-01-16,O+,4,False,
USG001942,FAC010,Vijayanagara,2026-01-16,B+,2,False,
USG001943,FAC010,Vijayanagara,2026-01-16,A+,1,False,
USG001944,FAC010,Vijayanagara,2026-01-16,AB-,4,False,
USG001945,FAC010,Vijayanagara,2026-01-18,AB+,2,False,
USG001946,FAC010,Vijayanagara,2026-01-20,A+,1,False,
USG001947,FAC010,Vijayanagara,2026-01-23,A+,2,False,
USG001948,FAC010,Vijayanagara,2026-01-24,AB+,2,False,
USG001949,FAC010,Vijayanagara,2026-01-24,A-,1,False,
USG001950,FAC010,Vijayanagara,2026-01-25,O+,2,False,
USG001951,FAC010,Vijayanagara,2026-01-25,B+,2,False,
USG001952,FAC010,Vijayanagara,2026-01-26,AB+,1,False,
USG001953,FAC010,Vijayanagara,2026-01-26,B-,4,False,
USG001954,FAC010,Vijayanagara,2026-01-29,O+,2,False,
USG001955,FAC010,Vijayanagara,2026-01-29,B+,3,False,
USG001956,FAC010,Vijayanagara,2026-01-29,B-,2,False,
USG001957,FAC010,Vijayanagara,2026-01-30,B+,3,False,
USG001958,FAC010,Vijayanagara,2026-01-31,O+,2,False,
USG001959,FAC010,Vijayanagara,2026-01-31,A+,4,False,
USG001960,FAC010,Vijayanagara,2026-02-01,A-,2,False,
USG001961,FAC010,Vijayanagara,2026-02-01,B-,4,False,
USG001962,FAC010,Vijayanagara,2026-02-03,A+,3,False,
USG001963,FAC010,Vijayanagara,2026-02-03,O-,2,False,
USG001964,FAC010,Vijayanagara,2026-02-04,B-,2,False,
USG001965,FAC010,Vijayanagara,2026-02-05,AB+,2,False,
USG001966,FAC010,Vijayanagara,2026-02-06,B+,2,False,
USG001967,FAC010,Vijayanagara,2026-02-08,A+,1,False,
USG001968,FAC010,Vijayanagara,2026-02-10,O+,3,False,
USG001969,FAC010,Vijayanagara,2026-02-14,B+,2,False,
USG001970,FAC010,Vijayanagara,2026-02-15,B+,4,False,
USG001971,FAC010,Vijayanagara,2026-02-16,O+,3,False,
USG001972,FAC010,Vijayanagara,2026-02-16,AB+,3,False,
USG001973,FAC010,Vijayanagara,2026-02-16,A-,2,False,
USG001974,FAC010,Vijayanagara,2026-02-16,AB-,2,False,
USG001975,FAC010,Vijayanagara,2026-02-17,A-,4,False,
USG001976,FAC010,Vijayanagara,2026-02-18,O+,4,False,
USG001977,FAC010,Vijayanagara,2026-02-19,B-,4,False,
USG001978,FAC010,Vijayanagara,2026-02-21,O-,3,False,
USG001979,FAC010,Vijayanagara,2026-02-23,O+,4,False,
USG001980,FAC010,Vijayanagara,2026-02-24,B-,3,False,
USG001981,FAC010,Vijayanagara,2026-02-27,A+,4,False,
USG001982,FAC010,Vijayanagara,2026-02-28,O+,2,False,
USG001983,FAC010,Vijayanagara,2026-03-01,AB+,3,False,
USG001984,FAC010,Vijayanagara,2026-03-01,AB-,1,False,
USG001985,FAC010,Vijayanagara,2026-03-04,B+,3,False,
USG001986,FAC010,Vijayanagara,2026-03-05,O+,3,False,
USG001987,FAC010,Vijayanagara,2026-03-06,B+,1,False,
USG001988,FAC010,Vijayanagara,2026-03-10,O+,4,False,
USG001989,FAC010,Vijayanagara,2026-03-10,A+,2,False,
USG001990,FAC010,Vijayanagara,2026-03-10,AB+,3,False,
USG001991,FAC010,Vijayanagara,2026-03-12,O+,2,False,
USG001992,FAC010,Vijayanagara,2026-03-16,A+,2,True,Local incident spike
USG001993,FAC010,Vijayanagara,2026-03-18,B+,3,False,
USG001994,FAC010,Vijayanagara,2026-03-18,AB-,2,False,
USG001995,FAC010,Vijayanagara,2026-03-20,B+,4,False,
USG001996,FAC010,Vijayanagara,2026-03-21,O+,1,False,
USG001997,FAC010,Vijayanagara,2026-03-21,AB+,3,False,
USG001998,FAC010,Vijayanagara,2026-03-24,AB+,1,False,
USG001999,FAC010,Vijayanagara,2026-03-24,A-,1,False,
USG002000,FAC010,Vijayanagara,2026-03-24,B-,2,False,
USG002001,FAC010,Vijayanagara,2026-03-26,AB+,1,False,
USG002002,FAC010,Vijayanagara,2026-03-28,AB+,4,False,
USG002003,FAC010,Vijayanagara,2026-03-29,A+,1,False,
USG002004,FAC010,Vijayanagara,2026-03-31,B+,4,False,
USG002005,FAC010,Vijayanagara,2026-04-01,A+,1,False,
USG002006,FAC010,Vijayanagara,2026-04-01,AB-,4,False,
USG002007,FAC010,Vijayanagara,2026-04-03,AB-,2,False,
USG002008,FAC010,Vijayanagara,2026-04-06,O+,3,False,
USG002009,FAC010,Vijayanagara,2026-04-06,B+,2,False,
USG002010,FAC010,Vijayanagara,2026-04-06,A+,3,False,
USG002011,FAC010,Vijayanagara,2026-04-07,B+,2,False,
USG002012,FAC010,Vijayanagara,2026-04-08,O-,3,False,
USG002013,FAC010,Vijayanagara,2026-04-11,O-,1,False,
USG002014,FAC010,Vijayanagara,2026-04-11,AB-,3,False,
USG002015,FAC010,Vijayanagara,2026-04-12,B+,2,False,
USG002016,FAC010,Vijayanagara,2026-04-14,O+,3,False,
USG002017,FAC010,Vijayanagara,2026-04-14,B+,2,False,
USG002018,FAC010,Vijayanagara,2026-04-15,AB+,1,False,
USG002019,FAC010,Vijayanagara,2026-04-15,A-,1,False,
USG002020,FAC010,Vijayanagara,2026-04-16,O-,4,False,
USG002021,FAC010,Vijayanagara,2026-04-18,O+,2,False,
USG002022,FAC010,Vijayanagara,2026-04-18,A+,4,False,
USG002023,FAC010,Vijayanagara,2026-04-18,AB-,3,False,
USG002024,FAC010,Vijayanagara,2026-04-19,O-,1,False,
USG002025,FAC010,Vijayanagara,2026-04-20,A+,2,False,
USG002026,FAC010,Vijayanagara,2026-04-21,A+,1,False,
USG002027,FAC010,Vijayanagara,2026-04-22,O-,2,False,
USG002028,FAC010,Vijayanagara,2026-04-23,A+,2,False,
USG002029,FAC010,Vijayanagara,2026-04-24,B-,4,False,
USG002030,FAC010,Vijayanagara,2026-04-26,O-,1,False,
USG002031,FAC010,Vijayanagara,2026-04-27,B+,4,False,
USG002032,FAC010,Vijayanagara,2026-04-27,A+,1,False,
USG002033,FAC010,Vijayanagara,2026-04-27,B-,3,False,
USG002034,FAC010,Vijayanagara,2026-04-28,B-,1,False,
USG002035,FAC010,Vijayanagara,2026-04-29,O+,3,False,
USG002036,FAC010,Vijayanagara,2026-04-29,O-,4,False,
USG002037,FAC010,Vijayanagara,2026-04-30,O+,4,False,
USG002038,FAC010,Vijayanagara,2026-05-01,A+,4,False,
USG002039,FAC010,Vijayanagara,2026-05-01,O-,2,False,
USG002040,FAC010,Vijayanagara,2026-05-02,A-,3,False,
USG002041,FAC010,Vijayanagara,2026-05-03,B-,3,False,
USG002042,FAC010,Vijayanagara,2026-05-05,A+,1,False,
USG002043,FAC010,Vijayanagara,2026-05-06,AB-,3,False,
USG002044,FAC010,Vijayanagara,2026-05-07,B+,4,False,
USG002045,FAC010,Vijayanagara,2026-05-10,B+,2,False,
USG002046,FAC010,Vijayanagara,2026-05-10,A+,3,False,
USG002047,FAC010,Vijayanagara,2026-05-13,O+,3,False,
USG002048,FAC010,Vijayanagara,2026-05-13,A+,4,False,
USG002049,FAC010,Vijayanagara,2026-05-14,AB-,3,False,
USG002050,FAC010,Vijayanagara,2026-05-16,O+,4,False,
USG002051,FAC010,Vijayanagara,2026-05-17,A+,4,False,
USG002052,FAC010,Vijayanagara,2026-05-18,O+,2,False,
USG002053,FAC010,Vijayanagara,2026-05-18,AB-,3,False,
USG002054,FAC010,Vijayanagara,2026-05-19,A+,3,False,
USG002055,FAC010,Vijayanagara,2026-05-20,O-,3,False,
USG002056,FAC010,Vijayanagara,2026-05-21,AB-,3,False,
USG002057,FAC010,Vijayanagara,2026-05-23,AB+,2,False,
USG002058,FAC010,Vijayanagara,2026-05-23,B-,4,False,
USG002059,FAC010,Vijayanagara,2026-05-25,O-,2,False,
USG002060,FAC010,Vijayanagara,2026-05-26,A-,1,False,
USG002061,FAC010,Vijayanagara,2026-05-28,AB+,2,False,
USG002062,FAC010,Vijayanagara,2026-05-29,O-,1,False,
USG002063,FAC010,Vijayanagara,2026-06-06,O+,4,False,
USG002064,FAC010,Vijayanagara,2026-06-08,B+,3,False,
USG002065,FAC010,Vijayanagara,2026-06-09,A+,3,False,
USG002066,FAC010,Vijayanagara,2026-06-10,O-,3,False,
USG002067,FAC010,Vijayanagara,2026-06-12,B+,2,False,
USG002068,FAC010,Vijayanagara,2026-06-13,O+,1,False,
USG002069,FAC010,Vijayanagara,2026-06-16,O+,4,False,
USG002070,FAC010,Vijayanagara,2026-06-16,B+,4,False,
USG002071,FAC010,Vijayanagara,2026-06-16,A+,1,False,
USG002072,FAC010,Vijayanagara,2026-06-16,A-,1,False,
USG002073,FAC010,Vijayanagara,2026-06-17,O+,4,False,
USG002074,FAC010,Vijayanagara,2026-06-17,O-,4,False,
USG002075,FAC010,Vijayanagara,2026-06-18,B+,2,False,
USG002076,FAC010,Vijayanagara,2026-06-18,A+,3,False,
USG002077,FAC010,Vijayanagara,2026-06-20,AB+,1,False,
USG002078,FAC010,Vijayanagara,2026-06-21,O+,2,False,
USG002079,FAC010,Vijayanagara,2026-06-21,A-,3,False,
USG002080,FAC010,Vijayanagara,2026-06-27,A+,6,True,Local incident spike
USG002081,FAC010,Vijayanagara,2026-06-27,O-,3,True,Local incident spike
USG002082,FAC010,Vijayanagara,2026-06-29,A+,3,False,
USG002083,FAC010,Vijayanagara,2026-07-01,B+,1,False,
USG002084,FAC010,Vijayanagara,2026-07-02,AB+,3,False,
USG002085,FAC010,Vijayanagara,2026-07-03,O+,2,False,
USG002086,FAC010,Vijayanagara,2026-07-04,B+,4,False,
USG002087,FAC010,Vijayanagara,2026-07-05,AB-,1,False,
USG002088,FAC010,Vijayanagara,2026-07-06,A-,1,False,
USG002089,FAC010,Vijayanagara,2026-07-07,B+,2,False,
USG002090,FAC010,Vijayanagara,2026-07-08,B+,4,False,
USG002091,FAC010,Vijayanagara,2026-07-08,AB+,2,False,
USG002092,FAC010,Vijayanagara,2026-07-08,O-,4,False,
USG002093,FAC010,Vijayanagara,2026-07-09,A+,2,False,
USG002094,FAC010,Vijayanagara,2026-07-10,B+,1,False,
USG002095,FAC010,Vijayanagara,2026-07-10,AB-,3,False,
USG002096,FAC010,Vijayanagara,2026-07-12,B-,3,False,
USG002097,FAC010,Vijayanagara,2026-07-13,O+,4,False,
USG002098,FAC010,Vijayanagara,2026-07-13,A+,4,False,
USG002099,FAC010,Vijayanagara,2026-07-13,O-,3,False,
USG002100,FAC010,Vijayanagara,2026-07-14,O+,2,False,
USG002101,FAC010,Vijayanagara,2026-07-14,AB-,2,False,
USG002102,FAC010,Vijayanagara,2026-07-15,O+,2,True,Monsoon peak flood-risk weeks
USG002103,FAC010,Vijayanagara,2026-07-15,O-,3,True,Monsoon peak flood-risk weeks
USG002104,FAC010,Vijayanagara,2026-07-16,B+,1,True,Monsoon peak flood-risk weeks
USG002105,FAC010,Vijayanagara,2026-07-17,O+,3,True,Monsoon peak flood-risk weeks
USG002106,FAC010,Vijayanagara,2026-07-17,A+,3,True,Monsoon peak flood-risk weeks
USG002107,FAC010,Vijayanagara,2026-07-18,O+,4,True,Monsoon peak flood-risk weeks
USG002108,FAC010,Vijayanagara,2026-07-19,B+,5,True,Monsoon peak flood-risk weeks
USG002109,FAC010,Vijayanagara,2026-07-19,AB+,1,True,Monsoon peak flood-risk weeks
USG002110,FAC010,Vijayanagara,2026-07-20,O+,5,True,Monsoon peak flood-risk weeks
USG002111,FAC010,Vijayanagara,2026-07-20,B+,6,True,Monsoon peak flood-risk weeks
USG002112,FAC010,Vijayanagara,2026-07-21,B+,7,True,Monsoon peak flood-risk weeks
USG002113,FAC010,Vijayanagara,2026-07-21,B-,4,True,Monsoon peak flood-risk weeks
USG002114,FAC010,Vijayanagara,2026-07-25,O+,5,True,Monsoon peak flood-risk weeks
USG002115,FAC010,Vijayanagara,2026-07-26,O+,4,True,Monsoon peak flood-risk weeks
USG002116,FAC010,Vijayanagara,2026-07-26,O-,5,True,Monsoon peak flood-risk weeks
USG002117,FAC010,Vijayanagara,2026-07-27,B+,2,True,Monsoon peak flood-risk weeks
USG002118,FAC010,Vijayanagara,2026-07-31,AB-,7,True,Monsoon peak flood-risk weeks
USG002119,FAC010,Vijayanagara,2026-08-01,AB+,3,True,Monsoon peak flood-risk weeks
USG002120,FAC011,Vijayanagara,2025-08-02,B+,7,True,Monsoon peak flood-risk weeks
USG002121,FAC011,Vijayanagara,2025-08-02,AB+,6,True,Monsoon peak flood-risk weeks
USG002122,FAC011,Vijayanagara,2025-08-02,A-,3,True,Monsoon peak flood-risk weeks
USG002123,FAC011,Vijayanagara,2025-08-03,B+,3,True,Monsoon peak flood-risk weeks
USG002124,FAC011,Vijayanagara,2025-08-03,A-,7,True,Monsoon peak flood-risk weeks
USG002125,FAC011,Vijayanagara,2025-08-05,O+,5,True,Monsoon peak flood-risk weeks
USG002126,FAC011,Vijayanagara,2025-08-06,B+,4,False,
USG002127,FAC011,Vijayanagara,2025-08-07,A+,1,False,
USG002128,FAC011,Vijayanagara,2025-08-08,O+,2,False,
USG002129,FAC011,Vijayanagara,2025-08-09,AB-,2,False,
USG002130,FAC011,Vijayanagara,2025-08-10,O+,2,False,
USG002131,FAC011,Vijayanagara,2025-08-10,AB+,1,False,
USG002132,FAC011,Vijayanagara,2025-08-12,O+,4,False,
USG002133,FAC011,Vijayanagara,2025-08-12,AB+,2,False,
USG002134,FAC011,Vijayanagara,2025-08-14,AB+,1,False,
USG002135,FAC011,Vijayanagara,2025-08-15,O+,1,False,
USG002136,FAC011,Vijayanagara,2025-08-15,B+,2,False,
USG002137,FAC011,Vijayanagara,2025-08-15,O-,4,False,
USG002138,FAC011,Vijayanagara,2025-08-16,A-,3,False,
USG002139,FAC011,Vijayanagara,2025-08-17,A+,1,False,
USG002140,FAC011,Vijayanagara,2025-08-18,AB+,3,False,
USG002141,FAC011,Vijayanagara,2025-08-19,O+,3,False,
USG002142,FAC011,Vijayanagara,2025-08-21,AB-,1,False,
USG002143,FAC011,Vijayanagara,2025-08-22,A-,2,False,
USG002144,FAC011,Vijayanagara,2025-08-23,O+,2,False,
USG002145,FAC011,Vijayanagara,2025-08-26,B+,2,False,
USG002146,FAC011,Vijayanagara,2025-08-27,O+,3,False,
USG002147,FAC011,Vijayanagara,2025-08-31,O+,4,False,
USG002148,FAC011,Vijayanagara,2025-08-31,A+,4,False,
USG002149,FAC011,Vijayanagara,2025-09-01,O+,2,False,
USG002150,FAC011,Vijayanagara,2025-09-02,O+,4,False,
USG002151,FAC011,Vijayanagara,2025-09-02,AB+,1,False,
USG002152,FAC011,Vijayanagara,2025-09-02,B-,1,False,
USG002153,FAC011,Vijayanagara,2025-09-04,O+,3,False,
USG002154,FAC011,Vijayanagara,2025-09-04,A+,1,False,
USG002155,FAC011,Vijayanagara,2025-09-05,AB+,1,False,
USG002156,FAC011,Vijayanagara,2025-09-06,O+,6,True,Local incident spike
USG002157,FAC011,Vijayanagara,2025-09-06,B+,5,True,Local incident spike
USG002158,FAC011,Vijayanagara,2025-09-06,A+,5,True,Local incident spike
USG002159,FAC011,Vijayanagara,2025-09-06,O-,2,True,Local incident spike
USG002160,FAC011,Vijayanagara,2025-09-06,B-,3,True,Local incident spike
USG002161,FAC011,Vijayanagara,2025-09-10,AB+,2,False,
USG002162,FAC011,Vijayanagara,2025-09-12,A-,3,False,
USG002163,FAC011,Vijayanagara,2025-09-13,A+,1,False,
USG002164,FAC011,Vijayanagara,2025-09-14,A-,3,False,
USG002165,FAC011,Vijayanagara,2025-09-16,O+,2,True,Festival travel peak (Dasara)
USG002166,FAC011,Vijayanagara,2025-09-16,B+,6,True,Festival travel peak (Dasara)
USG002167,FAC011,Vijayanagara,2025-09-17,O+,3,True,Festival travel peak (Dasara)
USG002168,FAC011,Vijayanagara,2025-09-17,AB+,4,True,Festival travel peak (Dasara)
USG002169,FAC011,Vijayanagara,2025-09-18,O+,1,True,Festival travel peak (Dasara)
USG002170,FAC011,Vijayanagara,2025-09-18,B+,3,True,Festival travel peak (Dasara)
USG002171,FAC011,Vijayanagara,2025-09-18,O-,4,True,Festival travel peak (Dasara)
USG002172,FAC011,Vijayanagara,2025-09-18,B-,5,True,Festival travel peak (Dasara)
USG002173,FAC011,Vijayanagara,2025-09-19,O+,3,True,Festival travel peak (Dasara)
USG002174,FAC011,Vijayanagara,2025-09-19,A-,3,True,Festival travel peak (Dasara)
USG002175,FAC011,Vijayanagara,2025-09-19,AB-,4,True,Festival travel peak (Dasara)
USG002176,FAC011,Vijayanagara,2025-09-20,B+,7,True,Festival travel peak (Dasara)
USG002177,FAC011,Vijayanagara,2025-09-20,A+,2,True,Festival travel peak (Dasara)
USG002178,FAC011,Vijayanagara,2025-09-22,O+,7,True,Festival travel peak (Dasara)
USG002179,FAC011,Vijayanagara,2025-09-22,AB+,6,True,Festival travel peak (Dasara)
USG002180,FAC011,Vijayanagara,2025-09-23,O+,3,True,Festival travel peak (Dasara)
USG002181,FAC011,Vijayanagara,2025-09-23,A+,5,True,Festival travel peak (Dasara)
USG002182,FAC011,Vijayanagara,2025-09-24,B+,3,True,Festival travel peak (Dasara)
USG002183,FAC011,Vijayanagara,2025-09-24,AB-,6,True,Festival travel peak (Dasara)
USG002184,FAC011,Vijayanagara,2025-09-25,O-,3,True,Festival travel peak (Dasara)
USG002185,FAC011,Vijayanagara,2025-09-26,AB+,2,True,Festival travel peak (Dasara)
USG002186,FAC011,Vijayanagara,2025-09-26,B-,2,True,Festival travel peak (Dasara)
USG002187,FAC011,Vijayanagara,2025-09-27,AB+,3,True,Festival travel peak (Dasara)
USG002188,FAC011,Vijayanagara,2025-09-28,O+,2,True,Festival travel peak (Dasara)
USG002189,FAC011,Vijayanagara,2025-09-28,O-,5,True,Festival travel peak (Dasara)
USG002190,FAC011,Vijayanagara,2025-09-28,B-,5,True,Festival travel peak (Dasara)
USG002191,FAC011,Vijayanagara,2025-09-29,AB-,3,True,Festival travel peak (Dasara)
USG002192,FAC011,Vijayanagara,2025-09-30,O+,2,True,Festival travel peak (Dasara)
USG002193,FAC011,Vijayanagara,2025-09-30,A+,5,True,Festival travel peak (Dasara)
USG002194,FAC011,Vijayanagara,2025-10-01,O+,2,True,Festival travel peak (Dasara)
USG002195,FAC011,Vijayanagara,2025-10-01,B+,6,True,Festival travel peak (Dasara)
USG002196,FAC011,Vijayanagara,2025-10-01,AB-,4,True,Festival travel peak (Dasara)
USG002197,FAC011,Vijayanagara,2025-10-02,O+,3,True,Festival travel peak (Dasara)
USG002198,FAC011,Vijayanagara,2025-10-03,A-,6,True,Festival travel peak (Dasara)
USG002199,FAC011,Vijayanagara,2025-10-05,B+,3,True,Festival travel peak (Dasara)
USG002200,FAC011,Vijayanagara,2025-10-05,A+,5,True,Festival travel peak (Dasara)
USG002201,FAC011,Vijayanagara,2025-10-06,A+,3,True,Festival travel peak (Dasara)
USG002202,FAC011,Vijayanagara,2025-10-06,A-,3,True,Festival travel peak (Dasara)
USG002203,FAC011,Vijayanagara,2025-10-06,B-,5,True,Festival travel peak (Dasara)
USG002204,FAC011,Vijayanagara,2025-10-07,O+,1,True,Festival travel peak (Dasara)
USG002205,FAC011,Vijayanagara,2025-10-07,A+,5,True,Festival travel peak (Dasara)
USG002206,FAC011,Vijayanagara,2025-10-08,AB+,3,True,Festival travel peak (Dasara)
USG002207,FAC011,Vijayanagara,2025-10-09,O+,5,True,Festival travel peak (Dasara)
USG002208,FAC011,Vijayanagara,2025-10-09,B+,3,True,Festival travel peak (Dasara)
USG002209,FAC011,Vijayanagara,2025-10-09,B-,1,True,Festival travel peak (Dasara)
USG002210,FAC011,Vijayanagara,2025-10-10,A+,2,True,Festival travel peak (Dasara)
USG002211,FAC011,Vijayanagara,2025-10-12,A+,2,False,
USG002212,FAC011,Vijayanagara,2025-10-12,B-,2,False,
USG002213,FAC011,Vijayanagara,2025-10-13,O+,3,False,
USG002214,FAC011,Vijayanagara,2025-10-13,B+,4,False,
USG002215,FAC011,Vijayanagara,2025-10-14,A+,3,False,
USG002216,FAC011,Vijayanagara,2025-10-16,O+,3,False,
USG002217,FAC011,Vijayanagara,2025-10-17,O+,4,False,
USG002218,FAC011,Vijayanagara,2025-10-17,AB-,2,False,
USG002219,FAC011,Vijayanagara,2025-10-19,AB+,1,False,
USG002220,FAC011,Vijayanagara,2025-10-19,AB-,2,False,
USG002221,FAC011,Vijayanagara,2025-10-21,A+,4,False,
USG002222,FAC011,Vijayanagara,2025-10-24,B+,1,False,
USG002223,FAC011,Vijayanagara,2025-10-24,AB+,1,False,
USG002224,FAC011,Vijayanagara,2025-10-25,AB+,2,False,
USG002225,FAC011,Vijayanagara,2025-10-26,O+,3,False,
USG002226,FAC011,Vijayanagara,2025-10-26,B-,4,False,
USG002227,FAC011,Vijayanagara,2025-10-27,O-,1,False,
USG002228,FAC011,Vijayanagara,2025-10-28,A+,2,False,
USG002229,FAC011,Vijayanagara,2025-10-28,AB-,3,False,
USG002230,FAC011,Vijayanagara,2025-10-29,O+,2,False,
USG002231,FAC011,Vijayanagara,2025-10-30,O+,2,False,
USG002232,FAC011,Vijayanagara,2025-10-30,A+,2,False,
USG002233,FAC011,Vijayanagara,2025-10-31,A+,4,False,
USG002234,FAC011,Vijayanagara,2025-10-31,AB+,2,False,
USG002235,FAC011,Vijayanagara,2025-11-02,AB-,3,False,
USG002236,FAC011,Vijayanagara,2025-11-03,O+,3,False,
USG002237,FAC011,Vijayanagara,2025-11-04,A+,5,True,Local incident spike
USG002238,FAC011,Vijayanagara,2025-11-04,AB-,2,True,Local incident spike
USG002239,FAC011,Vijayanagara,2025-11-06,A-,1,False,
USG002240,FAC011,Vijayanagara,2025-11-07,B-,1,False,
USG002241,FAC011,Vijayanagara,2025-11-12,B+,4,False,
USG002242,FAC011,Vijayanagara,2025-11-13,A+,4,False,
USG002243,FAC011,Vijayanagara,2025-11-16,A-,1,False,
USG002244,FAC011,Vijayanagara,2025-11-17,O+,2,False,
USG002245,FAC011,Vijayanagara,2025-11-17,AB-,2,False,
USG002246,FAC011,Vijayanagara,2025-11-19,O+,3,False,
USG002247,FAC011,Vijayanagara,2025-11-20,B+,1,False,
USG002248,FAC011,Vijayanagara,2025-11-21,O+,1,False,
USG002249,FAC011,Vijayanagara,2025-11-21,A-,1,False,
USG002250,FAC011,Vijayanagara,2025-11-22,O+,1,False,
USG002251,FAC011,Vijayanagara,2025-11-22,B+,3,False,
USG002252,FAC011,Vijayanagara,2025-11-23,AB+,1,False,
USG002253,FAC011,Vijayanagara,2025-11-23,A-,2,False,
USG002254,FAC011,Vijayanagara,2025-11-24,O-,4,False,
USG002255,FAC011,Vijayanagara,2025-11-25,O+,3,False,
USG002256,FAC011,Vijayanagara,2025-11-26,A-,2,False,
USG002257,FAC011,Vijayanagara,2025-11-27,AB+,2,False,
USG002258,FAC011,Vijayanagara,2025-11-28,O+,4,False,
USG002259,FAC011,Vijayanagara,2025-11-28,B+,2,False,
USG002260,FAC011,Vijayanagara,2025-11-30,B+,1,False,
USG002261,FAC011,Vijayanagara,2025-12-01,O+,4,False,
USG002262,FAC011,Vijayanagara,2025-12-04,B+,1,False,
USG002263,FAC011,Vijayanagara,2025-12-04,A+,2,False,
USG002264,FAC011,Vijayanagara,2025-12-04,A-,1,False,
USG002265,FAC011,Vijayanagara,2025-12-05,O+,3,False,
USG002266,FAC011,Vijayanagara,2025-12-05,A-,4,False,
USG002267,FAC011,Vijayanagara,2025-12-08,O+,2,False,
USG002268,FAC011,Vijayanagara,2025-12-08,B+,3,False,
USG002269,FAC011,Vijayanagara,2025-12-08,A+,1,False,
USG002270,FAC011,Vijayanagara,2025-12-10,A+,2,False,
USG002271,FAC011,Vijayanagara,2025-12-11,O+,4,False,
USG002272,FAC011,Vijayanagara,2025-12-12,A+,3,False,
USG002273,FAC011,Vijayanagara,2025-12-12,AB-,1,False,
USG002274,FAC011,Vijayanagara,2025-12-13,AB+,2,False,
USG002275,FAC011,Vijayanagara,2025-12-14,O+,4,False,
USG002276,FAC011,Vijayanagara,2025-12-14,A-,4,False,
USG002277,FAC011,Vijayanagara,2025-12-15,O+,2,False,
USG002278,FAC011,Vijayanagara,2025-12-16,O+,2,False,
USG002279,FAC011,Vijayanagara,2025-12-16,B+,4,False,
USG002280,FAC011,Vijayanagara,2025-12-17,B+,4,False,
USG002281,FAC011,Vijayanagara,2025-12-17,A-,3,False,
USG002282,FAC011,Vijayanagara,2025-12-18,B+,3,False,
USG002283,FAC011,Vijayanagara,2025-12-18,AB+,1,False,
USG002284,FAC011,Vijayanagara,2025-12-19,O+,2,False,
USG002285,FAC011,Vijayanagara,2025-12-19,A+,2,False,
USG002286,FAC011,Vijayanagara,2025-12-19,AB-,2,False,
USG002287,FAC011,Vijayanagara,2025-12-20,O+,2,False,
USG002288,FAC011,Vijayanagara,2025-12-21,A-,1,False,
USG002289,FAC011,Vijayanagara,2025-12-24,A+,3,False,
USG002290,FAC011,Vijayanagara,2025-12-25,O+,4,False,
USG002291,FAC011,Vijayanagara,2025-12-26,O+,1,False,
USG002292,FAC011,Vijayanagara,2025-12-26,A+,4,False,
USG002293,FAC011,Vijayanagara,2025-12-27,O+,2,False,
USG002294,FAC011,Vijayanagara,2025-12-28,O+,2,False,
USG002295,FAC011,Vijayanagara,2025-12-30,B+,5,True,New Year travel period
USG002296,FAC011,Vijayanagara,2025-12-31,B+,1,True,New Year travel period
USG002297,FAC011,Vijayanagara,2025-12-31,B-,5,True,New Year travel period
USG002298,FAC011,Vijayanagara,2026-01-01,B+,5,True,New Year travel period
USG002299,FAC011,Vijayanagara,2026-01-01,AB+,5,True,New Year travel period
USG002300,FAC011,Vijayanagara,2026-01-01,O-,3,True,New Year travel period
USG002301,FAC011,Vijayanagara,2026-01-02,AB+,5,True,New Year travel period
USG002302,FAC011,Vijayanagara,2026-01-03,O+,2,False,
USG002303,FAC011,Vijayanagara,2026-01-05,A-,1,False,
USG002304,FAC011,Vijayanagara,2026-01-06,B+,2,False,
USG002305,FAC011,Vijayanagara,2026-01-06,B-,2,False,
USG002306,FAC011,Vijayanagara,2026-01-07,A+,2,False,
USG002307,FAC011,Vijayanagara,2026-01-07,AB+,4,False,
USG002308,FAC011,Vijayanagara,2026-01-09,AB+,2,False,
USG002309,FAC011,Vijayanagara,2026-01-10,A+,3,False,
USG002310,FAC011,Vijayanagara,2026-01-11,AB-,1,False,
USG002311,FAC011,Vijayanagara,2026-01-14,B+,4,False,
USG002312,FAC011,Vijayanagara,2026-01-17,A+,4,False,
USG002313,FAC011,Vijayanagara,2026-01-19,B+,2,False,
USG002314,FAC011,Vijayanagara,2026-01-19,A+,4,False,
USG002315,FAC011,Vijayanagara,2026-01-20,O+,2,False,
USG002316,FAC011,Vijayanagara,2026-01-20,A+,1,False,
USG002317,FAC011,Vijayanagara,2026-01-22,A+,2,False,
USG002318,FAC011,Vijayanagara,2026-01-24,O+,1,False,
USG002319,FAC011,Vijayanagara,2026-01-24,B+,2,False,
USG002320,FAC011,Vijayanagara,2026-01-26,O+,1,False,
USG002321,FAC011,Vijayanagara,2026-01-26,A+,4,False,
USG002322,FAC011,Vijayanagara,2026-01-28,O+,1,False,
USG002323,FAC011,Vijayanagara,2026-01-30,B+,3,False,
USG002324,FAC011,Vijayanagara,2026-01-30,B-,4,False,
USG002325,FAC011,Vijayanagara,2026-01-31,B+,4,False,
USG002326,FAC011,Vijayanagara,2026-02-01,O+,4,False,
USG002327,FAC011,Vijayanagara,2026-02-01,O-,4,False,
USG002328,FAC011,Vijayanagara,2026-02-01,A-,2,False,
USG002329,FAC011,Vijayanagara,2026-02-03,O+,2,False,
USG002330,FAC011,Vijayanagara,2026-02-03,B+,4,False,
USG002331,FAC011,Vijayanagara,2026-02-03,O-,1,False,
USG002332,FAC011,Vijayanagara,2026-02-04,AB+,3,False,
USG002333,FAC011,Vijayanagara,2026-02-04,B-,2,False,
USG002334,FAC011,Vijayanagara,2026-02-06,O+,2,False,
USG002335,FAC011,Vijayanagara,2026-02-08,B+,1,False,
USG002336,FAC011,Vijayanagara,2026-02-09,O+,1,False,
USG002337,FAC011,Vijayanagara,2026-02-10,B+,4,False,
USG002338,FAC011,Vijayanagara,2026-02-10,AB-,1,False,
USG002339,FAC011,Vijayanagara,2026-02-11,B+,1,False,
USG002340,FAC011,Vijayanagara,2026-02-12,A+,4,False,
USG002341,FAC011,Vijayanagara,2026-02-14,O-,1,False,
USG002342,FAC011,Vijayanagara,2026-02-15,AB+,4,False,
USG002343,FAC011,Vijayanagara,2026-02-16,B+,3,False,
USG002344,FAC011,Vijayanagara,2026-02-16,A+,1,False,
USG002345,FAC011,Vijayanagara,2026-02-17,A-,2,False,
USG002346,FAC011,Vijayanagara,2026-02-19,AB-,4,False,
USG002347,FAC011,Vijayanagara,2026-02-20,A+,2,False,
USG002348,FAC011,Vijayanagara,2026-02-21,A+,4,False,
USG002349,FAC011,Vijayanagara,2026-02-22,B+,4,False,
USG002350,FAC011,Vijayanagara,2026-02-22,A+,1,False,
USG002351,FAC011,Vijayanagara,2026-02-23,A+,4,False,
USG002352,FAC011,Vijayanagara,2026-02-23,A-,3,False,
USG002353,FAC011,Vijayanagara,2026-02-23,B-,2,False,
USG002354,FAC011,Vijayanagara,2026-02-25,A+,1,False,
USG002355,FAC011,Vijayanagara,2026-02-25,A-,4,False,
USG002356,FAC011,Vijayanagara,2026-02-25,B-,1,False,
USG002357,FAC011,Vijayanagara,2026-02-26,B+,2,False,
USG002358,FAC011,Vijayanagara,2026-02-26,A+,1,False,
USG002359,FAC011,Vijayanagara,2026-02-27,AB+,1,False,
USG002360,FAC011,Vijayanagara,2026-03-03,B+,2,False,
USG002361,FAC011,Vijayanagara,2026-03-03,AB+,3,False,
USG002362,FAC011,Vijayanagara,2026-03-05,B-,3,False,
USG002363,FAC011,Vijayanagara,2026-03-06,O-,3,False,
USG002364,FAC011,Vijayanagara,2026-03-07,AB+,1,False,
USG002365,FAC011,Vijayanagara,2026-03-08,B+,3,False,
USG002366,FAC011,Vijayanagara,2026-03-08,O-,4,False,
USG002367,FAC011,Vijayanagara,2026-03-12,B+,4,False,
USG002368,FAC011,Vijayanagara,2026-03-13,O+,2,False,
USG002369,FAC011,Vijayanagara,2026-03-13,B+,4,False,
USG002370,FAC011,Vijayanagara,2026-03-13,AB-,3,False,
USG002371,FAC011,Vijayanagara,2026-03-15,B+,1,False,
USG002372,FAC011,Vijayanagara,2026-03-17,O+,7,True,Local incident spike
USG002373,FAC011,Vijayanagara,2026-03-17,A+,5,True,Local incident spike
USG002374,FAC011,Vijayanagara,2026-03-17,AB+,5,True,Local incident spike
USG002375,FAC011,Vijayanagara,2026-03-18,O+,4,False,
USG002376,FAC011,Vijayanagara,2026-03-20,B+,2,False,
USG002377,FAC011,Vijayanagara,2026-03-22,AB+,2,False,
USG002378,FAC011,Vijayanagara,2026-03-23,B-,3,False,
USG002379,FAC011,Vijayanagara,2026-03-24,B+,2,False,
USG002380,FAC011,Vijayanagara,2026-03-24,AB-,4,False,
USG002381,FAC011,Vijayanagara,2026-03-25,A+,3,False,
USG002382,FAC011,Vijayanagara,2026-03-25,A-,2,False,
USG002383,FAC011,Vijayanagara,2026-03-26,B+,4,False,
USG002384,FAC011,Vijayanagara,2026-03-27,AB-,1,False,
USG002385,FAC011,Vijayanagara,2026-03-28,O+,1,False,
USG002386,FAC011,Vijayanagara,2026-03-29,O+,4,False,
USG002387,FAC011,Vijayanagara,2026-03-30,A-,2,False,
USG002388,FAC011,Vijayanagara,2026-03-31,O+,4,False,
USG002389,FAC011,Vijayanagara,2026-03-31,A+,3,False,
USG002390,FAC011,Vijayanagara,2026-04-01,B+,2,False,
USG002391,FAC011,Vijayanagara,2026-04-01,B-,2,False,
USG002392,FAC011,Vijayanagara,2026-04-01,AB-,1,False,
USG002393,FAC011,Vijayanagara,2026-04-03,AB+,4,False,
USG002394,FAC011,Vijayanagara,2026-04-06,A-,2,False,
USG002395,FAC011,Vijayanagara,2026-04-09,B+,3,False,
USG002396,FAC011,Vijayanagara,2026-04-09,B-,2,False,
USG002397,FAC011,Vijayanagara,2026-04-11,B+,3,False,
USG002398,FAC011,Vijayanagara,2026-04-11,A+,2,False,
USG002399,FAC011,Vijayanagara,2026-04-12,B-,1,False,
USG002400,FAC011,Vijayanagara,2026-04-13,AB+,4,False,
USG002401,FAC011,Vijayanagara,2026-04-14,A-,3,False,
USG002402,FAC011,Vijayanagara,2026-04-16,O+,3,False,
USG002403,FAC011,Vijayanagara,2026-04-16,O-,4,False,
USG002404,FAC011,Vijayanagara,2026-04-17,B-,4,False,
USG002405,FAC011,Vijayanagara,2026-04-17,AB-,3,False,
USG002406,FAC011,Vijayanagara,2026-04-18,O+,1,False,
USG002407,FAC011,Vijayanagara,2026-04-18,B+,1,False,
USG002408,FAC011,Vijayanagara,2026-04-18,A-,1,False,
USG002409,FAC011,Vijayanagara,2026-04-20,A+,1,False,
USG002410,FAC011,Vijayanagara,2026-04-21,O+,4,False,
USG002411,FAC011,Vijayanagara,2026-04-21,A+,4,False,
USG002412,FAC011,Vijayanagara,2026-04-23,O-,3,False,
USG002413,FAC011,Vijayanagara,2026-04-26,O+,1,False,
USG002414,FAC011,Vijayanagara,2026-04-27,B+,1,False,
USG002415,FAC011,Vijayanagara,2026-04-28,B+,2,False,
USG002416,FAC011,Vijayanagara,2026-04-28,A+,2,False,
USG002417,FAC011,Vijayanagara,2026-04-29,A+,1,False,
USG002418,FAC011,Vijayanagara,2026-04-30,O+,2,False,
USG002419,FAC011,Vijayanagara,2026-04-30,O-,2,False,
USG002420,FAC011,Vijayanagara,2026-05-02,O+,2,False,
USG002421,FAC011,Vijayanagara,2026-05-02,O-,1,False,
USG002422,FAC011,Vijayanagara,2026-05-03,B+,2,False,
USG002423,FAC011,Vijayanagara,2026-05-04,B+,3,False,
USG002424,FAC011,Vijayanagara,2026-05-05,O+,4,False,
USG002425,FAC011,Vijayanagara,2026-05-06,O+,1,False,
USG002426,FAC011,Vijayanagara,2026-05-06,B+,2,False,
USG002427,FAC011,Vijayanagara,2026-05-06,AB-,3,False,
USG002428,FAC011,Vijayanagara,2026-05-07,A+,1,False,
USG002429,FAC011,Vijayanagara,2026-05-09,O+,2,False,
USG002430,FAC011,Vijayanagara,2026-05-11,O+,4,False,
USG002431,FAC011,Vijayanagara,2026-05-11,B+,2,False,
USG002432,FAC011,Vijayanagara,2026-05-12,B-,2,False,
USG002433,FAC011,Vijayanagara,2026-05-14,O+,4,False,
USG002434,FAC011,Vijayanagara,2026-05-15,A+,1,False,
USG002435,FAC011,Vijayanagara,2026-05-17,B-,4,False,
USG002436,FAC011,Vijayanagara,2026-05-18,O+,3,False,
USG002437,FAC011,Vijayanagara,2026-05-19,B+,2,False,
USG002438,FAC011,Vijayanagara,2026-05-19,O-,1,False,
USG002439,FAC011,Vijayanagara,2026-05-20,AB+,1,False,
USG002440,FAC011,Vijayanagara,2026-05-22,B-,4,False,
USG002441,FAC011,Vijayanagara,2026-05-24,A+,1,False,
USG002442,FAC011,Vijayanagara,2026-05-25,B+,2,False,
USG002443,FAC011,Vijayanagara,2026-05-26,A+,2,False,
USG002444,FAC011,Vijayanagara,2026-05-26,O-,2,False,
USG002445,FAC011,Vijayanagara,2026-05-28,B+,4,False,
USG002446,FAC011,Vijayanagara,2026-05-29,O+,3,False,
USG002447,FAC011,Vijayanagara,2026-05-29,A+,1,False,
USG002448,FAC011,Vijayanagara,2026-05-30,A-,5,True,Local incident spike
USG002449,FAC011,Vijayanagara,2026-05-31,A+,2,False,
USG002450,FAC011,Vijayanagara,2026-06-02,AB-,3,False,
USG002451,FAC011,Vijayanagara,2026-06-04,B+,1,False,
USG002452,FAC011,Vijayanagara,2026-06-04,AB+,4,False,
USG002453,FAC011,Vijayanagara,2026-06-07,O+,3,False,
USG002454,FAC011,Vijayanagara,2026-06-07,AB+,2,False,
USG002455,FAC011,Vijayanagara,2026-06-08,A+,1,False,
USG002456,FAC011,Vijayanagara,2026-06-08,AB+,4,False,
USG002457,FAC011,Vijayanagara,2026-06-10,B+,4,False,
USG002458,FAC011,Vijayanagara,2026-06-11,O+,2,False,
USG002459,FAC011,Vijayanagara,2026-06-12,O+,4,False,
USG002460,FAC011,Vijayanagara,2026-06-12,AB-,1,False,
USG002461,FAC011,Vijayanagara,2026-06-13,O+,1,False,
USG002462,FAC011,Vijayanagara,2026-06-15,AB+,1,False,
USG002463,FAC011,Vijayanagara,2026-06-15,O-,4,False,
USG002464,FAC011,Vijayanagara,2026-06-15,A-,1,False,
USG002465,FAC011,Vijayanagara,2026-06-19,O+,2,False,
USG002466,FAC011,Vijayanagara,2026-06-20,A+,2,False,
USG002467,FAC011,Vijayanagara,2026-06-21,O+,1,False,
USG002468,FAC011,Vijayanagara,2026-06-21,A-,4,False,
USG002469,FAC011,Vijayanagara,2026-06-22,A+,1,False,
USG002470,FAC011,Vijayanagara,2026-06-26,B-,4,False,
USG002471,FAC011,Vijayanagara,2026-06-28,B+,2,False,
USG002472,FAC011,Vijayanagara,2026-06-29,B+,4,False,
USG002473,FAC011,Vijayanagara,2026-06-30,B+,3,False,
USG002474,FAC011,Vijayanagara,2026-06-30,AB-,1,False,
USG002475,FAC011,Vijayanagara,2026-07-01,O+,4,False,
USG002476,FAC011,Vijayanagara,2026-07-01,B+,1,False,
USG002477,FAC011,Vijayanagara,2026-07-03,A+,2,False,
USG002478,FAC011,Vijayanagara,2026-07-04,B-,4,False,
USG002479,FAC011,Vijayanagara,2026-07-06,AB-,1,False,
USG002480,FAC011,Vijayanagara,2026-07-07,O+,3,False,
USG002481,FAC011,Vijayanagara,2026-07-07,AB+,4,False,
USG002482,FAC011,Vijayanagara,2026-07-08,O+,4,False,
USG002483,FAC011,Vijayanagara,2026-07-09,A+,4,False,
USG002484,FAC011,Vijayanagara,2026-07-09,B-,4,False,
USG002485,FAC011,Vijayanagara,2026-07-10,O+,3,False,
USG002486,FAC011,Vijayanagara,2026-07-10,B+,2,False,
USG002487,FAC011,Vijayanagara,2026-07-11,AB+,5,True,Local incident spike
USG002488,FAC011,Vijayanagara,2026-07-14,B+,2,False,
USG002489,FAC011,Vijayanagara,2026-07-14,A+,2,False,
USG002490,FAC011,Vijayanagara,2026-07-15,O+,4,True,Monsoon peak flood-risk weeks
USG002491,FAC011,Vijayanagara,2026-07-15,B+,1,True,Monsoon peak flood-risk weeks
USG002492,FAC011,Vijayanagara,2026-07-17,AB+,6,True,Monsoon peak flood-risk weeks
USG002493,FAC011,Vijayanagara,2026-07-17,O-,5,True,Monsoon peak flood-risk weeks
USG002494,FAC011,Vijayanagara,2026-07-18,A+,6,True,Monsoon peak flood-risk weeks
USG002495,FAC011,Vijayanagara,2026-07-21,O+,3,True,Monsoon peak flood-risk weeks
USG002496,FAC011,Vijayanagara,2026-07-22,O-,4,True,Monsoon peak flood-risk weeks
USG002497,FAC011,Vijayanagara,2026-07-24,O+,6,True,Monsoon peak flood-risk weeks
USG002498,FAC011,Vijayanagara,2026-07-24,A-,6,True,Monsoon peak flood-risk weeks
USG002499,FAC011,Vijayanagara,2026-07-25,O+,5,True,Monsoon peak flood-risk weeks
USG002500,FAC011,Vijayanagara,2026-07-26,O+,4,True,Monsoon peak flood-risk weeks
USG002501,FAC011,Vijayanagara,2026-07-26,B+,6,True,Monsoon peak flood-risk weeks
USG002502,FAC011,Vijayanagara,2026-07-26,A+,4,True,Monsoon peak flood-risk weeks
USG002503,FAC011,Vijayanagara,2026-07-27,B+,5,True,Monsoon peak flood-risk weeks
USG002504,FAC011,Vijayanagara,2026-07-28,O-,2,True,Monsoon peak flood-risk weeks
USG002505,FAC011,Vijayanagara,2026-07-28,B-,1,True,Monsoon peak flood-risk weeks
USG002506,FAC011,Vijayanagara,2026-07-29,A+,6,True,Monsoon peak flood-risk weeks
USG002507,FAC011,Vijayanagara,2026-07-30,A+,3,True,Monsoon peak flood-risk weeks
USG002508,FAC011,Vijayanagara,2026-07-31,AB+,1,True,Monsoon peak flood-risk weeks
USG002509,FAC011,Vijayanagara,2026-07-31,AB-,6,True,Monsoon peak flood-risk weeks
USG002510,FAC011,Vijayanagara,2026-08-01,B+,4,True,Monsoon peak flood-risk weeks
USG002511,FAC012,Vijayanagara,2025-08-02,B+,7,True,Monsoon peak flood-risk weeks
USG002512,FAC012,Vijayanagara,2025-08-02,O-,3,True,Monsoon peak flood-risk weeks
USG002513,FAC012,Vijayanagara,2025-08-03,O-,5,True,Monsoon peak flood-risk weeks
USG002514,FAC012,Vijayanagara,2025-08-05,B+,4,True,Monsoon peak flood-risk weeks
USG002515,FAC012,Vijayanagara,2025-08-05,AB+,4,True,Monsoon peak flood-risk weeks
USG002516,FAC012,Vijayanagara,2025-08-06,AB+,2,False,
USG002517,FAC012,Vijayanagara,2025-08-07,O-,2,False,
USG002518,FAC012,Vijayanagara,2025-08-07,B-,2,False,
USG002519,FAC012,Vijayanagara,2025-08-07,AB-,4,False,
USG002520,FAC012,Vijayanagara,2025-08-10,B+,1,False,
USG002521,FAC012,Vijayanagara,2025-08-11,B+,4,False,
USG002522,FAC012,Vijayanagara,2025-08-14,A+,3,False,
USG002523,FAC012,Vijayanagara,2025-08-15,AB+,2,False,
USG002524,FAC012,Vijayanagara,2025-08-15,B-,1,False,
USG002525,FAC012,Vijayanagara,2025-08-16,B-,2,False,
USG002526,FAC012,Vijayanagara,2025-08-17,A+,1,False,
USG002527,FAC012,Vijayanagara,2025-08-18,AB-,3,False,
USG002528,FAC012,Vijayanagara,2025-08-20,O+,4,False,
USG002529,FAC012,Vijayanagara,2025-08-22,B+,1,False,
USG002530,FAC012,Vijayanagara,2025-08-22,AB+,2,False,
USG002531,FAC012,Vijayanagara,2025-08-23,A+,3,False,
USG002532,FAC012,Vijayanagara,2025-08-23,AB+,1,False,
USG002533,FAC012,Vijayanagara,2025-08-24,AB-,4,False,
USG002534,FAC012,Vijayanagara,2025-08-25,O+,2,False,
USG002535,FAC012,Vijayanagara,2025-08-27,O+,1,False,
USG002536,FAC012,Vijayanagara,2025-08-29,A+,4,False,
USG002537,FAC012,Vijayanagara,2025-08-30,B-,4,False,
USG002538,FAC012,Vijayanagara,2025-09-01,O+,2,False,
USG002539,FAC012,Vijayanagara,2025-09-01,A+,1,False,
USG002540,FAC012,Vijayanagara,2025-09-02,O+,3,False,
USG002541,FAC012,Vijayanagara,2025-09-03,O+,1,False,
USG002542,FAC012,Vijayanagara,2025-09-04,O+,4,False,
USG002543,FAC012,Vijayanagara,2025-09-04,B+,3,False,
USG002544,FAC012,Vijayanagara,2025-09-04,O-,2,False,
USG002545,FAC012,Vijayanagara,2025-09-06,O+,3,False,
USG002546,FAC012,Vijayanagara,2025-09-06,B+,2,False,
USG002547,FAC012,Vijayanagara,2025-09-09,A+,3,False,
USG002548,FAC012,Vijayanagara,2025-09-09,AB-,4,False,
USG002549,FAC012,Vijayanagara,2025-09-10,O+,4,False,
USG002550,FAC012,Vijayanagara,2025-09-10,A+,4,False,
USG002551,FAC012,Vijayanagara,2025-09-12,A+,3,False,
USG002552,FAC012,Vijayanagara,2025-09-13,O+,3,False,
USG002553,FAC012,Vijayanagara,2025-09-14,A-,3,False,
USG002554,FAC012,Vijayanagara,2025-09-15,B-,2,False,
USG002555,FAC012,Vijayanagara,2025-09-15,AB-,3,False,
USG002556,FAC012,Vijayanagara,2025-09-17,O+,3,True,Festival travel peak (Dasara)
USG002557,FAC012,Vijayanagara,2025-09-17,B+,3,True,Festival travel peak (Dasara)
USG002558,FAC012,Vijayanagara,2025-09-17,AB+,2,True,Festival travel peak (Dasara)
USG002559,FAC012,Vijayanagara,2025-09-18,O+,2,True,Festival travel peak (Dasara)
USG002560,FAC012,Vijayanagara,2025-09-18,B+,1,True,Festival travel peak (Dasara)
USG002561,FAC012,Vijayanagara,2025-09-18,A+,6,True,Festival travel peak (Dasara)
USG002562,FAC012,Vijayanagara,2025-09-19,AB+,4,True,Festival travel peak (Dasara)
USG002563,FAC012,Vijayanagara,2025-09-20,O+,3,True,Festival travel peak (Dasara)
USG002564,FAC012,Vijayanagara,2025-09-21,A+,4,True,Festival travel peak (Dasara)
USG002565,FAC012,Vijayanagara,2025-09-26,O-,5,True,Festival travel peak (Dasara)
USG002566,FAC012,Vijayanagara,2025-09-27,O+,3,True,Festival travel peak (Dasara)
USG002567,FAC012,Vijayanagara,2025-09-28,A+,3,True,Festival travel peak (Dasara)
USG002568,FAC012,Vijayanagara,2025-09-29,O+,3,True,Festival travel peak (Dasara)
USG002569,FAC012,Vijayanagara,2025-09-29,A-,4,True,Festival travel peak (Dasara)
USG002570,FAC012,Vijayanagara,2025-09-30,B+,4,True,Festival travel peak (Dasara)
USG002571,FAC012,Vijayanagara,2025-10-01,B+,5,True,Festival travel peak (Dasara)
USG002572,FAC012,Vijayanagara,2025-10-01,A+,4,True,Festival travel peak (Dasara)
USG002573,FAC012,Vijayanagara,2025-10-02,A+,2,True,Festival travel peak (Dasara)
USG002574,FAC012,Vijayanagara,2025-10-03,B-,2,True,Festival travel peak (Dasara)
USG002575,FAC012,Vijayanagara,2025-10-05,O+,6,True,Festival travel peak (Dasara)
USG002576,FAC012,Vijayanagara,2025-10-06,O+,3,True,Festival travel peak (Dasara)
USG002577,FAC012,Vijayanagara,2025-10-07,O+,5,True,Festival travel peak (Dasara)
USG002578,FAC012,Vijayanagara,2025-10-08,B+,5,True,Festival travel peak (Dasara)
USG002579,FAC012,Vijayanagara,2025-10-08,AB-,6,True,Festival travel peak (Dasara)
USG002580,FAC012,Vijayanagara,2025-10-09,B+,3,True,Festival travel peak (Dasara)
USG002581,FAC012,Vijayanagara,2025-10-11,O-,3,False,
USG002582,FAC012,Vijayanagara,2025-10-12,AB+,4,False,
USG002583,FAC012,Vijayanagara,2025-10-12,B-,3,False,
USG002584,FAC012,Vijayanagara,2025-10-13,B+,2,False,
USG002585,FAC012,Vijayanagara,2025-10-14,A+,3,False,
USG002586,FAC012,Vijayanagara,2025-10-15,O+,4,False,
USG002587,FAC012,Vijayanagara,2025-10-19,B+,4,False,
USG002588,FAC012,Vijayanagara,2025-10-20,AB+,3,False,
USG002589,FAC012,Vijayanagara,2025-10-21,B+,3,False,
USG002590,FAC012,Vijayanagara,2025-10-21,AB-,4,False,
USG002591,FAC012,Vijayanagara,2025-10-22,B+,1,False,
USG002592,FAC012,Vijayanagara,2025-10-22,A+,1,False,
USG002593,FAC012,Vijayanagara,2025-10-22,AB+,1,False,
USG002594,FAC012,Vijayanagara,2025-10-22,B-,3,False,
USG002595,FAC012,Vijayanagara,2025-10-23,O+,3,False,
USG002596,FAC012,Vijayanagara,2025-10-23,A+,1,False,
USG002597,FAC012,Vijayanagara,2025-10-23,A-,1,False,
USG002598,FAC012,Vijayanagara,2025-10-24,AB-,1,False,
USG002599,FAC012,Vijayanagara,2025-10-25,O-,4,False,
USG002600,FAC012,Vijayanagara,2025-10-26,A-,2,False,
USG002601,FAC012,Vijayanagara,2025-10-29,B+,4,False,
USG002602,FAC012,Vijayanagara,2025-10-31,AB-,3,False,
USG002603,FAC012,Vijayanagara,2025-11-03,O+,2,False,
USG002604,FAC012,Vijayanagara,2025-11-03,B+,4,False,
USG002605,FAC012,Vijayanagara,2025-11-05,A+,3,False,
USG002606,FAC012,Vijayanagara,2025-11-06,O-,3,False,
USG002607,FAC012,Vijayanagara,2025-11-07,O+,3,False,
USG002608,FAC012,Vijayanagara,2025-11-08,O+,4,False,
USG002609,FAC012,Vijayanagara,2025-11-08,AB-,2,False,
USG002610,FAC012,Vijayanagara,2025-11-10,AB+,3,False,
USG002611,FAC012,Vijayanagara,2025-11-10,A-,2,False,
USG002612,FAC012,Vijayanagara,2025-11-10,AB-,3,False,
USG002613,FAC012,Vijayanagara,2025-11-11,O+,1,False,
USG002614,FAC012,Vijayanagara,2025-11-11,B-,1,False,
USG002615,FAC012,Vijayanagara,2025-11-11,AB-,2,False,
USG002616,FAC012,Vijayanagara,2025-11-15,B+,1,False,
USG002617,FAC012,Vijayanagara,2025-11-15,B-,1,False,
USG002618,FAC012,Vijayanagara,2025-11-15,AB-,4,False,
USG002619,FAC012,Vijayanagara,2025-11-17,AB-,1,False,
USG002620,FAC012,Vijayanagara,2025-11-19,B+,3,False,
USG002621,FAC012,Vijayanagara,2025-11-22,B+,4,False,
USG002622,FAC012,Vijayanagara,2025-11-23,B-,1,False,
USG002623,FAC012,Vijayanagara,2025-11-24,O+,1,False,
USG002624,FAC012,Vijayanagara,2025-11-27,A+,3,False,
USG002625,FAC012,Vijayanagara,2025-11-28,O+,4,False,
USG002626,FAC012,Vijayanagara,2025-11-30,B-,2,False,
USG002627,FAC012,Vijayanagara,2025-12-01,O+,3,False,
USG002628,FAC012,Vijayanagara,2025-12-02,AB+,2,False,
USG002629,FAC012,Vijayanagara,2025-12-03,O+,2,False,
USG002630,FAC012,Vijayanagara,2025-12-03,AB-,1,False,
USG002631,FAC012,Vijayanagara,2025-12-04,AB+,2,False,
USG002632,FAC012,Vijayanagara,2025-12-05,AB+,3,False,
USG002633,FAC012,Vijayanagara,2025-12-05,O-,3,False,
USG002634,FAC012,Vijayanagara,2025-12-06,O+,1,False,
USG002635,FAC012,Vijayanagara,2025-12-06,B-,1,False,
USG002636,FAC012,Vijayanagara,2025-12-07,O+,2,False,
USG002637,FAC012,Vijayanagara,2025-12-07,A+,3,False,
USG002638,FAC012,Vijayanagara,2025-12-11,B+,3,False,
USG002639,FAC012,Vijayanagara,2025-12-12,A+,1,False,
USG002640,FAC012,Vijayanagara,2025-12-13,B-,3,False,
USG002641,FAC012,Vijayanagara,2025-12-19,AB-,1,False,
USG002642,FAC012,Vijayanagara,2025-12-22,A+,3,False,
USG002643,FAC012,Vijayanagara,2025-12-23,AB+,3,False,
USG002644,FAC012,Vijayanagara,2025-12-24,O+,4,False,
USG002645,FAC012,Vijayanagara,2025-12-24,AB+,3,False,
USG002646,FAC012,Vijayanagara,2025-12-25,O+,1,False,
USG002647,FAC012,Vijayanagara,2025-12-25,B+,3,False,
USG002648,FAC012,Vijayanagara,2025-12-27,O+,4,False,
USG002649,FAC012,Vijayanagara,2025-12-28,O+,1,False,
USG002650,FAC012,Vijayanagara,2025-12-28,B+,4,False,
USG002651,FAC012,Vijayanagara,2025-12-28,AB+,2,False,
USG002652,FAC012,Vijayanagara,2025-12-29,A+,4,False,
USG002653,FAC012,Vijayanagara,2025-12-31,AB+,1,True,New Year travel period
USG002654,FAC012,Vijayanagara,2025-12-31,AB-,1,True,New Year travel period
USG002655,FAC012,Vijayanagara,2026-01-01,O+,1,True,New Year travel period
USG002656,FAC012,Vijayanagara,2026-01-01,B+,2,True,New Year travel period
USG002657,FAC012,Vijayanagara,2026-01-01,A+,3,True,New Year travel period
USG002658,FAC012,Vijayanagara,2026-01-01,B-,2,True,New Year travel period
USG002659,FAC012,Vijayanagara,2026-01-02,A-,3,True,New Year travel period
USG002660,FAC012,Vijayanagara,2026-01-04,O+,1,False,
USG002661,FAC012,Vijayanagara,2026-01-05,B+,4,False,
USG002662,FAC012,Vijayanagara,2026-01-06,O+,4,False,
USG002663,FAC012,Vijayanagara,2026-01-09,B-,2,False,
USG002664,FAC012,Vijayanagara,2026-01-10,A+,4,False,
USG002665,FAC012,Vijayanagara,2026-01-11,A+,2,False,
USG002666,FAC012,Vijayanagara,2026-01-12,A+,4,False,
USG002667,FAC012,Vijayanagara,2026-01-13,A-,4,False,
USG002668,FAC012,Vijayanagara,2026-01-14,O-,3,False,
USG002669,FAC012,Vijayanagara,2026-01-16,O-,3,False,
USG002670,FAC012,Vijayanagara,2026-01-19,O+,1,False,
USG002671,FAC012,Vijayanagara,2026-01-19,A+,4,False,
USG002672,FAC012,Vijayanagara,2026-01-19,AB-,3,False,
USG002673,FAC012,Vijayanagara,2026-01-20,O+,1,False,
USG002674,FAC012,Vijayanagara,2026-01-24,B-,2,False,
USG002675,FAC012,Vijayanagara,2026-01-25,O+,3,False,
USG002676,FAC012,Vijayanagara,2026-01-26,B+,2,False,
USG002677,FAC012,Vijayanagara,2026-01-27,O-,1,False,
USG002678,FAC012,Vijayanagara,2026-01-28,B+,1,False,
USG002679,FAC012,Vijayanagara,2026-01-28,AB+,2,False,
USG002680,FAC012,Vijayanagara,2026-01-30,O+,2,False,
USG002681,FAC012,Vijayanagara,2026-01-30,B+,2,False,
USG002682,FAC012,Vijayanagara,2026-01-31,O+,3,True,Local incident spike
USG002683,FAC012,Vijayanagara,2026-01-31,B+,7,True,Local incident spike
USG002684,FAC012,Vijayanagara,2026-01-31,AB+,3,True,Local incident spike
USG002685,FAC012,Vijayanagara,2026-02-02,O+,3,False,
USG002686,FAC012,Vijayanagara,2026-02-02,B-,1,False,
USG002687,FAC012,Vijayanagara,2026-02-03,AB+,2,True,Local incident spike
USG002688,FAC012,Vijayanagara,2026-02-04,B-,3,False,
USG002689,FAC012,Vijayanagara,2026-02-05,AB+,4,False,
USG002690,FAC012,Vijayanagara,2026-02-06,O+,1,False,
USG002691,FAC012,Vijayanagara,2026-02-07,O-,1,False,
USG002692,FAC012,Vijayanagara,2026-02-08,O+,3,False,
USG002693,FAC012,Vijayanagara,2026-02-08,A+,3,False,
USG002694,FAC012,Vijayanagara,2026-02-10,A+,3,False,
USG002695,FAC012,Vijayanagara,2026-02-11,B+,4,False,
USG002696,FAC012,Vijayanagara,2026-02-11,A+,3,False,
USG002697,FAC012,Vijayanagara,2026-02-12,O+,2,False,
USG002698,FAC012,Vijayanagara,2026-02-13,A+,4,False,
USG002699,FAC012,Vijayanagara,2026-02-14,AB+,1,False,
USG002700,FAC012,Vijayanagara,2026-02-18,A+,4,False,
USG002701,FAC012,Vijayanagara,2026-02-18,B-,3,False,
USG002702,FAC012,Vijayanagara,2026-02-20,B+,1,False,
USG002703,FAC012,Vijayanagara,2026-02-21,O+,4,False,
USG002704,FAC012,Vijayanagara,2026-02-21,O-,2,False,
USG002705,FAC012,Vijayanagara,2026-02-21,B-,1,False,
USG002706,FAC012,Vijayanagara,2026-02-22,B+,1,False,
USG002707,FAC012,Vijayanagara,2026-02-22,AB+,2,False,
USG002708,FAC012,Vijayanagara,2026-02-23,O+,4,False,
USG002709,FAC012,Vijayanagara,2026-02-23,O-,3,False,
USG002710,FAC012,Vijayanagara,2026-02-24,A+,3,False,
USG002711,FAC012,Vijayanagara,2026-02-25,O+,4,False,
USG002712,FAC012,Vijayanagara,2026-02-26,B+,1,False,
USG002713,FAC012,Vijayanagara,2026-02-28,B+,3,False,
USG002714,FAC012,Vijayanagara,2026-02-28,A+,4,False,
USG002715,FAC012,Vijayanagara,2026-03-01,B+,2,False,
USG002716,FAC012,Vijayanagara,2026-03-03,O+,2,False,
USG002717,FAC012,Vijayanagara,2026-03-03,AB-,1,False,
USG002718,FAC012,Vijayanagara,2026-03-04,B+,4,False,
USG002719,FAC012,Vijayanagara,2026-03-05,O+,4,False,
USG002720,FAC012,Vijayanagara,2026-03-05,A-,1,False,
USG002721,FAC012,Vijayanagara,2026-03-06,B+,4,False,
USG002722,FAC012,Vijayanagara,2026-03-07,B+,2,False,
USG002723,FAC012,Vijayanagara,2026-03-07,A+,3,False,
USG002724,FAC012,Vijayanagara,2026-03-09,O+,2,False,
USG002725,FAC012,Vijayanagara,2026-03-09,B+,2,False,
USG002726,FAC012,Vijayanagara,2026-03-09,A+,4,False,
USG002727,FAC012,Vijayanagara,2026-03-12,B-,3,False,
USG002728,FAC012,Vijayanagara,2026-03-13,O+,2,False,
USG002729,FAC012,Vijayanagara,2026-03-13,AB+,3,False,
USG002730,FAC012,Vijayanagara,2026-03-16,B-,1,False,
USG002731,FAC012,Vijayanagara,2026-03-16,AB-,2,False,
USG002732,FAC012,Vijayanagara,2026-03-18,B+,1,False,
USG002733,FAC012,Vijayanagara,2026-03-19,O+,2,False,
USG002734,FAC012,Vijayanagara,2026-03-20,A+,1,False,
USG002735,FAC012,Vijayanagara,2026-03-21,O+,1,False,
USG002736,FAC012,Vijayanagara,2026-03-22,O-,2,False,
USG002737,FAC012,Vijayanagara,2026-03-23,B-,1,False,
USG002738,FAC012,Vijayanagara,2026-03-24,O-,3,False,
USG002739,FAC012,Vijayanagara,2026-03-25,B+,1,False,
USG002740,FAC012,Vijayanagara,2026-03-27,O+,2,False,
USG002741,FAC012,Vijayanagara,2026-03-27,B+,1,False,
USG002742,FAC012,Vijayanagara,2026-03-27,A-,3,False,
USG002743,FAC012,Vijayanagara,2026-03-28,O+,3,False,
USG002744,FAC012,Vijayanagara,2026-03-29,AB+,4,False,
USG002745,FAC012,Vijayanagara,2026-03-31,B+,1,False,
USG002746,FAC012,Vijayanagara,2026-04-01,O+,1,False,
USG002747,FAC012,Vijayanagara,2026-04-02,A-,1,False,
USG002748,FAC012,Vijayanagara,2026-04-03,O+,4,False,
USG002749,FAC012,Vijayanagara,2026-04-03,A+,1,False,
USG002750,FAC012,Vijayanagara,2026-04-07,O+,1,False,
USG002751,FAC012,Vijayanagara,2026-04-07,A+,1,False,
USG002752,FAC012,Vijayanagara,2026-04-08,B+,2,False,
USG002753,FAC012,Vijayanagara,2026-04-10,O+,2,False,
USG002754,FAC012,Vijayanagara,2026-04-11,O+,4,False,
USG002755,FAC012,Vijayanagara,2026-04-11,A+,2,False,
USG002756,FAC012,Vijayanagara,2026-04-12,AB-,4,False,
USG002757,FAC012,Vijayanagara,2026-04-13,B+,1,False,
USG002758,FAC012,Vijayanagara,2026-04-13,B-,2,False,
USG002759,FAC012,Vijayanagara,2026-04-14,AB+,4,False,
USG002760,FAC012,Vijayanagara,2026-04-15,O+,3,False,
USG002761,FAC012,Vijayanagara,2026-04-15,B+,3,False,
USG002762,FAC012,Vijayanagara,2026-04-15,AB+,2,False,
USG002763,FAC012,Vijayanagara,2026-04-17,O+,2,False,
USG002764,FAC012,Vijayanagara,2026-04-19,A+,3,False,
USG002765,FAC012,Vijayanagara,2026-04-19,O-,1,False,
USG002766,FAC012,Vijayanagara,2026-04-20,A-,1,False,
USG002767,FAC012,Vijayanagara,2026-04-21,B+,4,False,
USG002768,FAC012,Vijayanagara,2026-04-23,O+,1,False,
USG002769,FAC012,Vijayanagara,2026-04-25,B+,1,False,
USG002770,FAC012,Vijayanagara,2026-04-26,O-,4,False,
USG002771,FAC012,Vijayanagara,2026-04-28,O+,1,False,
USG002772,FAC012,Vijayanagara,2026-05-05,O-,2,False,
USG002773,FAC012,Vijayanagara,2026-05-06,O+,4,False,
USG002774,FAC012,Vijayanagara,2026-05-07,A+,1,False,
USG002775,FAC012,Vijayanagara,2026-05-08,A-,4,False,
USG002776,FAC012,Vijayanagara,2026-05-09,O+,2,False,
USG002777,FAC012,Vijayanagara,2026-05-10,O+,1,False,
USG002778,FAC012,Vijayanagara,2026-05-10,A+,1,False,
USG002779,FAC012,Vijayanagara,2026-05-10,B-,3,False,
USG002780,FAC012,Vijayanagara,2026-05-11,O+,3,False,
USG002781,FAC012,Vijayanagara,2026-05-11,A-,4,False,
USG002782,FAC012,Vijayanagara,2026-05-12,B+,2,False,
USG002783,FAC012,Vijayanagara,2026-05-13,A+,4,False,
USG002784,FAC012,Vijayanagara,2026-05-14,A+,4,False,
USG002785,FAC012,Vijayanagara,2026-05-15,AB-,3,False,
USG002786,FAC012,Vijayanagara,2026-05-16,O+,3,False,
USG002787,FAC012,Vijayanagara,2026-05-17,A+,1,False,
USG002788,FAC012,Vijayanagara,2026-05-18,O+,1,False,
USG002789,FAC012,Vijayanagara,2026-05-19,O-,3,False,
USG002790,FAC012,Vijayanagara,2026-05-20,O-,4,False,
USG002791,FAC012,Vijayanagara,2026-05-21,B+,1,False,
USG002792,FAC012,Vijayanagara,2026-05-22,O+,3,False,
USG002793,FAC012,Vijayanagara,2026-05-25,A+,1,False,
USG002794,FAC012,Vijayanagara,2026-05-25,AB-,3,False,
USG002795,FAC012,Vijayanagara,2026-05-27,B+,3,False,
USG002796,FAC012,Vijayanagara,2026-05-27,A+,1,False,
USG002797,FAC012,Vijayanagara,2026-05-28,A+,4,False,
USG002798,FAC012,Vijayanagara,2026-05-28,AB-,3,False,
USG002799,FAC012,Vijayanagara,2026-05-29,A+,1,False,
USG002800,FAC012,Vijayanagara,2026-05-29,B-,2,False,
USG002801,FAC012,Vijayanagara,2026-05-30,B+,3,False,
USG002802,FAC012,Vijayanagara,2026-06-01,O+,2,False,
USG002803,FAC012,Vijayanagara,2026-06-01,A+,2,False,
USG002804,FAC012,Vijayanagara,2026-06-02,A+,4,False,
USG002805,FAC012,Vijayanagara,2026-06-03,O+,2,False,
USG002806,FAC012,Vijayanagara,2026-06-03,B+,4,False,
USG002807,FAC012,Vijayanagara,2026-06-05,O+,3,False,
USG002808,FAC012,Vijayanagara,2026-06-06,B+,3,False,
USG002809,FAC012,Vijayanagara,2026-06-07,AB-,1,False,
USG002810,FAC012,Vijayanagara,2026-06-08,O-,1,False,
USG002811,FAC012,Vijayanagara,2026-06-13,B+,3,False,
USG002812,FAC012,Vijayanagara,2026-06-13,A+,1,False,
USG002813,FAC012,Vijayanagara,2026-06-14,O+,2,False,
USG002814,FAC012,Vijayanagara,2026-06-14,B+,3,False,
USG002815,FAC012,Vijayanagara,2026-06-16,O+,4,False,
USG002816,FAC012,Vijayanagara,2026-06-19,O+,4,False,
USG002817,FAC012,Vijayanagara,2026-06-19,B+,2,False,
USG002818,FAC012,Vijayanagara,2026-06-21,O-,3,False,
USG002819,FAC012,Vijayanagara,2026-06-21,A-,2,False,
USG002820,FAC012,Vijayanagara,2026-06-22,AB+,4,False,
USG002821,FAC012,Vijayanagara,2026-06-22,O-,2,False,
USG002822,FAC012,Vijayanagara,2026-06-23,O+,2,False,
USG002823,FAC012,Vijayanagara,2026-06-23,A+,1,False,
USG002824,FAC012,Vijayanagara,2026-06-23,AB-,2,False,
USG002825,FAC012,Vijayanagara,2026-06-29,O+,2,False,
USG002826,FAC012,Vijayanagara,2026-06-29,B+,2,False,
USG002827,FAC012,Vijayanagara,2026-06-29,O-,2,False,
USG002828,FAC012,Vijayanagara,2026-06-30,A+,4,False,
USG002829,FAC012,Vijayanagara,2026-06-30,A-,3,False,
USG002830,FAC012,Vijayanagara,2026-07-01,AB+,4,False,
USG002831,FAC012,Vijayanagara,2026-07-01,AB-,1,False,
USG002832,FAC012,Vijayanagara,2026-07-02,A-,3,False,
USG002833,FAC012,Vijayanagara,2026-07-06,B+,3,False,
USG002834,FAC012,Vijayanagara,2026-07-06,A+,1,False,
USG002835,FAC012,Vijayanagara,2026-07-06,O-,4,False,
USG002836,FAC012,Vijayanagara,2026-07-06,B-,2,False,
USG002837,FAC012,Vijayanagara,2026-07-09,O+,2,False,
USG002838,FAC012,Vijayanagara,2026-07-09,B+,4,False,
USG002839,FAC012,Vijayanagara,2026-07-11,B+,3,False,
USG002840,FAC012,Vijayanagara,2026-07-11,AB+,2,False,
USG002841,FAC012,Vijayanagara,2026-07-12,A+,2,False,
USG002842,FAC012,Vijayanagara,2026-07-12,A-,1,False,
USG002843,FAC012,Vijayanagara,2026-07-13,A+,2,False,
USG002844,FAC012,Vijayanagara,2026-07-14,O+,3,False,
USG002845,FAC012,Vijayanagara,2026-07-16,O+,2,True,Monsoon peak flood-risk weeks
USG002846,FAC012,Vijayanagara,2026-07-16,O-,4,True,Monsoon peak flood-risk weeks
USG002847,FAC012,Vijayanagara,2026-07-17,O+,1,True,Monsoon peak flood-risk weeks
USG002848,FAC012,Vijayanagara,2026-07-18,A+,5,True,Monsoon peak flood-risk weeks
USG002849,FAC012,Vijayanagara,2026-07-18,AB+,4,True,Monsoon peak flood-risk weeks
USG002850,FAC012,Vijayanagara,2026-07-20,O+,3,True,Monsoon peak flood-risk weeks
USG002851,FAC012,Vijayanagara,2026-07-21,A+,7,True,Monsoon peak flood-risk weeks
USG002852,FAC012,Vijayanagara,2026-07-22,B+,6,True,Monsoon peak flood-risk weeks
USG002853,FAC012,Vijayanagara,2026-07-24,B+,6,True,Monsoon peak flood-risk weeks
USG002854,FAC012,Vijayanagara,2026-07-25,B-,3,True,Monsoon peak flood-risk weeks
USG002855,FAC012,Vijayanagara,2026-07-27,O+,6,True,Monsoon peak flood-risk weeks
USG002856,FAC012,Vijayanagara,2026-07-27,A+,2,True,Monsoon peak flood-risk weeks
USG002857,FAC012,Vijayanagara,2026-07-27,A-,6,True,Monsoon peak flood-risk weeks
USG002858,FAC012,Vijayanagara,2026-07-30,B+,1,True,Monsoon peak flood-risk weeks
USG002859,FAC012,Vijayanagara,2026-07-30,AB+,5,True,Monsoon peak flood-risk weeks
USG002860,FAC012,Vijayanagara,2026-07-31,O+,4,True,Monsoon peak flood-risk weeks
USG002861,FAC012,Vijayanagara,2026-07-31,AB+,2,True,Monsoon peak flood-risk weeks
USG002862,FAC012,Vijayanagara,2026-08-01,A+,4,True,Monsoon peak flood-risk weeks
USG002863,FAC013,Vijayanagara,2025-08-02,A+,4,True,Monsoon peak flood-risk weeks
USG002864,FAC013,Vijayanagara,2025-08-02,AB-,2,True,Monsoon peak flood-risk weeks
USG002865,FAC013,Vijayanagara,2025-08-03,A+,5,True,Monsoon peak flood-risk weeks
USG002866,FAC013,Vijayanagara,2025-08-05,O+,3,True,Monsoon peak flood-risk weeks
USG002867,FAC013,Vijayanagara,2025-08-10,AB+,2,False,
USG002868,FAC013,Vijayanagara,2025-08-12,A+,3,False,
USG002869,FAC013,Vijayanagara,2025-08-22,A+,1,False,
USG002870,FAC013,Vijayanagara,2025-08-23,A-,1,False,
USG002871,FAC013,Vijayanagara,2025-08-24,AB+,3,True,Local incident spike
USG002872,FAC013,Vijayanagara,2025-09-05,B-,3,False,
USG002873,FAC013,Vijayanagara,2025-09-08,AB+,2,False,
USG002874,FAC013,Vijayanagara,2025-09-09,AB+,1,False,
USG002875,FAC013,Vijayanagara,2025-09-12,B-,3,False,
USG002876,FAC013,Vijayanagara,2025-09-14,A+,2,False,
USG002877,FAC013,Vijayanagara,2025-09-15,O+,2,False,
USG002878,FAC013,Vijayanagara,2025-09-16,O+,3,True,Festival travel peak (Dasara)
USG002879,FAC013,Vijayanagara,2025-09-18,O+,3,True,Festival travel peak (Dasara)
USG002880,FAC013,Vijayanagara,2025-09-18,A+,4,True,Festival travel peak (Dasara)
USG002881,FAC013,Vijayanagara,2025-09-19,A+,2,True,Festival travel peak (Dasara)
USG002882,FAC013,Vijayanagara,2025-09-20,AB+,2,True,Festival travel peak (Dasara)
USG002883,FAC013,Vijayanagara,2025-09-22,O-,4,True,Festival travel peak (Dasara)
USG002884,FAC013,Vijayanagara,2025-09-24,A+,4,True,Festival travel peak (Dasara)
USG002885,FAC013,Vijayanagara,2025-09-25,A-,3,True,Festival travel peak (Dasara)
USG002886,FAC013,Vijayanagara,2025-09-27,B-,2,True,Festival travel peak (Dasara)
USG002887,FAC013,Vijayanagara,2025-09-28,AB-,5,True,Festival travel peak (Dasara)
USG002888,FAC013,Vijayanagara,2025-09-30,AB+,2,True,Festival travel peak (Dasara)
USG002889,FAC013,Vijayanagara,2025-10-02,AB-,3,True,Festival travel peak (Dasara)
USG002890,FAC013,Vijayanagara,2025-10-07,B-,5,True,Festival travel peak (Dasara)
USG002891,FAC013,Vijayanagara,2025-10-09,AB+,1,True,Festival travel peak (Dasara)
USG002892,FAC013,Vijayanagara,2025-10-14,AB+,3,False,
USG002893,FAC013,Vijayanagara,2025-10-15,AB+,2,False,
USG002894,FAC013,Vijayanagara,2025-10-16,O+,3,False,
USG002895,FAC013,Vijayanagara,2025-10-17,A+,2,False,
USG002896,FAC013,Vijayanagara,2025-10-18,A-,3,False,
USG002897,FAC013,Vijayanagara,2025-10-23,A+,3,False,
USG002898,FAC013,Vijayanagara,2025-10-27,B-,1,False,
USG002899,FAC013,Vijayanagara,2025-11-02,AB+,2,False,
USG002900,FAC013,Vijayanagara,2025-11-05,A+,1,False,
USG002901,FAC013,Vijayanagara,2025-11-06,AB+,1,False,
USG002902,FAC013,Vijayanagara,2025-11-07,AB+,3,False,
USG002903,FAC013,Vijayanagara,2025-11-07,O-,1,False,
USG002904,FAC013,Vijayanagara,2025-11-08,O+,2,False,
USG002905,FAC013,Vijayanagara,2025-11-14,O-,2,False,
USG002906,FAC013,Vijayanagara,2025-11-20,O+,1,False,
USG002907,FAC013,Vijayanagara,2025-11-20,AB-,1,False,
USG002908,FAC013,Vijayanagara,2025-11-21,O+,3,False,
USG002909,FAC013,Vijayanagara,2025-11-23,A+,2,False,
USG002910,FAC013,Vijayanagara,2025-11-23,O-,2,False,
USG002911,FAC013,Vijayanagara,2025-11-26,B-,2,False,
USG002912,FAC013,Vijayanagara,2025-11-28,O+,3,False,
USG002913,FAC013,Vijayanagara,2025-11-28,O-,1,False,
USG002914,FAC013,Vijayanagara,2025-11-29,A-,3,False,
USG002915,FAC013,Vijayanagara,2025-11-30,A+,2,False,
USG002916,FAC013,Vijayanagara,2025-12-07,AB+,1,False,
USG002917,FAC013,Vijayanagara,2025-12-09,O+,3,False,
USG002918,FAC013,Vijayanagara,2025-12-13,AB+,3,False,
USG002919,FAC013,Vijayanagara,2025-12-13,A-,3,False,
USG002920,FAC013,Vijayanagara,2025-12-18,O+,2,False,
USG002921,FAC013,Vijayanagara,2025-12-29,O+,2,False,
USG002922,FAC013,Vijayanagara,2026-01-02,O-,4,True,New Year travel period
USG002923,FAC013,Vijayanagara,2026-01-03,O-,3,False,
USG002924,FAC013,Vijayanagara,2026-01-05,O-,1,False,
USG002925,FAC013,Vijayanagara,2026-01-07,O+,2,False,
USG002926,FAC013,Vijayanagara,2026-01-11,A+,1,False,
USG002927,FAC013,Vijayanagara,2026-01-12,O+,2,False,
USG002928,FAC013,Vijayanagara,2026-01-18,O+,2,False,
USG002929,FAC013,Vijayanagara,2026-01-19,O+,1,False,
USG002930,FAC013,Vijayanagara,2026-01-20,O+,3,False,
USG002931,FAC013,Vijayanagara,2026-01-25,A+,2,False,
USG002932,FAC013,Vijayanagara,2026-02-08,O+,1,False,
USG002933,FAC013,Vijayanagara,2026-02-09,A+,2,False,
USG002934,FAC013,Vijayanagara,2026-02-10,A+,1,False,
USG002935,FAC013,Vijayanagara,2026-02-11,A+,1,False,
USG002936,FAC013,Vijayanagara,2026-02-17,O+,2,False,
USG002937,FAC013,Vijayanagara,2026-02-18,O+,1,False,
USG002938,FAC013,Vijayanagara,2026-02-22,A+,3,False,
USG002939,FAC013,Vijayanagara,2026-02-28,O+,1,False,
USG002940,FAC013,Vijayanagara,2026-03-01,A-,1,False,
USG002941,FAC013,Vijayanagara,2026-03-04,O+,1,False,
USG002942,FAC013,Vijayanagara,2026-03-05,A+,3,False,
USG002943,FAC013,Vijayanagara,2026-03-07,O+,2,False,
USG002944,FAC013,Vijayanagara,2026-03-11,O+,2,False,
USG002945,FAC013,Vijayanagara,2026-03-12,O-,3,False,
USG002946,FAC013,Vijayanagara,2026-03-18,A+,3,False,
USG002947,FAC013,Vijayanagara,2026-03-19,A-,1,False,
USG002948,FAC013,Vijayanagara,2026-03-20,AB+,2,False,
USG002949,FAC013,Vijayanagara,2026-03-22,AB+,1,False,
USG002950,FAC013,Vijayanagara,2026-03-22,A-,1,False,
USG002951,FAC013,Vijayanagara,2026-03-24,A+,2,False,
USG002952,FAC013,Vijayanagara,2026-03-25,A+,1,False,
USG002953,FAC013,Vijayanagara,2026-03-27,O-,1,False,
USG002954,FAC013,Vijayanagara,2026-03-30,B-,1,False,
USG002955,FAC013,Vijayanagara,2026-04-08,B-,3,False,
USG002956,FAC013,Vijayanagara,2026-04-16,O+,2,False,
USG002957,FAC013,Vijayanagara,2026-04-20,O-,1,False,
USG002958,FAC013,Vijayanagara,2026-04-22,O-,3,False,
USG002959,FAC013,Vijayanagara,2026-04-24,O+,2,False,
USG002960,FAC013,Vijayanagara,2026-04-25,A+,2,False,
USG002961,FAC013,Vijayanagara,2026-05-02,A+,1,False,
USG002962,FAC013,Vijayanagara,2026-05-04,A+,3,False,
USG002963,FAC013,Vijayanagara,2026-05-05,A-,2,False,
USG002964,FAC013,Vijayanagara,2026-05-08,A+,1,False,
USG002965,FAC013,Vijayanagara,2026-05-15,A+,1,False,
USG002966,FAC013,Vijayanagara,2026-05-19,AB+,3,False,
USG002967,FAC013,Vijayanagara,2026-05-20,A+,2,False,
USG002968,FAC013,Vijayanagara,2026-05-27,O+,2,False,
USG002969,FAC013,Vijayanagara,2026-05-29,O+,3,False,
USG002970,FAC013,Vijayanagara,2026-06-06,A+,3,False,
USG002971,FAC013,Vijayanagara,2026-06-09,O-,2,False,
USG002972,FAC013,Vijayanagara,2026-06-11,AB-,1,False,
USG002973,FAC013,Vijayanagara,2026-06-13,AB+,2,False,
USG002974,FAC013,Vijayanagara,2026-06-23,O+,3,False,
USG002975,FAC013,Vijayanagara,2026-06-26,A+,2,False,
USG002976,FAC013,Vijayanagara,2026-06-27,O+,3,False,
USG002977,FAC013,Vijayanagara,2026-06-27,A-,2,False,
USG002978,FAC013,Vijayanagara,2026-07-01,A+,1,False,
USG002979,FAC013,Vijayanagara,2026-07-02,O-,1,False,
USG002980,FAC013,Vijayanagara,2026-07-02,AB-,2,False,
USG002981,FAC013,Vijayanagara,2026-07-03,B-,2,False,
USG002982,FAC013,Vijayanagara,2026-07-07,A+,1,False,
USG002983,FAC013,Vijayanagara,2026-07-08,O+,3,False,
USG002984,FAC013,Vijayanagara,2026-07-10,O+,3,False,
USG002985,FAC013,Vijayanagara,2026-07-11,A+,3,False,
USG002986,FAC013,Vijayanagara,2026-07-14,AB-,1,False,
USG002987,FAC013,Vijayanagara,2026-07-16,O+,4,True,Monsoon peak flood-risk weeks
USG002988,FAC013,Vijayanagara,2026-07-16,AB+,2,True,Monsoon peak flood-risk weeks
USG002989,FAC013,Vijayanagara,2026-07-17,A+,3,True,Monsoon peak flood-risk weeks
USG002990,FAC013,Vijayanagara,2026-07-19,O-,4,True,Monsoon peak flood-risk weeks
USG002991,FAC013,Vijayanagara,2026-07-21,O-,1,True,Monsoon peak flood-risk weeks
USG002992,FAC013,Vijayanagara,2026-07-22,O-,2,True,Monsoon peak flood-risk weeks
USG002993,FAC013,Vijayanagara,2026-07-24,A-,3,True,Monsoon peak flood-risk weeks
USG002994,FAC013,Vijayanagara,2026-07-26,A+,2,True,Monsoon peak flood-risk weeks
USG002995,FAC014,Vijayanagara,2025-08-02,B+,2,True,Monsoon peak flood-risk weeks
USG002996,FAC014,Vijayanagara,2025-08-13,AB-,3,False,
USG002997,FAC014,Vijayanagara,2025-08-14,B+,2,False,
USG002998,FAC014,Vijayanagara,2025-08-22,O+,3,False,
USG002999,FAC014,Vijayanagara,2025-08-22,O-,1,False,
USG003000,FAC014,Vijayanagara,2025-08-23,B+,1,False,
USG003001,FAC014,Vijayanagara,2025-08-24,B+,1,False,
USG003002,FAC014,Vijayanagara,2025-08-26,A+,2,False,
USG003003,FAC014,Vijayanagara,2025-08-29,B+,2,False,
USG003004,FAC014,Vijayanagara,2025-08-30,B+,3,False,
USG003005,FAC014,Vijayanagara,2025-08-31,A+,3,False,
USG003006,FAC014,Vijayanagara,2025-09-01,AB-,1,False,
USG003007,FAC014,Vijayanagara,2025-09-03,AB-,3,False,
USG003008,FAC014,Vijayanagara,2025-09-04,AB+,2,False,
USG003009,FAC014,Vijayanagara,2025-09-09,B-,2,False,
USG003010,FAC014,Vijayanagara,2025-09-12,B-,1,False,
USG003011,FAC014,Vijayanagara,2025-09-15,AB+,3,False,
USG003012,FAC014,Vijayanagara,2025-09-15,B-,2,False,
USG003013,FAC014,Vijayanagara,2025-09-16,O+,5,True,Festival travel peak (Dasara)
USG003014,FAC014,Vijayanagara,2025-09-16,B+,5,True,Festival travel peak (Dasara)
USG003015,FAC014,Vijayanagara,2025-09-16,A+,5,True,Festival travel peak (Dasara)
USG003016,FAC014,Vijayanagara,2025-09-18,A-,5,True,Festival travel peak (Dasara)
USG003017,FAC014,Vijayanagara,2025-09-19,AB+,1,True,Festival travel peak (Dasara)
USG003018,FAC014,Vijayanagara,2025-09-20,O+,4,True,Festival travel peak (Dasara)
USG003019,FAC014,Vijayanagara,2025-09-20,A+,4,True,Festival travel peak (Dasara)
USG003020,FAC014,Vijayanagara,2025-09-21,A+,2,True,Festival travel peak (Dasara)
USG003021,FAC014,Vijayanagara,2025-09-24,A+,3,True,Festival travel peak (Dasara)
USG003022,FAC014,Vijayanagara,2025-09-27,O-,5,True,Festival travel peak (Dasara)
USG003023,FAC014,Vijayanagara,2025-09-28,A-,3,True,Festival travel peak (Dasara)
USG003024,FAC014,Vijayanagara,2025-09-29,A-,2,True,Festival travel peak (Dasara)
USG003025,FAC014,Vijayanagara,2025-10-02,O-,1,True,Festival travel peak (Dasara)
USG003026,FAC014,Vijayanagara,2025-10-07,A+,2,True,Festival travel peak (Dasara)
USG003027,FAC014,Vijayanagara,2025-10-07,AB+,3,True,Festival travel peak (Dasara)
USG003028,FAC014,Vijayanagara,2025-10-07,A-,2,True,Festival travel peak (Dasara)
USG003029,FAC014,Vijayanagara,2025-10-08,O+,3,True,Festival travel peak (Dasara)
USG003030,FAC014,Vijayanagara,2025-10-09,AB+,1,True,Festival travel peak (Dasara)
USG003031,FAC014,Vijayanagara,2025-10-10,O-,3,True,Festival travel peak (Dasara)
USG003032,FAC014,Vijayanagara,2025-10-11,A+,1,False,
USG003033,FAC014,Vijayanagara,2025-10-28,B+,3,False,
USG003034,FAC014,Vijayanagara,2025-10-29,A+,1,False,
USG003035,FAC014,Vijayanagara,2025-10-30,A+,3,False,
USG003036,FAC014,Vijayanagara,2025-10-31,B+,3,False,
USG003037,FAC014,Vijayanagara,2025-11-06,O+,3,False,
USG003038,FAC014,Vijayanagara,2025-11-06,O-,2,False,
USG003039,FAC014,Vijayanagara,2025-11-07,B+,2,False,
USG003040,FAC014,Vijayanagara,2025-11-16,A+,3,False,
USG003041,FAC014,Vijayanagara,2025-11-16,AB-,3,False,
USG003042,FAC014,Vijayanagara,2025-11-22,AB+,1,False,
USG003043,FAC014,Vijayanagara,2025-11-28,AB-,2,False,
USG003044,FAC014,Vijayanagara,2025-11-29,O+,4,True,Local incident spike
USG003045,FAC014,Vijayanagara,2025-11-29,B+,4,True,Local incident spike
USG003046,FAC014,Vijayanagara,2025-12-02,AB+,1,False,
USG003047,FAC014,Vijayanagara,2025-12-03,AB-,3,False,
USG003048,FAC014,Vijayanagara,2025-12-04,A+,3,False,
USG003049,FAC014,Vijayanagara,2025-12-04,AB+,1,False,
USG003050,FAC014,Vijayanagara,2025-12-09,O+,1,False,
USG003051,FAC014,Vijayanagara,2025-12-10,AB+,3,False,
USG003052,FAC014,Vijayanagara,2025-12-10,O-,2,False,
USG003053,FAC014,Vijayanagara,2025-12-16,O+,2,False,
USG003054,FAC014,Vijayanagara,2025-12-17,B+,1,False,
USG003055,FAC014,Vijayanagara,2025-12-18,B+,3,False,
USG003056,FAC014,Vijayanagara,2025-12-20,O+,2,False,
USG003057,FAC014,Vijayanagara,2025-12-21,O+,1,False,
USG003058,FAC014,Vijayanagara,2025-12-27,A-,2,False,
USG003059,FAC014,Vijayanagara,2025-12-28,AB+,1,False,
USG003060,FAC014,Vijayanagara,2025-12-30,B+,3,True,New Year travel period
USG003061,FAC014,Vijayanagara,2026-01-02,B+,5,True,New Year travel period
USG003062,FAC014,Vijayanagara,2026-01-02,O-,5,True,New Year travel period
USG003063,FAC014,Vijayanagara,2026-01-04,AB+,2,False,
USG003064,FAC014,Vijayanagara,2026-01-12,B+,3,False,
USG003065,FAC014,Vijayanagara,2026-01-15,A+,1,False,
USG003066,FAC014,Vijayanagara,2026-01-15,A-,2,False,
USG003067,FAC014,Vijayanagara,2026-01-18,O+,2,False,
USG003068,FAC014,Vijayanagara,2026-01-19,O-,3,False,
USG003069,FAC014,Vijayanagara,2026-01-21,B+,3,False,
USG003070,FAC014,Vijayanagara,2026-01-23,O+,2,False,
USG003071,FAC014,Vijayanagara,2026-01-24,AB+,1,False,
USG003072,FAC014,Vijayanagara,2026-01-25,B+,3,False,
USG003073,FAC014,Vijayanagara,2026-01-26,AB+,3,False,
USG003074,FAC014,Vijayanagara,2026-01-27,AB+,3,False,
USG003075,FAC014,Vijayanagara,2026-01-28,AB+,3,False,
USG003076,FAC014,Vijayanagara,2026-01-29,O+,1,False,
USG003077,FAC014,Vijayanagara,2026-02-01,B+,1,False,
USG003078,FAC014,Vijayanagara,2026-02-09,AB+,1,False,
USG003079,FAC014,Vijayanagara,2026-02-11,A-,3,False,
USG003080,FAC014,Vijayanagara,2026-02-13,O+,2,False,
USG003081,FAC014,Vijayanagara,2026-02-13,O-,1,False,
USG003082,FAC014,Vijayanagara,2026-02-15,B+,1,True,Local incident spike
USG003083,FAC014,Vijayanagara,2026-02-20,O-,1,False,
USG003084,FAC014,Vijayanagara,2026-02-21,AB+,1,False,
USG003085,FAC014,Vijayanagara,2026-02-23,A+,1,False,
USG003086,FAC014,Vijayanagara,2026-02-26,A+,2,False,
USG003087,FAC014,Vijayanagara,2026-02-26,O-,2,False,
USG003088,FAC014,Vijayanagara,2026-02-27,O+,2,False,
USG003089,FAC014,Vijayanagara,2026-02-27,B+,1,False,
USG003090,FAC014,Vijayanagara,2026-03-02,O+,2,False,
USG003091,FAC014,Vijayanagara,2026-03-02,B+,2,False,
USG003092,FAC014,Vijayanagara,2026-03-03,A+,3,False,
USG003093,FAC014,Vijayanagara,2026-03-04,A+,3,False,
USG003094,FAC014,Vijayanagara,2026-03-05,A+,1,False,
USG003095,FAC014,Vijayanagara,2026-03-06,A+,3,False,
USG003096,FAC014,Vijayanagara,2026-03-06,AB+,1,False,
USG003097,FAC014,Vijayanagara,2026-03-06,O-,1,False,
USG003098,FAC014,Vijayanagara,2026-03-14,AB+,2,False,
USG003099,FAC014,Vijayanagara,2026-03-14,AB-,3,False,
USG003100,FAC014,Vijayanagara,2026-03-15,A+,3,False,
USG003101,FAC014,Vijayanagara,2026-03-16,O+,1,False,
USG003102,FAC014,Vijayanagara,2026-03-16,O-,1,False,
USG003103,FAC014,Vijayanagara,2026-03-20,B+,1,True,Local incident spike
USG003104,FAC014,Vijayanagara,2026-03-20,A-,3,True,Local incident spike
USG003105,FAC014,Vijayanagara,2026-03-22,O+,1,False,
USG003106,FAC014,Vijayanagara,2026-03-22,AB+,2,False,
USG003107,FAC014,Vijayanagara,2026-03-24,A+,3,False,
USG003108,FAC014,Vijayanagara,2026-03-25,O+,2,False,
USG003109,FAC014,Vijayanagara,2026-03-25,AB+,2,False,
USG003110,FAC014,Vijayanagara,2026-03-26,B+,2,False,
USG003111,FAC014,Vijayanagara,2026-03-30,O+,1,False,
USG003112,FAC014,Vijayanagara,2026-04-01,AB+,2,False,
USG003113,FAC014,Vijayanagara,2026-04-02,O+,2,False,
USG003114,FAC014,Vijayanagara,2026-04-02,O-,1,False,
USG003115,FAC014,Vijayanagara,2026-04-05,B-,1,False,
USG003116,FAC014,Vijayanagara,2026-04-11,B+,3,False,
USG003117,FAC014,Vijayanagara,2026-04-21,AB+,3,False,
USG003118,FAC014,Vijayanagara,2026-04-21,A-,3,False,
USG003119,FAC014,Vijayanagara,2026-04-23,A+,2,False,
USG003120,FAC014,Vijayanagara,2026-04-24,A+,1,False,
USG003121,FAC014,Vijayanagara,2026-04-26,B-,3,False,
USG003122,FAC014,Vijayanagara,2026-04-27,B+,3,False,
USG003123,FAC014,Vijayanagara,2026-04-29,AB+,3,False,
USG003124,FAC014,Vijayanagara,2026-05-04,O+,3,False,
USG003125,FAC014,Vijayanagara,2026-05-05,B+,3,False,
USG003126,FAC014,Vijayanagara,2026-05-11,O+,2,False,
USG003127,FAC014,Vijayanagara,2026-05-15,O+,1,False,
USG003128,FAC014,Vijayanagara,2026-05-16,A+,2,False,
USG003129,FAC014,Vijayanagara,2026-05-18,B+,2,False,
USG003130,FAC014,Vijayanagara,2026-05-18,AB+,2,False,
USG003131,FAC014,Vijayanagara,2026-05-22,O+,2,False,
USG003132,FAC014,Vijayanagara,2026-05-26,O+,2,False,
USG003133,FAC014,Vijayanagara,2026-05-27,O+,1,False,
USG003134,FAC014,Vijayanagara,2026-05-28,O+,1,False,
USG003135,FAC014,Vijayanagara,2026-05-30,A+,3,False,
USG003136,FAC014,Vijayanagara,2026-06-07,B+,2,False,
USG003137,FAC014,Vijayanagara,2026-06-08,B+,1,False,
USG003138,FAC014,Vijayanagara,2026-06-09,B+,2,False,
USG003139,FAC014,Vijayanagara,2026-06-09,A+,2,False,
USG003140,FAC014,Vijayanagara,2026-06-10,B-,5,True,Local incident spike
USG003141,FAC014,Vijayanagara,2026-06-12,B+,3,False,
USG003142,FAC014,Vijayanagara,2026-06-16,O+,1,False,
USG003143,FAC014,Vijayanagara,2026-06-19,B+,1,False,
USG003144,FAC014,Vijayanagara,2026-06-22,O+,1,False,
USG003145,FAC014,Vijayanagara,2026-06-23,AB-,2,False,
USG003146,FAC014,Vijayanagara,2026-06-27,B+,3,False,
USG003147,FAC014,Vijayanagara,2026-06-29,A-,2,False,
USG003148,FAC014,Vijayanagara,2026-07-02,A+,2,False,
USG003149,FAC014,Vijayanagara,2026-07-06,AB+,2,False,
USG003150,FAC014,Vijayanagara,2026-07-06,O-,3,False,
USG003151,FAC014,Vijayanagara,2026-07-15,O+,3,True,Monsoon peak flood-risk weeks
USG003152,FAC014,Vijayanagara,2026-07-18,O+,4,True,Monsoon peak flood-risk weeks
USG003153,FAC014,Vijayanagara,2026-07-29,O+,2,True,Monsoon peak flood-risk weeks
USG003154,FAC014,Vijayanagara,2026-07-30,O+,3,True,Monsoon peak flood-risk weeks
USG003155,FAC014,Vijayanagara,2026-07-31,AB-,1,True,Monsoon peak flood-risk weeks
USG003156,FAC014,Vijayanagara,2026-08-01,B+,2,True,Monsoon peak flood-risk weeks
USG003157,FAC015,Vijayanagara,2025-08-02,A+,2,True,Monsoon peak flood-risk weeks
USG003158,FAC015,Vijayanagara,2025-08-04,O-,4,True,Monsoon peak flood-risk weeks
USG003159,FAC015,Vijayanagara,2025-08-04,A-,2,True,Monsoon peak flood-risk weeks
USG003160,FAC015,Vijayanagara,2025-08-05,B-,1,True,Monsoon peak flood-risk weeks
USG003161,FAC015,Vijayanagara,2025-08-09,AB-,1,False,
USG003162,FAC015,Vijayanagara,2025-08-17,B+,1,False,
USG003163,FAC015,Vijayanagara,2025-08-20,A+,2,False,
USG003164,FAC015,Vijayanagara,2025-08-22,B+,3,False,
USG003165,FAC015,Vijayanagara,2025-08-23,AB+,2,False,
USG003166,FAC015,Vijayanagara,2025-08-26,B-,2,False,
USG003167,FAC015,Vijayanagara,2025-08-28,B+,2,False,
USG003168,FAC015,Vijayanagara,2025-09-03,O+,1,False,
USG003169,FAC015,Vijayanagara,2025-09-04,A+,3,False,
USG003170,FAC015,Vijayanagara,2025-09-11,O+,2,True,Local incident spike
USG003171,FAC015,Vijayanagara,2025-09-12,AB+,1,False,
USG003172,FAC015,Vijayanagara,2025-09-15,O+,2,False,
USG003173,FAC015,Vijayanagara,2025-09-16,O+,3,True,Festival travel peak (Dasara)
USG003174,FAC015,Vijayanagara,2025-09-16,AB+,1,True,Festival travel peak (Dasara)
USG003175,FAC015,Vijayanagara,2025-09-16,A-,2,True,Festival travel peak (Dasara)
USG003176,FAC015,Vijayanagara,2025-09-17,A-,3,True,Festival travel peak (Dasara)
USG003177,FAC015,Vijayanagara,2025-09-18,B-,4,True,Festival travel peak (Dasara)
USG003178,FAC015,Vijayanagara,2025-09-19,O+,3,True,Festival travel peak (Dasara)
USG003179,FAC015,Vijayanagara,2025-09-19,B+,3,True,Festival travel peak (Dasara)
USG003180,FAC015,Vijayanagara,2025-09-21,O+,1,True,Festival travel peak (Dasara)
USG003181,FAC015,Vijayanagara,2025-09-21,B+,3,True,Festival travel peak (Dasara)
USG003182,FAC015,Vijayanagara,2025-09-21,A+,5,True,Festival travel peak (Dasara)
USG003183,FAC015,Vijayanagara,2025-09-21,AB+,3,True,Festival travel peak (Dasara)
USG003184,FAC015,Vijayanagara,2025-09-21,O-,3,True,Festival travel peak (Dasara)
USG003185,FAC015,Vijayanagara,2025-09-23,B-,2,True,Festival travel peak (Dasara)
USG003186,FAC015,Vijayanagara,2025-09-24,B+,1,True,Festival travel peak (Dasara)
USG003187,FAC015,Vijayanagara,2025-09-30,A+,1,True,Festival travel peak (Dasara)
USG003188,FAC015,Vijayanagara,2025-10-02,O+,1,True,Festival travel peak (Dasara)
USG003189,FAC015,Vijayanagara,2025-10-02,B+,3,True,Festival travel peak (Dasara)
USG003190,FAC015,Vijayanagara,2025-10-02,AB-,3,True,Festival travel peak (Dasara)
USG003191,FAC015,Vijayanagara,2025-10-04,O+,2,True,Festival travel peak (Dasara)
USG003192,FAC015,Vijayanagara,2025-10-05,A+,5,True,Festival travel peak (Dasara)
USG003193,FAC015,Vijayanagara,2025-10-05,B-,5,True,Festival travel peak (Dasara)
USG003194,FAC015,Vijayanagara,2025-10-06,A+,5,True,Festival travel peak (Dasara)
USG003195,FAC015,Vijayanagara,2025-10-08,O+,3,True,Festival travel peak (Dasara)
USG003196,FAC015,Vijayanagara,2025-10-09,O+,5,True,Festival travel peak (Dasara)
USG003197,FAC015,Vijayanagara,2025-10-11,O+,1,False,
USG003198,FAC015,Vijayanagara,2025-10-11,B+,1,False,
USG003199,FAC015,Vijayanagara,2025-10-14,B-,3,False,
USG003200,FAC015,Vijayanagara,2025-10-16,O+,2,False,
USG003201,FAC015,Vijayanagara,2025-10-16,A+,3,False,
USG003202,FAC015,Vijayanagara,2025-10-22,O+,2,False,
USG003203,FAC015,Vijayanagara,2025-10-25,A+,2,False,
USG003204,FAC015,Vijayanagara,2025-10-31,AB+,3,False,
USG003205,FAC015,Vijayanagara,2025-11-02,O+,3,False,
USG003206,FAC015,Vijayanagara,2025-11-03,B+,1,False,
USG003207,FAC015,Vijayanagara,2025-11-07,O+,2,False,
USG003208,FAC015,Vijayanagara,2025-11-07,B+,3,False,
USG003209,FAC015,Vijayanagara,2025-11-11,B+,2,False,
USG003210,FAC015,Vijayanagara,2025-11-11,A+,3,False,
USG003211,FAC015,Vijayanagara,2025-11-13,B+,3,False,
USG003212,FAC015,Vijayanagara,2025-11-13,A+,2,False,
USG003213,FAC015,Vijayanagara,2025-11-14,A+,1,False,
USG003214,FAC015,Vijayanagara,2025-11-14,B-,3,False,
USG003215,FAC015,Vijayanagara,2025-11-19,AB+,2,False,
USG003216,FAC015,Vijayanagara,2025-11-19,AB-,3,False,
USG003217,FAC015,Vijayanagara,2025-11-25,B+,1,False,
USG003218,FAC015,Vijayanagara,2025-11-26,AB-,2,False,
USG003219,FAC015,Vijayanagara,2025-11-29,B-,1,False,
USG003220,FAC015,Vijayanagara,2025-12-06,O-,2,False,
USG003221,FAC015,Vijayanagara,2025-12-08,O+,3,False,
USG003222,FAC015,Vijayanagara,2025-12-09,O+,3,False,
USG003223,FAC015,Vijayanagara,2025-12-10,O+,2,False,
USG003224,FAC015,Vijayanagara,2025-12-12,B+,1,False,
USG003225,FAC015,Vijayanagara,2025-12-17,B+,2,False,
USG003226,FAC015,Vijayanagara,2025-12-19,B-,3,False,
USG003227,FAC015,Vijayanagara,2025-12-21,A+,2,False,
USG003228,FAC015,Vijayanagara,2025-12-25,O+,1,False,
USG003229,FAC015,Vijayanagara,2025-12-25,B+,1,False,
USG003230,FAC015,Vijayanagara,2025-12-27,B-,3,False,
USG003231,FAC015,Vijayanagara,2025-12-29,O+,2,False,
USG003232,FAC015,Vijayanagara,2025-12-30,B+,2,True,New Year travel period
USG003233,FAC015,Vijayanagara,2025-12-31,AB+,5,True,New Year travel period
USG003234,FAC015,Vijayanagara,2025-12-31,B-,2,True,New Year travel period
USG003235,FAC015,Vijayanagara,2025-12-31,AB-,3,True,New Year travel period
USG003236,FAC015,Vijayanagara,2026-01-01,A-,1,True,New Year travel period
USG003237,FAC015,Vijayanagara,2026-01-07,O+,1,False,
USG003238,FAC015,Vijayanagara,2026-01-09,O+,2,False,
USG003239,FAC015,Vijayanagara,2026-01-09,A-,1,False,
USG003240,FAC015,Vijayanagara,2026-01-13,B+,1,False,
USG003241,FAC015,Vijayanagara,2026-01-13,AB-,2,False,
USG003242,FAC015,Vijayanagara,2026-01-16,AB-,3,False,
USG003243,FAC015,Vijayanagara,2026-01-18,B+,3,False,
USG003244,FAC015,Vijayanagara,2026-01-19,A+,2,False,
USG003245,FAC015,Vijayanagara,2026-01-21,AB+,1,False,
USG003246,FAC015,Vijayanagara,2026-01-24,A-,2,False,
USG003247,FAC015,Vijayanagara,2026-01-27,A-,1,False,
USG003248,FAC015,Vijayanagara,2026-02-01,AB-,3,False,
USG003249,FAC015,Vijayanagara,2026-02-03,B+,3,False,
USG003250,FAC015,Vijayanagara,2026-02-04,AB+,2,False,
USG003251,FAC015,Vijayanagara,2026-02-07,O-,2,True,Local incident spike
USG003252,FAC015,Vijayanagara,2026-02-13,O-,3,False,
USG003253,FAC015,Vijayanagara,2026-02-15,O+,3,False,
USG003254,FAC015,Vijayanagara,2026-02-16,B+,2,False,
USG003255,FAC015,Vijayanagara,2026-02-17,AB+,3,False,
USG003256,FAC015,Vijayanagara,2026-02-18,B+,2,False,
USG003257,FAC015,Vijayanagara,2026-02-20,O-,3,False,
USG003258,FAC015,Vijayanagara,2026-02-21,B+,1,False,
USG003259,FAC015,Vijayanagara,2026-02-25,B+,3,False,
USG003260,FAC015,Vijayanagara,2026-02-27,O-,3,False,
USG003261,FAC015,Vijayanagara,2026-03-01,B+,1,False,
USG003262,FAC015,Vijayanagara,2026-03-02,O+,1,False,
USG003263,FAC015,Vijayanagara,2026-03-03,A+,1,False,
USG003264,FAC015,Vijayanagara,2026-03-03,AB+,2,False,
USG003265,FAC015,Vijayanagara,2026-03-04,AB+,2,False,
USG003266,FAC015,Vijayanagara,2026-03-04,B-,1,False,
USG003267,FAC015,Vijayanagara,2026-03-06,O+,3,False,
USG003268,FAC015,Vijayanagara,2026-03-06,A+,1,False,
USG003269,FAC015,Vijayanagara,2026-03-07,B+,2,False,
USG003270,FAC015,Vijayanagara,2026-03-09,O+,3,False,
USG003271,FAC015,Vijayanagara,2026-03-12,A+,2,False,
USG003272,FAC015,Vijayanagara,2026-03-13,A+,2,False,
USG003273,FAC015,Vijayanagara,2026-03-14,A+,2,False,
USG003274,FAC015,Vijayanagara,2026-03-15,A-,3,False,
USG003275,FAC015,Vijayanagara,2026-03-16,A+,3,False,
USG003276,FAC015,Vijayanagara,2026-03-19,A+,1,False,
USG003277,FAC015,Vijayanagara,2026-03-20,B+,3,False,
USG003278,FAC015,Vijayanagara,2026-03-20,A+,3,False,
USG003279,FAC015,Vijayanagara,2026-03-21,AB-,2,False,
USG003280,FAC015,Vijayanagara,2026-03-22,O+,2,False,
USG003281,FAC015,Vijayanagara,2026-03-24,B+,1,False,
USG003282,FAC015,Vijayanagara,2026-03-27,AB+,3,False,
USG003283,FAC015,Vijayanagara,2026-03-30,A+,3,False,
USG003284,FAC015,Vijayanagara,2026-03-31,B+,2,False,
USG003285,FAC015,Vijayanagara,2026-04-02,O+,3,False,
USG003286,FAC015,Vijayanagara,2026-04-02,A-,2,False,
USG003287,FAC015,Vijayanagara,2026-04-04,O-,3,False,
USG003288,FAC015,Vijayanagara,2026-04-07,A+,3,False,
USG003289,FAC015,Vijayanagara,2026-04-09,B+,3,False,
USG003290,FAC015,Vijayanagara,2026-04-10,A+,1,False,
USG003291,FAC015,Vijayanagara,2026-04-16,A-,2,False,
USG003292,FAC015,Vijayanagara,2026-04-20,B+,3,False,
USG003293,FAC015,Vijayanagara,2026-04-23,A+,2,False,
USG003294,FAC015,Vijayanagara,2026-04-23,AB-,3,False,
USG003295,FAC015,Vijayanagara,2026-04-25,O+,1,False,
USG003296,FAC015,Vijayanagara,2026-04-27,O+,1,False,
USG003297,FAC015,Vijayanagara,2026-04-29,O+,2,False,
USG003298,FAC015,Vijayanagara,2026-04-29,AB-,3,False,
USG003299,FAC015,Vijayanagara,2026-05-02,B+,3,False,
USG003300,FAC015,Vijayanagara,2026-05-05,B-,2,False,
USG003301,FAC015,Vijayanagara,2026-05-05,AB-,1,False,
USG003302,FAC015,Vijayanagara,2026-05-06,O+,3,False,
USG003303,FAC015,Vijayanagara,2026-05-11,A-,1,False,
USG003304,FAC015,Vijayanagara,2026-05-12,A+,3,False,
USG003305,FAC015,Vijayanagara,2026-05-12,AB+,3,False,
USG003306,FAC015,Vijayanagara,2026-05-16,A+,1,False,
USG003307,FAC015,Vijayanagara,2026-05-18,B+,3,False,
USG003308,FAC015,Vijayanagara,2026-05-31,A+,3,False,
USG003309,FAC015,Vijayanagara,2026-05-31,A-,1,False,
USG003310,FAC015,Vijayanagara,2026-06-07,A-,1,False,
USG003311,FAC015,Vijayanagara,2026-06-10,O+,1,False,
USG003312,FAC015,Vijayanagara,2026-06-11,AB+,3,False,
USG003313,FAC015,Vijayanagara,2026-06-11,AB-,1,False,
USG003314,FAC015,Vijayanagara,2026-06-14,AB+,2,False,
USG003315,FAC015,Vijayanagara,2026-06-17,O+,1,False,
USG003316,FAC015,Vijayanagara,2026-06-17,B+,1,False,
USG003317,FAC015,Vijayanagara,2026-06-19,O+,3,False,
USG003318,FAC015,Vijayanagara,2026-06-20,A+,1,False,
USG003319,FAC015,Vijayanagara,2026-06-23,O+,3,False,
USG003320,FAC015,Vijayanagara,2026-06-23,AB+,1,False,
USG003321,FAC015,Vijayanagara,2026-06-27,A+,3,False,
USG003322,FAC015,Vijayanagara,2026-06-28,A+,1,False,
USG003323,FAC015,Vijayanagara,2026-06-29,O+,2,False,
USG003324,FAC015,Vijayanagara,2026-07-01,B+,2,False,
USG003325,FAC015,Vijayanagara,2026-07-02,AB+,3,False,
USG003326,FAC015,Vijayanagara,2026-07-02,A-,1,False,
USG003327,FAC015,Vijayanagara,2026-07-05,B+,2,False,
USG003328,FAC015,Vijayanagara,2026-07-06,B-,1,False,
USG003329,FAC015,Vijayanagara,2026-07-07,A-,2,False,
USG003330,FAC015,Vijayanagara,2026-07-10,B+,1,False,
USG003331,FAC015,Vijayanagara,2026-07-11,O+,1,False,
USG003332,FAC015,Vijayanagara,2026-07-13,O+,2,False,
USG003333,FAC015,Vijayanagara,2026-07-16,O-,4,True,Monsoon peak flood-risk weeks
USG003334,FAC015,Vijayanagara,2026-07-17,O+,5,True,Monsoon peak flood-risk weeks
USG003335,FAC015,Vijayanagara,2026-07-18,O+,2,True,Monsoon peak flood-risk weeks
USG003336,FAC015,Vijayanagara,2026-07-18,B+,5,True,Monsoon peak flood-risk weeks
USG003337,FAC015,Vijayanagara,2026-07-21,B+,5,True,Monsoon peak flood-risk weeks
USG003338,FAC015,Vijayanagara,2026-07-24,B+,2,True,Monsoon peak flood-risk weeks
USG003339,FAC015,Vijayanagara,2026-07-27,B+,2,True,Monsoon peak flood-risk weeks
USG003340,FAC015,Vijayanagara,2026-07-27,A+,5,True,Monsoon peak flood-risk weeks
USG003341,FAC015,Vijayanagara,2026-07-30,O+,5,True,Monsoon peak flood-risk weeks
USG003342,FAC015,Vijayanagara,2026-07-31,B+,3,True,Monsoon peak flood-risk weeks
USG003343,FAC015,Vijayanagara,2026-08-01,O-,3,True,Monsoon peak flood-risk weeks
USG003344,FAC016,Vijayanagara,2025-08-17,O+,1,False,
USG003345,FAC016,Vijayanagara,2025-08-20,O+,2,False,
USG003346,FAC016,Vijayanagara,2025-08-25,B+,1,False,
USG003347,FAC016,Vijayanagara,2025-09-01,A+,1,False,
USG003348,FAC016,Vijayanagara,2025-09-02,B+,1,False,
USG003349,FAC016,Vijayanagara,2025-09-18,O+,2,True,Festival travel peak (Dasara)
USG003350,FAC016,Vijayanagara,2025-09-24,O+,1,True,Festival travel peak (Dasara)
USG003351,FAC016,Vijayanagara,2025-09-25,O+,1,True,Festival travel peak (Dasara)
USG003352,FAC016,Vijayanagara,2025-09-26,A+,1,True,Festival travel peak (Dasara)
USG003353,FAC016,Vijayanagara,2025-10-03,A+,2,True,Festival travel peak (Dasara)
USG003354,FAC016,Vijayanagara,2025-10-06,O+,3,True,Festival travel peak (Dasara)
USG003355,FAC016,Vijayanagara,2025-10-13,O-,2,False,
USG003356,FAC016,Vijayanagara,2025-10-23,O+,2,False,
USG003357,FAC016,Vijayanagara,2025-11-20,B+,1,False,
USG003358,FAC016,Vijayanagara,2025-11-27,B+,1,False,
USG003359,FAC016,Vijayanagara,2025-12-15,B+,1,False,
USG003360,FAC016,Vijayanagara,2025-12-17,A+,1,False,
USG003361,FAC016,Vijayanagara,2025-12-17,B+,1,False,
USG003362,FAC016,Vijayanagara,2025-12-22,A+,1,False,
USG003363,FAC016,Vijayanagara,2025-12-25,O+,1,False,
USG003364,FAC016,Vijayanagara,2025-12-25,O-,2,False,
USG003365,FAC016,Vijayanagara,2026-01-03,B+,2,True,Local incident spike
USG003366,FAC016,Vijayanagara,2026-01-26,B+,2,False,
USG003367,FAC016,Vijayanagara,2026-02-02,O+,1,False,
USG003368,FAC016,Vijayanagara,2026-02-05,O-,2,False,
USG003369,FAC016,Vijayanagara,2026-02-15,A+,2,False,
USG003370,FAC016,Vijayanagara,2026-02-16,B+,2,False,
USG003371,FAC016,Vijayanagara,2026-02-21,B+,2,False,
USG003372,FAC016,Vijayanagara,2026-03-11,A+,2,False,
USG003373,FAC016,Vijayanagara,2026-03-21,O+,2,False,
USG003374,FAC016,Vijayanagara,2026-04-08,B+,2,False,
USG003375,FAC016,Vijayanagara,2026-04-21,A+,2,False,
USG003376,FAC016,Vijayanagara,2026-05-15,O-,1,False,
USG003377,FAC016,Vijayanagara,2026-05-28,B+,1,False,
USG003378,FAC016,Vijayanagara,2026-05-28,O+,2,False,
USG003379,FAC016,Vijayanagara,2026-06-21,O+,1,False,
USG003380,FAC016,Vijayanagara,2026-06-25,B+,2,False,
USG003381,FAC016,Vijayanagara,2026-06-25,O+,2,False,
USG003382,FAC016,Vijayanagara,2026-07-02,A+,1,False,
USG003383,FAC016,Vijayanagara,2026-07-24,A+,2,True,Monsoon peak flood-risk weeks
USG003384,FAC016,Vijayanagara,2026-07-28,A+,3,True,Monsoon peak flood-risk weeks
USG003385,FAC016,Vijayanagara,2026-07-31,A+,1,True,Monsoon peak flood-risk weeks
USG003386,FAC017,Vijayanagara,2025-08-02,O+,1,True,Monsoon peak flood-risk weeks
USG003387,FAC017,Vijayanagara,2025-08-03,O-,3,True,Monsoon peak flood-risk weeks
USG003388,FAC017,Vijayanagara,2025-08-15,A+,1,False,
USG003389,FAC017,Vijayanagara,2025-08-15,O+,2,False,
USG003390,FAC017,Vijayanagara,2025-08-19,O+,1,False,
USG003391,FAC017,Vijayanagara,2025-08-21,O+,1,False,
USG003392,FAC017,Vijayanagara,2025-09-01,O+,2,False,
USG003393,FAC017,Vijayanagara,2025-09-03,B+,1,False,
USG003394,FAC017,Vijayanagara,2025-09-13,B+,2,False,
USG003395,FAC017,Vijayanagara,2025-09-13,O+,1,False,
USG003396,FAC017,Vijayanagara,2025-09-19,O+,2,True,Festival travel peak (Dasara)
USG003397,FAC017,Vijayanagara,2025-09-20,O+,1,True,Festival travel peak (Dasara)
USG003398,FAC017,Vijayanagara,2025-09-21,B+,1,True,Festival travel peak (Dasara)
USG003399,FAC017,Vijayanagara,2025-09-28,O-,2,True,Festival travel peak (Dasara)
USG003400,FAC017,Vijayanagara,2025-10-12,O+,2,False,
USG003401,FAC017,Vijayanagara,2025-10-15,O+,1,False,
USG003402,FAC017,Vijayanagara,2025-11-06,B+,1,False,
USG003403,FAC017,Vijayanagara,2025-11-19,O+,1,False,
USG003404,FAC017,Vijayanagara,2025-11-23,B+,1,False,
USG003405,FAC017,Vijayanagara,2025-12-05,O+,2,False,
USG003406,FAC017,Vijayanagara,2025-12-16,O+,2,False,
USG003407,FAC017,Vijayanagara,2025-12-22,O+,1,False,
USG003408,FAC017,Vijayanagara,2025-12-29,A+,2,False,
USG003409,FAC017,Vijayanagara,2026-01-01,B+,3,True,New Year travel period
USG003410,FAC017,Vijayanagara,2026-01-04,A+,2,False,
USG003411,FAC017,Vijayanagara,2026-01-12,O-,2,False,
USG003412,FAC017,Vijayanagara,2026-02-08,O+,1,False,
USG003413,FAC017,Vijayanagara,2026-02-12,O-,1,False,
USG003414,FAC017,Vijayanagara,2026-03-09,O+,2,False,
USG003415,FAC017,Vijayanagara,2026-03-14,O+,1,False,
USG003416,FAC017,Vijayanagara,2026-03-23,B+,2,False,
USG003417,FAC017,Vijayanagara,2026-03-24,O+,1,False,
USG003418,FAC017,Vijayanagara,2026-03-27,B+,2,False,
USG003419,FAC017,Vijayanagara,2026-04-04,A+,2,False,
USG003420,FAC017,Vijayanagara,2026-04-12,B+,2,False,
USG003421,FAC017,Vijayanagara,2026-04-15,O+,1,False,
USG003422,FAC017,Vijayanagara,2026-04-18,B+,2,False,
USG003423,FAC017,Vijayanagara,2026-04-22,O+,2,False,
USG003424,FAC017,Vijayanagara,2026-05-19,O-,2,False,
USG003425,FAC017,Vijayanagara,2026-05-31,A+,1,False,
USG003426,FAC017,Vijayanagara,2026-06-06,O+,1,False,
USG003427,FAC017,Vijayanagara,2026-06-22,A+,2,False,
USG003428,FAC017,Vijayanagara,2026-07-22,O+,3,True,Monsoon peak flood-risk weeks
USG003429,FAC018,Vijayanagara,2025-08-06,O+,1,False,
USG003430,FAC018,Vijayanagara,2025-08-09,A+,2,False,
USG003431,FAC018,Vijayanagara,2025-08-14,A+,3,True,Local incident spike
USG003432,FAC018,Vijayanagara,2025-09-02,O+,1,False,
USG003433,FAC018,Vijayanagara,2025-09-12,O+,2,False,
USG003434,FAC018,Vijayanagara,2025-09-15,O+,2,False,
USG003435,FAC018,Vijayanagara,2025-09-28,O+,2,True,Festival travel peak (Dasara)
USG003436,FAC018,Vijayanagara,2025-10-01,O+,2,True,Festival travel peak (Dasara)
USG003437,FAC018,Vijayanagara,2025-10-02,O+,2,True,Festival travel peak (Dasara)
USG003438,FAC018,Vijayanagara,2025-10-03,O-,3,True,Festival travel peak (Dasara)
USG003439,FAC018,Vijayanagara,2025-10-26,A+,2,False,
USG003440,FAC018,Vijayanagara,2025-11-11,O+,2,False,
USG003441,FAC018,Vijayanagara,2025-12-11,O+,1,False,
USG003442,FAC018,Vijayanagara,2025-12-12,O-,2,False,
USG003443,FAC018,Vijayanagara,2025-12-14,O-,2,False,
USG003444,FAC018,Vijayanagara,2025-12-20,O+,1,False,
USG003445,FAC018,Vijayanagara,2025-12-22,O+,2,False,
USG003446,FAC018,Vijayanagara,2026-01-21,O+,2,False,
USG003447,FAC018,Vijayanagara,2026-01-25,A+,1,False,
USG003448,FAC018,Vijayanagara,2026-01-31,O+,2,False,
USG003449,FAC018,Vijayanagara,2026-02-20,B+,2,False,
USG003450,FAC018,Vijayanagara,2026-02-25,O-,1,False,
USG003451,FAC018,Vijayanagara,2026-03-06,B+,1,False,
USG003452,FAC018,Vijayanagara,2026-03-09,B+,2,False,
USG003453,FAC018,Vijayanagara,2026-03-18,A+,2,False,
USG003454,FAC018,Vijayanagara,2026-03-23,B+,1,False,
USG003455,FAC018,Vijayanagara,2026-04-17,B+,1,False,
USG003456,FAC018,Vijayanagara,2026-04-20,A+,2,False,
USG003457,FAC018,Vijayanagara,2026-04-22,O+,1,False,
USG003458,FAC018,Vijayanagara,2026-04-24,O+,2,False,
USG003459,FAC018,Vijayanagara,2026-05-06,B+,1,False,
USG003460,FAC018,Vijayanagara,2026-05-09,B+,1,False,
USG003461,FAC018,Vijayanagara,2026-05-15,B+,2,False,
USG003462,FAC018,Vijayanagara,2026-06-01,O+,1,False,
USG003463,FAC018,Vijayanagara,2026-07-05,O+,1,False,
USG003464,FAC018,Vijayanagara,2026-07-07,A+,2,False,
USG003465,FAC019,Koppal,2025-08-02,O+,7,True,Monsoon peak flood-risk weeks
USG003466,FAC019,Koppal,2025-08-02,B+,5,True,Monsoon peak flood-risk weeks
USG003467,FAC019,Koppal,2025-08-02,A-,2,True,Monsoon peak flood-risk weeks
USG003468,FAC019,Koppal,2025-08-04,O+,2,True,Monsoon peak flood-risk weeks
USG003469,FAC019,Koppal,2025-08-04,A+,6,True,Monsoon peak flood-risk weeks
USG003470,FAC019,Koppal,2025-08-05,O+,2,True,Monsoon peak flood-risk weeks
USG003471,FAC019,Koppal,2025-08-08,O+,3,False,
USG003472,FAC019,Koppal,2025-08-08,B+,3,False,
USG003473,FAC019,Koppal,2025-08-11,O+,4,False,
USG003474,FAC019,Koppal,2025-08-13,O+,2,False,
USG003475,FAC019,Koppal,2025-08-13,B+,2,False,
USG003476,FAC019,Koppal,2025-08-14,O+,3,False,
USG003477,FAC019,Koppal,2025-08-15,AB+,4,False,
USG003478,FAC019,Koppal,2025-08-16,A+,4,False,
USG003479,FAC019,Koppal,2025-08-17,O+,1,False,
USG003480,FAC019,Koppal,2025-08-17,A+,3,False,
USG003481,FAC019,Koppal,2025-08-18,O+,2,False,
USG003482,FAC019,Koppal,2025-08-18,AB-,4,False,
USG003483,FAC019,Koppal,2025-08-21,O-,2,False,
USG003484,FAC019,Koppal,2025-08-22,O+,4,False,
USG003485,FAC019,Koppal,2025-08-25,O+,2,False,
USG003486,FAC019,Koppal,2025-08-26,AB+,3,False,
USG003487,FAC019,Koppal,2025-08-29,O+,3,False,
USG003488,FAC019,Koppal,2025-09-01,O+,2,False,
USG003489,FAC019,Koppal,2025-09-01,B-,4,False,
USG003490,FAC019,Koppal,2025-09-01,AB-,3,False,
USG003491,FAC019,Koppal,2025-09-03,O-,3,False,
USG003492,FAC019,Koppal,2025-09-03,A-,3,False,
USG003493,FAC019,Koppal,2025-09-07,B+,1,False,
USG003494,FAC019,Koppal,2025-09-09,B-,1,False,
USG003495,FAC019,Koppal,2025-09-10,O+,4,False,
USG003496,FAC019,Koppal,2025-09-14,A+,2,False,
USG003497,FAC019,Koppal,2025-09-14,O-,2,False,
USG003498,FAC019,Koppal,2025-09-15,O+,3,False,
USG003499,FAC019,Koppal,2025-09-16,B+,1,True,Festival travel peak (Dasara)
USG003500,FAC019,Koppal,2025-09-16,O-,3,True,Festival travel peak (Dasara)
USG003501,FAC019,Koppal,2025-09-17,B+,2,True,Festival travel peak (Dasara)
USG003502,FAC019,Koppal,2025-09-18,O+,5,True,Festival travel peak (Dasara)
USG003503,FAC019,Koppal,2025-09-18,A+,6,True,Festival travel peak (Dasara)
USG003504,FAC019,Koppal,2025-09-18,B-,7,True,Festival travel peak (Dasara)
USG003505,FAC019,Koppal,2025-09-19,O-,1,True,Festival travel peak (Dasara)
USG003506,FAC019,Koppal,2025-09-20,B+,2,True,Festival travel peak (Dasara)
USG003507,FAC019,Koppal,2025-09-20,AB+,3,True,Festival travel peak (Dasara)
USG003508,FAC019,Koppal,2025-09-21,O+,1,True,Festival travel peak (Dasara)
USG003509,FAC019,Koppal,2025-09-21,B+,5,True,Festival travel peak (Dasara)
USG003510,FAC019,Koppal,2025-09-21,AB+,5,True,Festival travel peak (Dasara)
USG003511,FAC019,Koppal,2025-09-21,O-,2,True,Festival travel peak (Dasara)
USG003512,FAC019,Koppal,2025-09-21,B-,1,True,Festival travel peak (Dasara)
USG003513,FAC019,Koppal,2025-09-22,AB+,2,True,Festival travel peak (Dasara)
USG003514,FAC019,Koppal,2025-09-22,O-,2,True,Festival travel peak (Dasara)
USG003515,FAC019,Koppal,2025-09-23,AB+,7,True,Festival travel peak (Dasara)
USG003516,FAC019,Koppal,2025-09-23,AB-,1,True,Festival travel peak (Dasara)
USG003517,FAC019,Koppal,2025-09-24,O+,2,True,Festival travel peak (Dasara)
USG003518,FAC019,Koppal,2025-09-26,O+,2,True,Festival travel peak (Dasara)
USG003519,FAC019,Koppal,2025-09-27,O+,2,True,Festival travel peak (Dasara)
USG003520,FAC019,Koppal,2025-09-29,O+,3,True,Festival travel peak (Dasara)
USG003521,FAC019,Koppal,2025-09-29,AB+,3,True,Festival travel peak (Dasara)
USG003522,FAC019,Koppal,2025-09-30,O+,6,True,Festival travel peak (Dasara)
USG003523,FAC019,Koppal,2025-09-30,B+,3,True,Festival travel peak (Dasara)
USG003524,FAC019,Koppal,2025-09-30,A+,5,True,Festival travel peak (Dasara)
USG003525,FAC019,Koppal,2025-10-02,B+,3,True,Festival travel peak (Dasara)
USG003526,FAC019,Koppal,2025-10-02,A+,5,True,Festival travel peak (Dasara)
USG003527,FAC019,Koppal,2025-10-03,AB+,4,True,Festival travel peak (Dasara)
USG003528,FAC019,Koppal,2025-10-04,B+,1,True,Festival travel peak (Dasara)
USG003529,FAC019,Koppal,2025-10-04,AB+,6,True,Festival travel peak (Dasara)
USG003530,FAC019,Koppal,2025-10-05,O+,5,True,Festival travel peak (Dasara)
USG003531,FAC019,Koppal,2025-10-06,O+,3,True,Festival travel peak (Dasara)
USG003532,FAC019,Koppal,2025-10-07,O+,3,True,Festival travel peak (Dasara)
USG003533,FAC019,Koppal,2025-10-08,O+,5,True,Festival travel peak (Dasara)
USG003534,FAC019,Koppal,2025-10-08,O-,2,True,Festival travel peak (Dasara)
USG003535,FAC019,Koppal,2025-10-08,B-,4,True,Festival travel peak (Dasara)
USG003536,FAC019,Koppal,2025-10-10,O+,3,True,Festival travel peak (Dasara)
USG003537,FAC019,Koppal,2025-10-12,B-,2,False,
USG003538,FAC019,Koppal,2025-10-13,A+,1,False,
USG003539,FAC019,Koppal,2025-10-13,B-,3,False,
USG003540,FAC019,Koppal,2025-10-14,O+,1,False,
USG003541,FAC019,Koppal,2025-10-14,B-,2,False,
USG003542,FAC019,Koppal,2025-10-15,O+,1,False,
USG003543,FAC019,Koppal,2025-10-15,B+,4,False,
USG003544,FAC019,Koppal,2025-10-15,B-,2,False,
USG003545,FAC019,Koppal,2025-10-16,A+,4,False,
USG003546,FAC019,Koppal,2025-10-17,B+,1,False,
USG003547,FAC019,Koppal,2025-10-17,A+,3,False,
USG003548,FAC019,Koppal,2025-10-17,O-,2,False,
USG003549,FAC019,Koppal,2025-10-20,O+,3,False,
USG003550,FAC019,Koppal,2025-10-21,B+,1,False,
USG003551,FAC019,Koppal,2025-10-22,O+,4,False,
USG003552,FAC019,Koppal,2025-10-23,AB+,4,False,
USG003553,FAC019,Koppal,2025-10-25,A+,4,False,
USG003554,FAC019,Koppal,2025-10-26,AB-,3,False,
USG003555,FAC019,Koppal,2025-10-27,O+,1,False,
USG003556,FAC019,Koppal,2025-10-27,B+,3,False,
USG003557,FAC019,Koppal,2025-10-30,AB+,2,False,
USG003558,FAC019,Koppal,2025-10-31,B+,3,False,
USG003559,FAC019,Koppal,2025-11-01,B+,3,False,
USG003560,FAC019,Koppal,2025-11-02,O+,4,False,
USG003561,FAC019,Koppal,2025-11-03,B+,3,False,
USG003562,FAC019,Koppal,2025-11-03,A+,4,False,
USG003563,FAC019,Koppal,2025-11-04,B+,3,False,
USG003564,FAC019,Koppal,2025-11-05,O+,2,True,Local incident spike
USG003565,FAC019,Koppal,2025-11-05,A+,3,True,Local incident spike
USG003566,FAC019,Koppal,2025-11-05,AB+,6,True,Local incident spike
USG003567,FAC019,Koppal,2025-11-06,O+,1,False,
USG003568,FAC019,Koppal,2025-11-06,A+,2,False,
USG003569,FAC019,Koppal,2025-11-08,O-,4,False,
USG003570,FAC019,Koppal,2025-11-10,O+,3,False,
USG003571,FAC019,Koppal,2025-11-11,A+,4,False,
USG003572,FAC019,Koppal,2025-11-13,B+,1,False,
USG003573,FAC019,Koppal,2025-11-13,B-,4,False,
USG003574,FAC019,Koppal,2025-11-14,AB+,3,False,
USG003575,FAC019,Koppal,2025-11-15,B+,4,False,
USG003576,FAC019,Koppal,2025-11-17,O+,2,False,
USG003577,FAC019,Koppal,2025-11-17,B+,2,False,
USG003578,FAC019,Koppal,2025-11-18,B+,4,False,
USG003579,FAC019,Koppal,2025-11-19,O+,3,False,
USG003580,FAC019,Koppal,2025-11-19,B+,4,False,
USG003581,FAC019,Koppal,2025-11-19,AB+,4,False,
USG003582,FAC019,Koppal,2025-11-19,B-,3,False,
USG003583,FAC019,Koppal,2025-11-21,A-,3,False,
USG003584,FAC019,Koppal,2025-11-21,B-,3,False,
USG003585,FAC019,Koppal,2025-11-22,B-,1,False,
USG003586,FAC019,Koppal,2025-11-23,B+,4,False,
USG003587,FAC019,Koppal,2025-11-23,A+,2,False,
USG003588,FAC019,Koppal,2025-11-26,O-,4,False,
USG003589,FAC019,Koppal,2025-11-27,O+,4,False,
USG003590,FAC019,Koppal,2025-11-27,B+,1,False,
USG003591,FAC019,Koppal,2025-12-01,B+,2,False,
USG003592,FAC019,Koppal,2025-12-02,O+,2,False,
USG003593,FAC019,Koppal,2025-12-03,A+,3,False,
USG003594,FAC019,Koppal,2025-12-03,AB+,2,False,
USG003595,FAC019,Koppal,2025-12-03,A-,4,False,
USG003596,FAC019,Koppal,2025-12-05,B+,4,False,
USG003597,FAC019,Koppal,2025-12-07,O+,1,False,
USG003598,FAC019,Koppal,2025-12-07,O-,4,False,
USG003599,FAC019,Koppal,2025-12-09,O+,2,False,
USG003600,FAC019,Koppal,2025-12-10,O+,3,False,
USG003601,FAC019,Koppal,2025-12-13,O+,3,False,
USG003602,FAC019,Koppal,2025-12-16,O+,1,False,
USG003603,FAC019,Koppal,2025-12-23,O+,2,False,
USG003604,FAC019,Koppal,2025-12-24,B+,2,False,
USG003605,FAC019,Koppal,2025-12-24,A+,4,False,
USG003606,FAC019,Koppal,2025-12-25,O+,3,False,
USG003607,FAC019,Koppal,2025-12-25,AB+,4,False,
USG003608,FAC019,Koppal,2025-12-25,A-,1,False,
USG003609,FAC019,Koppal,2025-12-27,O+,6,True,Local incident spike
USG003610,FAC019,Koppal,2025-12-27,B+,6,True,Local incident spike
USG003611,FAC019,Koppal,2025-12-27,AB+,3,True,Local incident spike
USG003612,FAC019,Koppal,2025-12-27,B-,5,True,Local incident spike
USG003613,FAC019,Koppal,2025-12-28,O+,2,False,
USG003614,FAC019,Koppal,2025-12-29,O-,1,False,
USG003615,FAC019,Koppal,2025-12-29,A-,3,False,
USG003616,FAC019,Koppal,2025-12-29,AB-,1,False,
USG003617,FAC019,Koppal,2025-12-30,B+,3,True,New Year travel period
USG003618,FAC019,Koppal,2025-12-31,B+,1,True,New Year travel period
USG003619,FAC019,Koppal,2025-12-31,AB+,1,True,New Year travel period
USG003620,FAC019,Koppal,2025-12-31,A-,7,True,New Year travel period
USG003621,FAC019,Koppal,2026-01-02,A+,2,True,New Year travel period
USG003622,FAC019,Koppal,2026-01-02,AB-,5,True,New Year travel period
USG003623,FAC019,Koppal,2026-01-04,B+,3,False,
USG003624,FAC019,Koppal,2026-01-05,O+,4,False,
USG003625,FAC019,Koppal,2026-01-07,A-,2,False,
USG003626,FAC019,Koppal,2026-01-08,B+,4,False,
USG003627,FAC019,Koppal,2026-01-08,AB-,2,False,
USG003628,FAC019,Koppal,2026-01-09,O+,4,False,
USG003629,FAC019,Koppal,2026-01-10,AB+,4,False,
USG003630,FAC019,Koppal,2026-01-13,O+,2,False,
USG003631,FAC019,Koppal,2026-01-13,A+,4,False,
USG003632,FAC019,Koppal,2026-01-13,B-,2,False,
USG003633,FAC019,Koppal,2026-01-15,A+,2,False,
USG003634,FAC019,Koppal,2026-01-15,B-,1,False,
USG003635,FAC019,Koppal,2026-01-16,O+,3,False,
USG003636,FAC019,Koppal,2026-01-17,A+,3,False,
USG003637,FAC019,Koppal,2026-01-18,O+,2,False,
USG003638,FAC019,Koppal,2026-01-18,AB-,2,False,
USG003639,FAC019,Koppal,2026-01-19,A+,1,False,
USG003640,FAC019,Koppal,2026-01-19,AB+,2,False,
USG003641,FAC019,Koppal,2026-01-23,A+,4,False,
USG003642,FAC019,Koppal,2026-01-24,B+,2,False,
USG003643,FAC019,Koppal,2026-01-24,AB+,2,False,
USG003644,FAC019,Koppal,2026-01-25,O+,1,False,
USG003645,FAC019,Koppal,2026-01-25,A-,2,False,
USG003646,FAC019,Koppal,2026-01-26,O+,3,False,
USG003647,FAC019,Koppal,2026-01-26,B+,4,False,
USG003648,FAC019,Koppal,2026-01-28,AB+,1,False,
USG003649,FAC019,Koppal,2026-01-28,A-,4,False,
USG003650,FAC019,Koppal,2026-01-30,O+,3,False,
USG003651,FAC019,Koppal,2026-01-30,B+,1,False,
USG003652,FAC019,Koppal,2026-01-30,A+,2,False,
USG003653,FAC019,Koppal,2026-02-01,O+,3,False,
USG003654,FAC019,Koppal,2026-02-01,B+,2,False,
USG003655,FAC019,Koppal,2026-02-02,A-,4,False,
USG003656,FAC019,Koppal,2026-02-03,AB-,4,False,
USG003657,FAC019,Koppal,2026-02-05,A+,3,False,
USG003658,FAC019,Koppal,2026-02-07,B+,1,False,
USG003659,FAC019,Koppal,2026-02-08,O+,4,False,
USG003660,FAC019,Koppal,2026-02-09,O+,2,False,
USG003661,FAC019,Koppal,2026-02-09,A+,3,False,
USG003662,FAC019,Koppal,2026-02-11,O+,3,False,
USG003663,FAC019,Koppal,2026-02-12,O+,1,False,
USG003664,FAC019,Koppal,2026-02-12,AB+,4,False,
USG003665,FAC019,Koppal,2026-02-15,AB+,3,False,
USG003666,FAC019,Koppal,2026-02-16,O+,1,False,
USG003667,FAC019,Koppal,2026-02-16,A+,4,False,
USG003668,FAC019,Koppal,2026-02-16,A-,1,False,
USG003669,FAC019,Koppal,2026-02-17,AB+,4,False,
USG003670,FAC019,Koppal,2026-02-18,O+,2,False,
USG003671,FAC019,Koppal,2026-02-18,AB+,1,False,
USG003672,FAC019,Koppal,2026-02-18,O-,2,False,
USG003673,FAC019,Koppal,2026-02-19,A+,3,False,
USG003674,FAC019,Koppal,2026-02-21,A+,3,False,
USG003675,FAC019,Koppal,2026-02-21,AB+,4,False,
USG003676,FAC019,Koppal,2026-02-22,O+,4,False,
USG003677,FAC019,Koppal,2026-02-22,B+,3,False,
USG003678,FAC019,Koppal,2026-02-22,AB-,3,False,
USG003679,FAC019,Koppal,2026-02-23,B+,2,False,
USG003680,FAC019,Koppal,2026-02-24,O+,4,False,
USG003681,FAC019,Koppal,2026-02-25,A-,3,False,
USG003682,FAC019,Koppal,2026-02-25,AB-,3,False,
USG003683,FAC019,Koppal,2026-02-26,A+,1,False,
USG003684,FAC019,Koppal,2026-02-27,B-,3,False,
USG003685,FAC019,Koppal,2026-02-27,AB-,3,False,
USG003686,FAC019,Koppal,2026-03-01,O+,4,False,
USG003687,FAC019,Koppal,2026-03-02,A+,2,False,
USG003688,FAC019,Koppal,2026-03-03,O-,4,False,
USG003689,FAC019,Koppal,2026-03-05,B+,4,False,
USG003690,FAC019,Koppal,2026-03-06,AB+,2,False,
USG003691,FAC019,Koppal,2026-03-07,A+,3,False,
USG003692,FAC019,Koppal,2026-03-09,AB+,1,False,
USG003693,FAC019,Koppal,2026-03-10,B-,1,False,
USG003694,FAC019,Koppal,2026-03-15,O+,4,False,
USG003695,FAC019,Koppal,2026-03-17,O-,2,False,
USG003696,FAC019,Koppal,2026-03-18,A+,4,False,
USG003697,FAC019,Koppal,2026-03-23,A+,4,False,
USG003698,FAC019,Koppal,2026-03-23,AB+,4,False,
USG003699,FAC019,Koppal,2026-03-29,O-,4,False,
USG003700,FAC019,Koppal,2026-04-01,O+,3,False,
USG003701,FAC019,Koppal,2026-04-02,B+,4,True,Local incident spike
USG003702,FAC019,Koppal,2026-04-02,AB+,2,True,Local incident spike
USG003703,FAC019,Koppal,2026-04-02,B-,5,True,Local incident spike
USG003704,FAC019,Koppal,2026-04-02,AB-,4,True,Local incident spike
USG003705,FAC019,Koppal,2026-04-04,B-,3,False,
USG003706,FAC019,Koppal,2026-04-06,B+,1,False,
USG003707,FAC019,Koppal,2026-04-06,AB+,3,False,
USG003708,FAC019,Koppal,2026-04-06,AB-,1,False,
USG003709,FAC019,Koppal,2026-04-07,A+,3,False,
USG003710,FAC019,Koppal,2026-04-07,B-,1,False,
USG003711,FAC019,Koppal,2026-04-08,A+,4,False,
USG003712,FAC019,Koppal,2026-04-09,O+,2,False,
USG003713,FAC019,Koppal,2026-04-09,A-,2,False,
USG003714,FAC019,Koppal,2026-04-10,A+,4,False,
USG003715,FAC019,Koppal,2026-04-11,AB+,3,False,
USG003716,FAC019,Koppal,2026-04-12,A+,3,False,
USG003717,FAC019,Koppal,2026-04-14,O+,2,False,
USG003718,FAC019,Koppal,2026-04-14,B+,4,False,
USG003719,FAC019,Koppal,2026-04-16,B+,2,False,
USG003720,FAC019,Koppal,2026-04-18,B+,3,False,
USG003721,FAC019,Koppal,2026-04-18,A+,4,False,
USG003722,FAC019,Koppal,2026-04-19,A+,3,False,
USG003723,FAC019,Koppal,2026-04-20,B+,1,False,
USG003724,FAC019,Koppal,2026-04-20,AB+,2,False,
USG003725,FAC019,Koppal,2026-04-25,O+,1,False,
USG003726,FAC019,Koppal,2026-04-25,B-,4,False,
USG003727,FAC019,Koppal,2026-04-27,AB+,1,False,
USG003728,FAC019,Koppal,2026-04-28,O+,1,False,
USG003729,FAC019,Koppal,2026-04-29,B+,2,False,
USG003730,FAC019,Koppal,2026-04-30,B+,2,False,
USG003731,FAC019,Koppal,2026-04-30,A+,3,False,
USG003732,FAC019,Koppal,2026-05-01,O+,4,False,
USG003733,FAC019,Koppal,2026-05-01,A-,1,False,
USG003734,FAC019,Koppal,2026-05-02,B+,2,False,
USG003735,FAC019,Koppal,2026-05-03,AB+,2,False,
USG003736,FAC019,Koppal,2026-05-04,O+,3,False,
USG003737,FAC019,Koppal,2026-05-05,O+,4,False,
USG003738,FAC019,Koppal,2026-05-05,O-,2,False,
USG003739,FAC019,Koppal,2026-05-06,A+,4,False,
USG003740,FAC019,Koppal,2026-05-08,A+,3,False,
USG003741,FAC019,Koppal,2026-05-09,O-,3,False,
USG003742,FAC019,Koppal,2026-05-11,B+,4,False,
USG003743,FAC019,Koppal,2026-05-12,A+,4,False,
USG003744,FAC019,Koppal,2026-05-12,O-,4,False,
USG003745,FAC019,Koppal,2026-05-14,O+,1,False,
USG003746,FAC019,Koppal,2026-05-14,AB+,1,False,
USG003747,FAC019,Koppal,2026-05-15,A+,3,False,
USG003748,FAC019,Koppal,2026-05-18,B+,1,False,
USG003749,FAC019,Koppal,2026-05-18,AB+,1,False,
USG003750,FAC019,Koppal,2026-05-19,O+,1,False,
USG003751,FAC019,Koppal,2026-05-19,A+,1,False,
USG003752,FAC019,Koppal,2026-05-20,O-,2,False,
USG003753,FAC019,Koppal,2026-05-22,A+,1,False,
USG003754,FAC019,Koppal,2026-05-24,O+,4,False,
USG003755,FAC019,Koppal,2026-05-25,A+,3,False,
USG003756,FAC019,Koppal,2026-05-26,O+,4,False,
USG003757,FAC019,Koppal,2026-05-26,A+,4,False,
USG003758,FAC019,Koppal,2026-05-27,B+,3,False,
USG003759,FAC019,Koppal,2026-05-28,A+,4,False,
USG003760,FAC019,Koppal,2026-05-28,AB+,2,False,
USG003761,FAC019,Koppal,2026-05-29,A+,2,False,
USG003762,FAC019,Koppal,2026-05-29,AB+,1,False,
USG003763,FAC019,Koppal,2026-05-29,B-,2,False,
USG003764,FAC019,Koppal,2026-05-30,O+,4,False,
USG003765,FAC019,Koppal,2026-05-30,B-,2,False,
USG003766,FAC019,Koppal,2026-05-31,O+,1,False,
USG003767,FAC019,Koppal,2026-06-01,A+,3,False,
USG003768,FAC019,Koppal,2026-06-01,O-,1,False,
USG003769,FAC019,Koppal,2026-06-03,B+,4,False,
USG003770,FAC019,Koppal,2026-06-04,O+,2,False,
USG003771,FAC019,Koppal,2026-06-06,B-,4,False,
USG003772,FAC019,Koppal,2026-06-07,A+,1,False,
USG003773,FAC019,Koppal,2026-06-07,O-,3,False,
USG003774,FAC019,Koppal,2026-06-08,B-,2,False,
USG003775,FAC019,Koppal,2026-06-13,O+,1,False,
USG003776,FAC019,Koppal,2026-06-14,AB+,4,False,
USG003777,FAC019,Koppal,2026-06-16,O+,4,False,
USG003778,FAC019,Koppal,2026-06-18,O-,3,False,
USG003779,FAC019,Koppal,2026-06-19,AB-,1,False,
USG003780,FAC019,Koppal,2026-06-20,O+,2,False,
USG003781,FAC019,Koppal,2026-06-21,O+,2,False,
USG003782,FAC019,Koppal,2026-06-21,A+,2,False,
USG003783,FAC019,Koppal,2026-06-22,AB-,2,False,
USG003784,FAC019,Koppal,2026-06-23,O+,1,False,
USG003785,FAC019,Koppal,2026-06-24,O+,1,False,
USG003786,FAC019,Koppal,2026-06-26,O+,4,False,
USG003787,FAC019,Koppal,2026-06-26,B+,3,False,
USG003788,FAC019,Koppal,2026-06-27,O+,3,False,
USG003789,FAC019,Koppal,2026-06-28,O+,1,False,
USG003790,FAC019,Koppal,2026-06-29,A+,1,False,
USG003791,FAC019,Koppal,2026-06-29,AB+,1,False,
USG003792,FAC019,Koppal,2026-07-01,AB+,3,False,
USG003793,FAC019,Koppal,2026-07-02,B+,3,False,
USG003794,FAC019,Koppal,2026-07-03,A+,3,False,
USG003795,FAC019,Koppal,2026-07-04,O+,4,False,
USG003796,FAC019,Koppal,2026-07-04,B-,3,False,
USG003797,FAC019,Koppal,2026-07-05,O+,4,False,
USG003798,FAC019,Koppal,2026-07-06,B+,2,False,
USG003799,FAC019,Koppal,2026-07-07,B+,2,False,
USG003800,FAC019,Koppal,2026-07-07,AB+,4,False,
USG003801,FAC019,Koppal,2026-07-09,O+,1,False,
USG003802,FAC019,Koppal,2026-07-09,A+,1,False,
USG003803,FAC019,Koppal,2026-07-11,B+,3,False,
USG003804,FAC019,Koppal,2026-07-12,B-,1,False,
USG003805,FAC019,Koppal,2026-07-13,AB+,4,False,
USG003806,FAC019,Koppal,2026-07-14,B+,3,False,
USG003807,FAC019,Koppal,2026-07-15,B-,1,True,Monsoon peak flood-risk weeks
USG003808,FAC019,Koppal,2026-07-16,B+,4,True,Monsoon peak flood-risk weeks
USG003809,FAC019,Koppal,2026-07-18,O+,5,True,Monsoon peak flood-risk weeks
USG003810,FAC019,Koppal,2026-07-19,O+,2,True,Monsoon peak flood-risk weeks
USG003811,FAC019,Koppal,2026-07-20,O+,2,True,Monsoon peak flood-risk weeks
USG003812,FAC019,Koppal,2026-07-20,B+,1,True,Monsoon peak flood-risk weeks
USG003813,FAC019,Koppal,2026-07-20,A+,2,True,Monsoon peak flood-risk weeks
USG003814,FAC019,Koppal,2026-07-23,O+,2,True,Monsoon peak flood-risk weeks
USG003815,FAC019,Koppal,2026-07-23,B-,5,True,Monsoon peak flood-risk weeks
USG003816,FAC019,Koppal,2026-07-24,A+,3,True,Monsoon peak flood-risk weeks
USG003817,FAC019,Koppal,2026-07-26,A+,1,True,Monsoon peak flood-risk weeks
USG003818,FAC019,Koppal,2026-07-26,AB+,6,True,Monsoon peak flood-risk weeks
USG003819,FAC019,Koppal,2026-07-27,O+,5,True,Monsoon peak flood-risk weeks
USG003820,FAC019,Koppal,2026-07-27,AB-,5,True,Monsoon peak flood-risk weeks
USG003821,FAC019,Koppal,2026-07-28,AB+,3,True,Monsoon peak flood-risk weeks
USG003822,FAC019,Koppal,2026-07-29,O+,6,True,Monsoon peak flood-risk weeks
USG003823,FAC019,Koppal,2026-07-30,O+,5,True,Monsoon peak flood-risk weeks
USG003824,FAC020,Koppal,2025-08-03,O+,2,True,Monsoon peak flood-risk weeks
USG003825,FAC020,Koppal,2025-08-03,B+,3,True,Monsoon peak flood-risk weeks
USG003826,FAC020,Koppal,2025-08-04,B+,3,True,Monsoon peak flood-risk weeks
USG003827,FAC020,Koppal,2025-08-04,AB-,7,True,Monsoon peak flood-risk weeks
USG003828,FAC020,Koppal,2025-08-06,AB-,1,False,
USG003829,FAC020,Koppal,2025-08-07,A+,4,False,
USG003830,FAC020,Koppal,2025-08-08,O+,1,False,
USG003831,FAC020,Koppal,2025-08-10,O+,4,False,
USG003832,FAC020,Koppal,2025-08-12,O+,3,False,
USG003833,FAC020,Koppal,2025-08-12,B+,2,False,
USG003834,FAC020,Koppal,2025-08-13,O-,4,False,
USG003835,FAC020,Koppal,2025-08-14,O+,4,False,
USG003836,FAC020,Koppal,2025-08-15,A+,3,False,
USG003837,FAC020,Koppal,2025-08-15,B-,2,False,
USG003838,FAC020,Koppal,2025-08-20,A-,3,False,
USG003839,FAC020,Koppal,2025-08-21,B+,4,False,
USG003840,FAC020,Koppal,2025-08-21,O-,4,False,
USG003841,FAC020,Koppal,2025-08-21,B-,1,False,
USG003842,FAC020,Koppal,2025-08-23,AB-,3,False,
USG003843,FAC020,Koppal,2025-08-24,A-,1,False,
USG003844,FAC020,Koppal,2025-08-24,AB-,4,False,
USG003845,FAC020,Koppal,2025-08-25,O-,1,False,
USG003846,FAC020,Koppal,2025-08-26,O-,3,False,
USG003847,FAC020,Koppal,2025-09-01,O+,3,False,
USG003848,FAC020,Koppal,2025-09-01,A+,1,False,
USG003849,FAC020,Koppal,2025-09-05,O+,4,False,
USG003850,FAC020,Koppal,2025-09-07,O+,1,False,
USG003851,FAC020,Koppal,2025-09-09,AB+,1,False,
USG003852,FAC020,Koppal,2025-09-10,B+,1,False,
USG003853,FAC020,Koppal,2025-09-11,A+,1,False,
USG003854,FAC020,Koppal,2025-09-11,O-,2,False,
USG003855,FAC020,Koppal,2025-09-12,A+,4,False,
USG003856,FAC020,Koppal,2025-09-13,O-,3,False,
USG003857,FAC020,Koppal,2025-09-14,O+,3,False,
USG003858,FAC020,Koppal,2025-09-16,B+,4,True,Festival travel peak (Dasara)
USG003859,FAC020,Koppal,2025-09-16,AB+,3,True,Festival travel peak (Dasara)
USG003860,FAC020,Koppal,2025-09-16,B-,2,True,Festival travel peak (Dasara)
USG003861,FAC020,Koppal,2025-09-16,AB-,2,True,Festival travel peak (Dasara)
USG003862,FAC020,Koppal,2025-09-17,B+,5,True,Festival travel peak (Dasara)
USG003863,FAC020,Koppal,2025-09-18,B+,3,True,Festival travel peak (Dasara)
USG003864,FAC020,Koppal,2025-09-18,B-,3,True,Festival travel peak (Dasara)
USG003865,FAC020,Koppal,2025-09-19,B+,3,True,Festival travel peak (Dasara)
USG003866,FAC020,Koppal,2025-09-19,AB+,4,True,Festival travel peak (Dasara)
USG003867,FAC020,Koppal,2025-09-21,O+,3,True,Festival travel peak (Dasara)
USG003868,FAC020,Koppal,2025-09-21,B+,4,True,Festival travel peak (Dasara)
USG003869,FAC020,Koppal,2025-09-21,O-,1,True,Festival travel peak (Dasara)
USG003870,FAC020,Koppal,2025-09-21,B-,5,True,Festival travel peak (Dasara)
USG003871,FAC020,Koppal,2025-09-22,O+,5,True,Festival travel peak (Dasara)
USG003872,FAC020,Koppal,2025-09-23,B-,5,True,Festival travel peak (Dasara)
USG003873,FAC020,Koppal,2025-09-24,O+,3,True,Festival travel peak (Dasara)
USG003874,FAC020,Koppal,2025-09-24,A-,1,True,Festival travel peak (Dasara)
USG003875,FAC020,Koppal,2025-09-24,B-,1,True,Festival travel peak (Dasara)
USG003876,FAC020,Koppal,2025-09-24,AB-,3,True,Festival travel peak (Dasara)
USG003877,FAC020,Koppal,2025-09-25,B+,6,True,Festival travel peak (Dasara)
USG003878,FAC020,Koppal,2025-09-25,A+,5,True,Festival travel peak (Dasara)
USG003879,FAC020,Koppal,2025-09-25,AB-,6,True,Festival travel peak (Dasara)
USG003880,FAC020,Koppal,2025-09-26,B-,3,True,Festival travel peak (Dasara)
USG003881,FAC020,Koppal,2025-09-27,B+,3,True,Festival travel peak (Dasara)
USG003882,FAC020,Koppal,2025-09-27,AB-,2,True,Festival travel peak (Dasara)
USG003883,FAC020,Koppal,2025-09-28,B+,3,True,Festival travel peak (Dasara)
USG003884,FAC020,Koppal,2025-09-29,O+,5,True,Festival travel peak (Dasara)
USG003885,FAC020,Koppal,2025-09-29,A+,7,True,Festival travel peak (Dasara)
USG003886,FAC020,Koppal,2025-09-30,O+,2,True,Festival travel peak (Dasara)
USG003887,FAC020,Koppal,2025-09-30,AB+,5,True,Festival travel peak (Dasara)
USG003888,FAC020,Koppal,2025-10-01,O+,6,True,Festival travel peak (Dasara)
USG003889,FAC020,Koppal,2025-10-01,B+,4,True,Festival travel peak (Dasara)
USG003890,FAC020,Koppal,2025-10-01,B-,7,True,Festival travel peak (Dasara)
USG003891,FAC020,Koppal,2025-10-03,A-,1,True,Festival travel peak (Dasara)
USG003892,FAC020,Koppal,2025-10-04,A+,1,True,Festival travel peak (Dasara)
USG003893,FAC020,Koppal,2025-10-05,O+,5,True,Festival travel peak (Dasara)
USG003894,FAC020,Koppal,2025-10-05,O-,2,True,Festival travel peak (Dasara)
USG003895,FAC020,Koppal,2025-10-05,A-,5,True,Festival travel peak (Dasara)
USG003896,FAC020,Koppal,2025-10-06,O+,3,True,Festival travel peak (Dasara)
USG003897,FAC020,Koppal,2025-10-06,AB+,3,True,Festival travel peak (Dasara)
USG003898,FAC020,Koppal,2025-10-06,O-,3,True,Festival travel peak (Dasara)
USG003899,FAC020,Koppal,2025-10-07,A+,2,True,Festival travel peak (Dasara)
USG003900,FAC020,Koppal,2025-10-08,B-,2,True,Festival travel peak (Dasara)
USG003901,FAC020,Koppal,2025-10-09,B+,3,True,Festival travel peak (Dasara)
USG003902,FAC020,Koppal,2025-10-09,A+,5,True,Festival travel peak (Dasara)
USG003903,FAC020,Koppal,2025-10-10,AB+,3,True,Festival travel peak (Dasara)
USG003904,FAC020,Koppal,2025-10-12,A+,1,False,
USG003905,FAC020,Koppal,2025-10-14,B+,4,False,
USG003906,FAC020,Koppal,2025-10-14,AB-,4,False,
USG003907,FAC020,Koppal,2025-10-15,A-,3,False,
USG003908,FAC020,Koppal,2025-10-17,AB+,4,False,
USG003909,FAC020,Koppal,2025-10-19,A+,2,False,
USG003910,FAC020,Koppal,2025-10-19,A-,1,False,
USG003911,FAC020,Koppal,2025-10-20,B-,4,False,
USG003912,FAC020,Koppal,2025-10-21,B+,2,False,
USG003913,FAC020,Koppal,2025-10-21,A+,2,False,
USG003914,FAC020,Koppal,2025-10-23,O-,1,False,
USG003915,FAC020,Koppal,2025-10-23,A-,3,False,
USG003916,FAC020,Koppal,2025-10-24,O+,4,False,
USG003917,FAC020,Koppal,2025-10-24,B+,3,False,
USG003918,FAC020,Koppal,2025-10-25,B+,1,False,
USG003919,FAC020,Koppal,2025-10-25,A+,4,False,
USG003920,FAC020,Koppal,2025-10-26,A+,1,False,
USG003921,FAC020,Koppal,2025-10-27,B+,2,False,
USG003922,FAC020,Koppal,2025-10-30,AB+,4,False,
USG003923,FAC020,Koppal,2025-10-31,A+,1,False,
USG003924,FAC020,Koppal,2025-10-31,A-,3,False,
USG003925,FAC020,Koppal,2025-11-01,B+,2,False,
USG003926,FAC020,Koppal,2025-11-01,A+,1,False,
USG003927,FAC020,Koppal,2025-11-02,A-,1,False,
USG003928,FAC020,Koppal,2025-11-04,A+,1,False,
USG003929,FAC020,Koppal,2025-11-06,A+,4,False,
USG003930,FAC020,Koppal,2025-11-08,B+,1,False,
USG003931,FAC020,Koppal,2025-11-09,A+,2,False,
USG003932,FAC020,Koppal,2025-11-09,A-,4,False,
USG003933,FAC020,Koppal,2025-11-10,A-,3,False,
USG003934,FAC020,Koppal,2025-11-13,B+,1,False,
USG003935,FAC020,Koppal,2025-11-13,AB+,4,False,
USG003936,FAC020,Koppal,2025-11-14,O+,3,False,
USG003937,FAC020,Koppal,2025-11-14,B+,1,False,
USG003938,FAC020,Koppal,2025-11-14,A-,3,False,
USG003939,FAC020,Koppal,2025-11-15,A-,1,False,
USG003940,FAC020,Koppal,2025-11-15,B-,1,False,
USG003941,FAC020,Koppal,2025-11-16,O+,2,False,
USG003942,FAC020,Koppal,2025-11-16,B+,2,False,
USG003943,FAC020,Koppal,2025-11-16,A-,1,False,
USG003944,FAC020,Koppal,2025-11-18,O+,2,False,
USG003945,FAC020,Koppal,2025-11-19,B+,3,False,
USG003946,FAC020,Koppal,2025-11-20,O+,4,False,
USG003947,FAC020,Koppal,2025-11-20,A-,1,False,
USG003948,FAC020,Koppal,2025-11-21,B+,2,False,
USG003949,FAC020,Koppal,2025-11-21,O-,2,False,
USG003950,FAC020,Koppal,2025-11-22,A+,4,False,
USG003951,FAC020,Koppal,2025-11-24,AB+,4,False,
USG003952,FAC020,Koppal,2025-11-26,B-,4,False,
USG003953,FAC020,Koppal,2025-11-27,A+,2,False,
USG003954,FAC020,Koppal,2025-11-29,O+,2,False,
USG003955,FAC020,Koppal,2025-11-30,O+,4,False,
USG003956,FAC020,Koppal,2025-11-30,A-,3,False,
USG003957,FAC020,Koppal,2025-12-01,B+,1,False,
USG003958,FAC020,Koppal,2025-12-02,A-,2,False,
USG003959,FAC020,Koppal,2025-12-03,B-,2,False,
USG003960,FAC020,Koppal,2025-12-04,B+,3,False,
USG003961,FAC020,Koppal,2025-12-07,A+,3,False,
USG003962,FAC020,Koppal,2025-12-08,B+,1,False,
USG003963,FAC020,Koppal,2025-12-09,O+,1,False,
USG003964,FAC020,Koppal,2025-12-09,O-,1,False,
USG003965,FAC020,Koppal,2025-12-12,B+,1,True,Local incident spike
USG003966,FAC020,Koppal,2025-12-12,A+,2,True,Local incident spike
USG003967,FAC020,Koppal,2025-12-16,A+,4,False,
USG003968,FAC020,Koppal,2025-12-17,B+,1,False,
USG003969,FAC020,Koppal,2025-12-17,A-,4,False,
USG003970,FAC020,Koppal,2025-12-18,AB-,3,False,
USG003971,FAC020,Koppal,2025-12-19,O+,3,False,
USG003972,FAC020,Koppal,2025-12-19,O-,3,False,
USG003973,FAC020,Koppal,2025-12-21,O+,2,False,
USG003974,FAC020,Koppal,2025-12-22,O+,1,False,
USG003975,FAC020,Koppal,2025-12-24,O+,1,False,
USG003976,FAC020,Koppal,2025-12-24,AB+,4,False,
USG003977,FAC020,Koppal,2025-12-26,A+,2,False,
USG003978,FAC020,Koppal,2025-12-29,A+,1,False,
USG003979,FAC020,Koppal,2025-12-29,AB+,2,False,
USG003980,FAC020,Koppal,2025-12-30,B+,1,True,New Year travel period
USG003981,FAC020,Koppal,2025-12-30,A+,3,True,New Year travel period
USG003982,FAC020,Koppal,2026-01-01,A+,7,True,New Year travel period
USG003983,FAC020,Koppal,2026-01-01,AB+,6,True,New Year travel period
USG003984,FAC020,Koppal,2026-01-02,O+,4,True,New Year travel period
USG003985,FAC020,Koppal,2026-01-02,B+,2,True,New Year travel period
USG003986,FAC020,Koppal,2026-01-02,O-,7,True,New Year travel period
USG003987,FAC020,Koppal,2026-01-05,B+,3,False,
USG003988,FAC020,Koppal,2026-01-07,AB+,3,False,
USG003989,FAC020,Koppal,2026-01-08,O+,3,False,
USG003990,FAC020,Koppal,2026-01-09,B+,4,False,
USG003991,FAC020,Koppal,2026-01-11,O+,1,False,
USG003992,FAC020,Koppal,2026-01-13,A+,4,False,
USG003993,FAC020,Koppal,2026-01-13,AB-,2,False,
USG003994,FAC020,Koppal,2026-01-14,O+,4,False,
USG003995,FAC020,Koppal,2026-01-15,O+,2,False,
USG003996,FAC020,Koppal,2026-01-15,A+,3,False,
USG003997,FAC020,Koppal,2026-01-16,O+,2,False,
USG003998,FAC020,Koppal,2026-01-17,O+,2,False,
USG003999,FAC020,Koppal,2026-01-17,B+,2,False,
USG004000,FAC020,Koppal,2026-01-18,AB-,2,False,
USG004001,FAC020,Koppal,2026-01-19,B-,4,False,
USG004002,FAC020,Koppal,2026-01-20,O+,1,False,
USG004003,FAC020,Koppal,2026-01-20,A+,4,False,
USG004004,FAC020,Koppal,2026-01-22,B+,4,False,
USG004005,FAC020,Koppal,2026-01-22,O-,4,False,
USG004006,FAC020,Koppal,2026-01-23,O+,4,False,
USG004007,FAC020,Koppal,2026-01-23,B+,1,False,
USG004008,FAC020,Koppal,2026-01-24,AB+,1,False,
USG004009,FAC020,Koppal,2026-01-28,O-,4,False,
USG004010,FAC020,Koppal,2026-01-29,A+,3,False,
USG004011,FAC020,Koppal,2026-01-30,AB+,3,False,
USG004012,FAC020,Koppal,2026-02-01,B+,1,False,
USG004013,FAC020,Koppal,2026-02-01,A+,3,False,
USG004014,FAC020,Koppal,2026-02-03,A+,2,False,
USG004015,FAC020,Koppal,2026-02-04,O+,4,False,
USG004016,FAC020,Koppal,2026-02-04,A+,1,False,
USG004017,FAC020,Koppal,2026-02-04,A-,1,False,
USG004018,FAC020,Koppal,2026-02-04,AB-,4,False,
USG004019,FAC020,Koppal,2026-02-05,B+,3,False,
USG004020,FAC020,Koppal,2026-02-06,B+,1,False,
USG004021,FAC020,Koppal,2026-02-09,A+,1,False,
USG004022,FAC020,Koppal,2026-02-10,O+,2,False,
USG004023,FAC020,Koppal,2026-02-10,B+,4,False,
USG004024,FAC020,Koppal,2026-02-10,B-,2,False,
USG004025,FAC020,Koppal,2026-02-11,B+,1,False,
USG004026,FAC020,Koppal,2026-02-11,O-,1,False,
USG004027,FAC020,Koppal,2026-02-11,A-,4,False,
USG004028,FAC020,Koppal,2026-02-12,A+,3,False,
USG004029,FAC020,Koppal,2026-02-12,A-,4,False,
USG004030,FAC020,Koppal,2026-02-15,O+,2,False,
USG004031,FAC020,Koppal,2026-02-15,A-,4,False,
USG004032,FAC020,Koppal,2026-02-16,B+,1,False,
USG004033,FAC020,Koppal,2026-02-16,AB+,2,False,
USG004034,FAC020,Koppal,2026-02-16,O-,1,False,
USG004035,FAC020,Koppal,2026-02-18,O+,4,False,
USG004036,FAC020,Koppal,2026-02-18,A+,3,False,
USG004037,FAC020,Koppal,2026-02-19,O+,4,False,
USG004038,FAC020,Koppal,2026-02-19,O-,3,False,
USG004039,FAC020,Koppal,2026-02-22,A+,3,False,
USG004040,FAC020,Koppal,2026-02-22,AB+,1,False,
USG004041,FAC020,Koppal,2026-02-24,AB-,4,False,
USG004042,FAC020,Koppal,2026-02-25,B-,2,False,
USG004043,FAC020,Koppal,2026-02-26,AB-,2,False,
USG004044,FAC020,Koppal,2026-02-27,B-,4,False,
USG004045,FAC020,Koppal,2026-02-28,O+,1,False,
USG004046,FAC020,Koppal,2026-03-02,A+,2,False,
USG004047,FAC020,Koppal,2026-03-04,O+,2,False,
USG004048,FAC020,Koppal,2026-03-04,AB+,3,False,
USG004049,FAC020,Koppal,2026-03-04,B-,4,False,
USG004050,FAC020,Koppal,2026-03-05,A+,3,False,
USG004051,FAC020,Koppal,2026-03-06,O+,4,False,
USG004052,FAC020,Koppal,2026-03-06,B+,4,False,
USG004053,FAC020,Koppal,2026-03-07,A+,3,False,
USG004054,FAC020,Koppal,2026-03-09,O+,1,False,
USG004055,FAC020,Koppal,2026-03-09,A+,2,False,
USG004056,FAC020,Koppal,2026-03-11,O+,2,False,
USG004057,FAC020,Koppal,2026-03-13,A+,2,False,
USG004058,FAC020,Koppal,2026-03-15,A-,2,False,
USG004059,FAC020,Koppal,2026-03-16,O+,4,False,
USG004060,FAC020,Koppal,2026-03-16,B+,4,False,
USG004061,FAC020,Koppal,2026-03-17,B+,4,False,
USG004062,FAC020,Koppal,2026-03-17,O-,1,False,
USG004063,FAC020,Koppal,2026-03-19,A+,1,False,
USG004064,FAC020,Koppal,2026-03-20,B+,1,False,
USG004065,FAC020,Koppal,2026-03-20,AB-,3,False,
USG004066,FAC020,Koppal,2026-03-21,O+,1,False,
USG004067,FAC020,Koppal,2026-03-22,O+,3,False,
USG004068,FAC020,Koppal,2026-03-23,A+,3,False,
USG004069,FAC020,Koppal,2026-03-24,O+,4,False,
USG004070,FAC020,Koppal,2026-03-26,AB-,1,False,
USG004071,FAC020,Koppal,2026-03-28,O+,3,False,
USG004072,FAC020,Koppal,2026-03-30,B+,3,False,
USG004073,FAC020,Koppal,2026-03-30,AB-,1,False,
USG004074,FAC020,Koppal,2026-03-31,O+,1,False,
USG004075,FAC020,Koppal,2026-04-01,O+,3,False,
USG004076,FAC020,Koppal,2026-04-02,O+,2,False,
USG004077,FAC020,Koppal,2026-04-02,AB+,4,False,
USG004078,FAC020,Koppal,2026-04-03,AB+,2,False,
USG004079,FAC020,Koppal,2026-04-05,O+,2,False,
USG004080,FAC020,Koppal,2026-04-06,O+,2,False,
USG004081,FAC020,Koppal,2026-04-06,A-,1,False,
USG004082,FAC020,Koppal,2026-04-07,O+,1,False,
USG004083,FAC020,Koppal,2026-04-07,A+,3,False,
USG004084,FAC020,Koppal,2026-04-10,AB+,3,False,
USG004085,FAC020,Koppal,2026-04-11,A+,2,False,
USG004086,FAC020,Koppal,2026-04-12,A-,3,False,
USG004087,FAC020,Koppal,2026-04-13,AB+,2,False,
USG004088,FAC020,Koppal,2026-04-14,A+,4,False,
USG004089,FAC020,Koppal,2026-04-14,B-,4,False,
USG004090,FAC020,Koppal,2026-04-15,O+,2,False,
USG004091,FAC020,Koppal,2026-04-15,B-,1,False,
USG004092,FAC020,Koppal,2026-04-18,AB-,4,False,
USG004093,FAC020,Koppal,2026-04-19,AB+,1,False,
USG004094,FAC020,Koppal,2026-04-20,A-,3,False,
USG004095,FAC020,Koppal,2026-04-21,O+,7,True,Local incident spike
USG004096,FAC020,Koppal,2026-04-22,B+,3,False,
USG004097,FAC020,Koppal,2026-04-22,AB+,2,False,
USG004098,FAC020,Koppal,2026-04-22,A-,2,False,
USG004099,FAC020,Koppal,2026-04-27,A+,2,False,
USG004100,FAC020,Koppal,2026-04-27,B-,3,False,
USG004101,FAC020,Koppal,2026-04-27,AB-,3,False,
USG004102,FAC020,Koppal,2026-04-28,B+,4,False,
USG004103,FAC020,Koppal,2026-04-29,O+,3,False,
USG004104,FAC020,Koppal,2026-04-29,A-,3,False,
USG004105,FAC020,Koppal,2026-04-30,O-,1,False,
USG004106,FAC020,Koppal,2026-05-01,O+,4,False,
USG004107,FAC020,Koppal,2026-05-02,B+,1,False,
USG004108,FAC020,Koppal,2026-05-03,B-,3,False,
USG004109,FAC020,Koppal,2026-05-04,B+,1,False,
USG004110,FAC020,Koppal,2026-05-05,O+,4,False,
USG004111,FAC020,Koppal,2026-05-07,AB+,4,False,
USG004112,FAC020,Koppal,2026-05-08,O+,1,False,
USG004113,FAC020,Koppal,2026-05-08,A+,4,False,
USG004114,FAC020,Koppal,2026-05-09,B+,1,False,
USG004115,FAC020,Koppal,2026-05-09,A+,1,False,
USG004116,FAC020,Koppal,2026-05-09,AB+,2,False,
USG004117,FAC020,Koppal,2026-05-10,B+,1,False,
USG004118,FAC020,Koppal,2026-05-10,AB+,1,False,
USG004119,FAC020,Koppal,2026-05-11,O+,3,False,
USG004120,FAC020,Koppal,2026-05-12,B+,1,False,
USG004121,FAC020,Koppal,2026-05-13,O+,1,False,
USG004122,FAC020,Koppal,2026-05-13,A+,2,False,
USG004123,FAC020,Koppal,2026-05-14,B+,3,False,
USG004124,FAC020,Koppal,2026-05-15,AB-,2,False,
USG004125,FAC020,Koppal,2026-05-16,B+,2,False,
USG004126,FAC020,Koppal,2026-05-16,B-,4,False,
USG004127,FAC020,Koppal,2026-05-18,O+,2,False,
USG004128,FAC020,Koppal,2026-05-19,B+,2,False,
USG004129,FAC020,Koppal,2026-05-20,O+,4,False,
USG004130,FAC020,Koppal,2026-05-23,A+,1,False,
USG004131,FAC020,Koppal,2026-05-23,AB+,2,False,
USG004132,FAC020,Koppal,2026-05-24,B+,3,False,
USG004133,FAC020,Koppal,2026-05-25,O+,1,False,
USG004134,FAC020,Koppal,2026-05-25,A+,3,False,
USG004135,FAC020,Koppal,2026-05-26,O+,2,False,
USG004136,FAC020,Koppal,2026-05-28,B+,2,False,
USG004137,FAC020,Koppal,2026-05-30,O+,1,False,
USG004138,FAC020,Koppal,2026-05-31,B-,1,False,
USG004139,FAC020,Koppal,2026-06-02,O+,3,False,
USG004140,FAC020,Koppal,2026-06-03,O+,2,False,
USG004141,FAC020,Koppal,2026-06-04,A+,2,False,
USG004142,FAC020,Koppal,2026-06-04,AB+,4,False,
USG004143,FAC020,Koppal,2026-06-07,O+,2,False,
USG004144,FAC020,Koppal,2026-06-08,B+,6,True,Local incident spike
USG004145,FAC020,Koppal,2026-06-08,A+,3,True,Local incident spike
USG004146,FAC020,Koppal,2026-06-08,AB-,6,True,Local incident spike
USG004147,FAC020,Koppal,2026-06-10,O+,4,False,
USG004148,FAC020,Koppal,2026-06-10,O-,4,False,
USG004149,FAC020,Koppal,2026-06-11,O+,4,False,
USG004150,FAC020,Koppal,2026-06-12,O+,4,False,
USG004151,FAC020,Koppal,2026-06-13,O+,4,False,
USG004152,FAC020,Koppal,2026-06-15,B+,2,False,
USG004153,FAC020,Koppal,2026-06-16,A-,2,False,
USG004154,FAC020,Koppal,2026-06-17,O+,3,False,
USG004155,FAC020,Koppal,2026-06-17,A+,2,False,
USG004156,FAC020,Koppal,2026-06-20,O+,4,False,
USG004157,FAC020,Koppal,2026-06-21,A-,4,False,
USG004158,FAC020,Koppal,2026-06-24,A-,3,False,
USG004159,FAC020,Koppal,2026-06-25,B+,3,False,
USG004160,FAC020,Koppal,2026-06-26,O+,3,False,
USG004161,FAC020,Koppal,2026-06-26,B+,2,False,
USG004162,FAC020,Koppal,2026-06-26,A+,2,False,
USG004163,FAC020,Koppal,2026-06-27,A+,3,False,
USG004164,FAC020,Koppal,2026-06-28,B+,2,True,Local incident spike
USG004165,FAC020,Koppal,2026-06-28,A+,2,True,Local incident spike
USG004166,FAC020,Koppal,2026-06-29,A+,4,False,
USG004167,FAC020,Koppal,2026-06-29,AB-,2,False,
USG004168,FAC020,Koppal,2026-07-02,O+,3,False,
USG004169,FAC020,Koppal,2026-07-03,B+,2,False,
USG004170,FAC020,Koppal,2026-07-04,O+,1,False,
USG004171,FAC020,Koppal,2026-07-05,O+,4,False,
USG004172,FAC020,Koppal,2026-07-05,AB+,4,False,
USG004173,FAC020,Koppal,2026-07-05,A-,2,False,
USG004174,FAC020,Koppal,2026-07-05,AB-,1,False,
USG004175,FAC020,Koppal,2026-07-09,B+,4,False,
USG004176,FAC020,Koppal,2026-07-09,AB-,4,False,
USG004177,FAC020,Koppal,2026-07-10,O+,4,False,
USG004178,FAC020,Koppal,2026-07-13,B-,4,False,
USG004179,FAC020,Koppal,2026-07-15,AB-,2,True,Monsoon peak flood-risk weeks
USG004180,FAC020,Koppal,2026-07-16,A+,4,True,Monsoon peak flood-risk weeks
USG004181,FAC020,Koppal,2026-07-16,AB+,2,True,Monsoon peak flood-risk weeks
USG004182,FAC020,Koppal,2026-07-18,O+,4,True,Monsoon peak flood-risk weeks
USG004183,FAC020,Koppal,2026-07-18,O-,6,True,Monsoon peak flood-risk weeks
USG004184,FAC020,Koppal,2026-07-20,O+,5,True,Monsoon peak flood-risk weeks
USG004185,FAC020,Koppal,2026-07-20,B+,3,True,Monsoon peak flood-risk weeks
USG004186,FAC020,Koppal,2026-07-21,O+,4,True,Monsoon peak flood-risk weeks
USG004187,FAC020,Koppal,2026-07-22,O+,1,True,Monsoon peak flood-risk weeks
USG004188,FAC020,Koppal,2026-07-23,A-,3,True,Monsoon peak flood-risk weeks
USG004189,FAC020,Koppal,2026-07-24,O+,3,True,Monsoon peak flood-risk weeks
USG004190,FAC020,Koppal,2026-07-24,B+,6,True,Monsoon peak flood-risk weeks
USG004191,FAC020,Koppal,2026-07-25,O+,2,True,Monsoon peak flood-risk weeks
USG004192,FAC020,Koppal,2026-07-25,A+,5,True,Monsoon peak flood-risk weeks
USG004193,FAC020,Koppal,2026-07-26,O-,3,True,Monsoon peak flood-risk weeks
USG004194,FAC020,Koppal,2026-07-27,A-,3,True,Monsoon peak flood-risk weeks
USG004195,FAC020,Koppal,2026-07-28,AB+,5,True,Monsoon peak flood-risk weeks
USG004196,FAC020,Koppal,2026-07-28,AB-,3,True,Monsoon peak flood-risk weeks
USG004197,FAC020,Koppal,2026-07-29,AB+,5,True,Monsoon peak flood-risk weeks
USG004198,FAC020,Koppal,2026-07-30,O+,3,True,Monsoon peak flood-risk weeks
USG004199,FAC020,Koppal,2026-07-30,AB+,3,True,Monsoon peak flood-risk weeks
USG004200,FAC020,Koppal,2026-07-30,AB-,7,True,Monsoon peak flood-risk weeks
USG004201,FAC020,Koppal,2026-08-01,O+,2,True,Monsoon peak flood-risk weeks
USG004202,FAC021,Koppal,2025-08-02,B+,4,True,Monsoon peak flood-risk weeks
USG004203,FAC021,Koppal,2025-08-02,A+,2,True,Monsoon peak flood-risk weeks
USG004204,FAC021,Koppal,2025-08-04,A-,6,True,Monsoon peak flood-risk weeks
USG004205,FAC021,Koppal,2025-08-04,B-,6,True,Monsoon peak flood-risk weeks
USG004206,FAC021,Koppal,2025-08-07,O+,1,False,
USG004207,FAC021,Koppal,2025-08-09,O+,1,False,
USG004208,FAC021,Koppal,2025-08-09,A-,1,False,
USG004209,FAC021,Koppal,2025-08-11,O+,2,False,
USG004210,FAC021,Koppal,2025-08-11,B+,3,False,
USG004211,FAC021,Koppal,2025-08-12,B+,4,False,
USG004212,FAC021,Koppal,2025-08-14,O+,3,False,
USG004213,FAC021,Koppal,2025-08-16,O+,1,False,
USG004214,FAC021,Koppal,2025-08-16,B+,1,False,
USG004215,FAC021,Koppal,2025-08-16,A+,1,False,
USG004216,FAC021,Koppal,2025-08-18,O+,2,False,
USG004217,FAC021,Koppal,2025-08-19,B+,1,False,
USG004218,FAC021,Koppal,2025-08-20,O+,3,False,
USG004219,FAC021,Koppal,2025-08-21,B+,2,False,
USG004220,FAC021,Koppal,2025-08-21,B-,1,False,
USG004221,FAC021,Koppal,2025-08-22,A+,4,False,
USG004222,FAC021,Koppal,2025-08-22,B-,2,False,
USG004223,FAC021,Koppal,2025-08-24,O+,2,False,
USG004224,FAC021,Koppal,2025-08-25,O+,4,False,
USG004225,FAC021,Koppal,2025-08-29,B+,2,False,
USG004226,FAC021,Koppal,2025-08-29,A+,1,False,
USG004227,FAC021,Koppal,2025-09-01,B+,1,False,
USG004228,FAC021,Koppal,2025-09-01,A+,1,False,
USG004229,FAC021,Koppal,2025-09-02,O+,4,False,
USG004230,FAC021,Koppal,2025-09-02,B+,3,False,
USG004231,FAC021,Koppal,2025-09-02,AB+,1,False,
USG004232,FAC021,Koppal,2025-09-02,A-,3,False,
USG004233,FAC021,Koppal,2025-09-03,B+,1,False,
USG004234,FAC021,Koppal,2025-09-04,O+,7,True,Local incident spike
USG004235,FAC021,Koppal,2025-09-04,AB+,2,True,Local incident spike
USG004236,FAC021,Koppal,2025-09-04,AB-,1,True,Local incident spike
USG004237,FAC021,Koppal,2025-09-06,B+,1,False,
USG004238,FAC021,Koppal,2025-09-08,B+,3,False,
USG004239,FAC021,Koppal,2025-09-08,AB+,4,False,
USG004240,FAC021,Koppal,2025-09-08,A-,2,False,
USG004241,FAC021,Koppal,2025-09-09,B+,2,False,
USG004242,FAC021,Koppal,2025-09-10,B+,4,False,
USG004243,FAC021,Koppal,2025-09-10,A-,2,False,
USG004244,FAC021,Koppal,2025-09-11,A-,3,False,
USG004245,FAC021,Koppal,2025-09-12,O+,5,True,Local incident spike
USG004246,FAC021,Koppal,2025-09-12,A+,2,True,Local incident spike
USG004247,FAC021,Koppal,2025-09-12,B-,5,True,Local incident spike
USG004248,FAC021,Koppal,2025-09-12,AB-,5,True,Local incident spike
USG004249,FAC021,Koppal,2025-09-13,O+,1,False,
USG004250,FAC021,Koppal,2025-09-13,A+,3,False,
USG004251,FAC021,Koppal,2025-09-13,O-,1,False,
USG004252,FAC021,Koppal,2025-09-13,B-,2,False,
USG004253,FAC021,Koppal,2025-09-14,O+,4,False,
USG004254,FAC021,Koppal,2025-09-14,A+,4,False,
USG004255,FAC021,Koppal,2025-09-16,AB-,3,True,Festival travel peak (Dasara)
USG004256,FAC021,Koppal,2025-09-18,B+,4,True,Festival travel peak (Dasara)
USG004257,FAC021,Koppal,2025-09-18,AB+,5,True,Festival travel peak (Dasara)
USG004258,FAC021,Koppal,2025-09-18,AB-,3,True,Festival travel peak (Dasara)
USG004259,FAC021,Koppal,2025-09-19,AB+,4,True,Festival travel peak (Dasara)
USG004260,FAC021,Koppal,2025-09-20,O+,4,True,Festival travel peak (Dasara)
USG004261,FAC021,Koppal,2025-09-21,A+,6,True,Festival travel peak (Dasara)
USG004262,FAC021,Koppal,2025-09-22,O+,7,True,Festival travel peak (Dasara)
USG004263,FAC021,Koppal,2025-09-22,AB+,6,True,Festival travel peak (Dasara)
USG004264,FAC021,Koppal,2025-09-22,O-,3,True,Festival travel peak (Dasara)
USG004265,FAC021,Koppal,2025-09-24,O-,2,True,Festival travel peak (Dasara)
USG004266,FAC021,Koppal,2025-09-24,A-,5,True,Festival travel peak (Dasara)
USG004267,FAC021,Koppal,2025-09-25,A+,7,True,Festival travel peak (Dasara)
USG004268,FAC021,Koppal,2025-09-26,A+,5,True,Festival travel peak (Dasara)
USG004269,FAC021,Koppal,2025-09-26,O-,2,True,Festival travel peak (Dasara)
USG004270,FAC021,Koppal,2025-09-27,O+,2,True,Festival travel peak (Dasara)
USG004271,FAC021,Koppal,2025-09-28,O+,1,True,Festival travel peak (Dasara)
USG004272,FAC021,Koppal,2025-09-28,A+,2,True,Festival travel peak (Dasara)
USG004273,FAC021,Koppal,2025-09-30,B+,2,True,Festival travel peak (Dasara)
USG004274,FAC021,Koppal,2025-09-30,A-,7,True,Festival travel peak (Dasara)
USG004275,FAC021,Koppal,2025-10-01,A+,3,True,Festival travel peak (Dasara)
USG004276,FAC021,Koppal,2025-10-01,AB+,3,True,Festival travel peak (Dasara)
USG004277,FAC021,Koppal,2025-10-01,AB-,7,True,Festival travel peak (Dasara)
USG004278,FAC021,Koppal,2025-10-02,B+,2,True,Festival travel peak (Dasara)
USG004279,FAC021,Koppal,2025-10-02,AB+,2,True,Festival travel peak (Dasara)
USG004280,FAC021,Koppal,2025-10-03,A-,2,True,Festival travel peak (Dasara)
USG004281,FAC021,Koppal,2025-10-04,O+,2,True,Festival travel peak (Dasara)
USG004282,FAC021,Koppal,2025-10-04,B+,4,True,Festival travel peak (Dasara)
USG004283,FAC021,Koppal,2025-10-04,A+,1,True,Festival travel peak (Dasara)
USG004284,FAC021,Koppal,2025-10-04,AB+,4,True,Festival travel peak (Dasara)
USG004285,FAC021,Koppal,2025-10-05,O+,1,True,Festival travel peak (Dasara)
USG004286,FAC021,Koppal,2025-10-05,A-,6,True,Festival travel peak (Dasara)
USG004287,FAC021,Koppal,2025-10-07,O+,5,True,Festival travel peak (Dasara)
USG004288,FAC021,Koppal,2025-10-09,O+,3,True,Festival travel peak (Dasara)
USG004289,FAC021,Koppal,2025-10-09,O-,2,True,Festival travel peak (Dasara)
USG004290,FAC021,Koppal,2025-10-09,A-,7,True,Festival travel peak (Dasara)
USG004291,FAC021,Koppal,2025-10-11,O-,1,False,
USG004292,FAC021,Koppal,2025-10-12,A-,3,False,
USG004293,FAC021,Koppal,2025-10-14,B+,3,False,
USG004294,FAC021,Koppal,2025-10-16,A-,2,False,
USG004295,FAC021,Koppal,2025-10-17,O+,4,False,
USG004296,FAC021,Koppal,2025-10-18,O+,1,False,
USG004297,FAC021,Koppal,2025-10-18,B-,3,False,
USG004298,FAC021,Koppal,2025-10-18,AB-,2,False,
USG004299,FAC021,Koppal,2025-10-19,O+,3,False,
USG004300,FAC021,Koppal,2025-10-19,B+,1,False,
USG004301,FAC021,Koppal,2025-10-21,O+,4,False,
USG004302,FAC021,Koppal,2025-10-22,B+,4,False,
USG004303,FAC021,Koppal,2025-10-23,O+,5,True,Local incident spike
USG004304,FAC021,Koppal,2025-10-23,B+,3,True,Local incident spike
USG004305,FAC021,Koppal,2025-10-23,AB+,5,True,Local incident spike
USG004306,FAC021,Koppal,2025-10-24,A+,4,False,
USG004307,FAC021,Koppal,2025-10-25,B+,3,False,
USG004308,FAC021,Koppal,2025-10-25,AB-,3,False,
USG004309,FAC021,Koppal,2025-10-26,AB+,3,False,
USG004310,FAC021,Koppal,2025-10-27,A+,2,False,
USG004311,FAC021,Koppal,2025-10-30,B+,2,False,
USG004312,FAC021,Koppal,2025-10-30,B-,4,False,
USG004313,FAC021,Koppal,2025-11-01,A+,4,False,
USG004314,FAC021,Koppal,2025-11-02,B+,2,False,
USG004315,FAC021,Koppal,2025-11-08,B+,3,False,
USG004316,FAC021,Koppal,2025-11-08,A+,1,False,
USG004317,FAC021,Koppal,2025-11-10,O+,4,False,
USG004318,FAC021,Koppal,2025-11-10,AB+,2,False,
USG004319,FAC021,Koppal,2025-11-11,B-,2,False,
USG004320,FAC021,Koppal,2025-11-12,A+,1,False,
USG004321,FAC021,Koppal,2025-11-12,AB+,3,False,
USG004322,FAC021,Koppal,2025-11-13,B+,2,False,
USG004323,FAC021,Koppal,2025-11-14,B+,2,False,
USG004324,FAC021,Koppal,2025-11-14,A+,3,False,
USG004325,FAC021,Koppal,2025-11-14,AB+,1,False,
USG004326,FAC021,Koppal,2025-11-14,O-,4,False,
USG004327,FAC021,Koppal,2025-11-15,B+,3,False,
USG004328,FAC021,Koppal,2025-11-15,O-,2,False,
USG004329,FAC021,Koppal,2025-11-16,B+,2,False,
USG004330,FAC021,Koppal,2025-11-17,A+,4,False,
USG004331,FAC021,Koppal,2025-11-18,O+,2,False,
USG004332,FAC021,Koppal,2025-11-18,AB+,2,False,
USG004333,FAC021,Koppal,2025-11-18,A-,4,False,
USG004334,FAC021,Koppal,2025-11-20,A+,3,False,
USG004335,FAC021,Koppal,2025-11-21,O-,1,False,
USG004336,FAC021,Koppal,2025-11-23,O+,4,False,
USG004337,FAC021,Koppal,2025-11-25,B+,2,False,
USG004338,FAC021,Koppal,2025-11-25,A+,1,False,
USG004339,FAC021,Koppal,2025-11-27,O+,4,False,
USG004340,FAC021,Koppal,2025-11-28,A+,3,False,
USG004341,FAC021,Koppal,2025-11-28,B-,4,False,
USG004342,FAC021,Koppal,2025-11-30,B+,2,False,
USG004343,FAC021,Koppal,2025-11-30,B-,3,False,
USG004344,FAC021,Koppal,2025-12-01,O+,1,False,
USG004345,FAC021,Koppal,2025-12-04,B+,2,False,
USG004346,FAC021,Koppal,2025-12-04,AB-,2,False,
USG004347,FAC021,Koppal,2025-12-05,O+,1,False,
USG004348,FAC021,Koppal,2025-12-05,A-,3,False,
USG004349,FAC021,Koppal,2025-12-05,B-,4,False,
USG004350,FAC021,Koppal,2025-12-06,B+,1,False,
USG004351,FAC021,Koppal,2025-12-07,AB-,1,False,
USG004352,FAC021,Koppal,2025-12-10,AB+,3,False,
USG004353,FAC021,Koppal,2025-12-10,AB-,3,False,
USG004354,FAC021,Koppal,2025-12-11,B+,2,False,
USG004355,FAC021,Koppal,2025-12-12,B-,1,False,
USG004356,FAC021,Koppal,2025-12-14,AB-,3,False,
USG004357,FAC021,Koppal,2025-12-15,B+,2,False,
USG004358,FAC021,Koppal,2025-12-17,AB+,1,False,
USG004359,FAC021,Koppal,2025-12-19,B+,2,False,
USG004360,FAC021,Koppal,2025-12-20,O+,4,False,
USG004361,FAC021,Koppal,2025-12-20,A-,4,False,
USG004362,FAC021,Koppal,2025-12-22,O+,4,False,
USG004363,FAC021,Koppal,2025-12-22,B+,1,False,
USG004364,FAC021,Koppal,2025-12-23,AB+,1,False,
USG004365,FAC021,Koppal,2025-12-24,O+,1,False,
USG004366,FAC021,Koppal,2025-12-24,A+,4,False,
USG004367,FAC021,Koppal,2025-12-25,O+,1,False,
USG004368,FAC021,Koppal,2025-12-26,B+,3,False,
USG004369,FAC021,Koppal,2025-12-27,B+,1,False,
USG004370,FAC021,Koppal,2025-12-28,A+,2,False,
USG004371,FAC021,Koppal,2025-12-29,AB+,2,False,
USG004372,FAC021,Koppal,2025-12-30,O+,3,True,New Year travel period
USG004373,FAC021,Koppal,2025-12-30,B+,3,True,New Year travel period
USG004374,FAC021,Koppal,2026-01-01,A+,5,True,New Year travel period
USG004375,FAC021,Koppal,2026-01-02,O+,3,True,New Year travel period
USG004376,FAC021,Koppal,2026-01-03,B+,1,False,
USG004377,FAC021,Koppal,2026-01-04,O+,1,False,
USG004378,FAC021,Koppal,2026-01-08,AB+,1,False,
USG004379,FAC021,Koppal,2026-01-09,A-,2,False,
USG004380,FAC021,Koppal,2026-01-10,B+,2,False,
USG004381,FAC021,Koppal,2026-01-11,O+,3,False,
USG004382,FAC021,Koppal,2026-01-11,B+,4,False,
USG004383,FAC021,Koppal,2026-01-11,A-,4,False,
USG004384,FAC021,Koppal,2026-01-12,O-,2,False,
USG004385,FAC021,Koppal,2026-01-16,O+,2,False,
USG004386,FAC021,Koppal,2026-01-17,B+,4,False,
USG004387,FAC021,Koppal,2026-01-19,O+,2,False,
USG004388,FAC021,Koppal,2026-01-20,O+,2,False,
USG004389,FAC021,Koppal,2026-01-21,AB-,3,False,
USG004390,FAC021,Koppal,2026-01-23,O+,2,False,
USG004391,FAC021,Koppal,2026-01-23,B+,2,False,
USG004392,FAC021,Koppal,2026-01-24,O+,4,False,
USG004393,FAC021,Koppal,2026-01-25,B+,1,False,
USG004394,FAC021,Koppal,2026-01-25,AB+,1,False,
USG004395,FAC021,Koppal,2026-01-26,O+,3,False,
USG004396,FAC021,Koppal,2026-01-26,B+,3,False,
USG004397,FAC021,Koppal,2026-01-27,O+,3,False,
USG004398,FAC021,Koppal,2026-01-27,O-,2,False,
USG004399,FAC021,Koppal,2026-01-28,AB+,2,False,
USG004400,FAC021,Koppal,2026-01-29,O+,4,False,
USG004401,FAC021,Koppal,2026-01-29,B+,4,False,
USG004402,FAC021,Koppal,2026-01-29,AB-,2,False,
USG004403,FAC021,Koppal,2026-02-01,O+,2,False,
USG004404,FAC021,Koppal,2026-02-01,A-,3,False,
USG004405,FAC021,Koppal,2026-02-02,A+,4,False,
USG004406,FAC021,Koppal,2026-02-03,O+,2,False,
USG004407,FAC021,Koppal,2026-02-03,AB+,1,False,
USG004408,FAC021,Koppal,2026-02-05,AB+,3,False,
USG004409,FAC021,Koppal,2026-02-06,AB+,2,False,
USG004410,FAC021,Koppal,2026-02-07,AB+,2,False,
USG004411,FAC021,Koppal,2026-02-08,O+,3,False,
USG004412,FAC021,Koppal,2026-02-09,O+,3,False,
USG004413,FAC021,Koppal,2026-02-10,O+,2,False,
USG004414,FAC021,Koppal,2026-02-14,B+,3,False,
USG004415,FAC021,Koppal,2026-02-14,AB+,1,False,
USG004416,FAC021,Koppal,2026-02-14,A-,3,False,
USG004417,FAC021,Koppal,2026-02-15,B-,2,False,
USG004418,FAC021,Koppal,2026-02-17,B+,4,False,
USG004419,FAC021,Koppal,2026-02-17,A+,2,False,
USG004420,FAC021,Koppal,2026-02-21,O+,2,False,
USG004421,FAC021,Koppal,2026-02-21,AB+,2,False,
USG004422,FAC021,Koppal,2026-02-22,O+,2,False,
USG004423,FAC021,Koppal,2026-02-22,B+,4,False,
USG004424,FAC021,Koppal,2026-02-23,A+,3,False,
USG004425,FAC021,Koppal,2026-02-25,A+,4,False,
USG004426,FAC021,Koppal,2026-02-25,O-,4,False,
USG004427,FAC021,Koppal,2026-02-28,B+,4,False,
USG004428,FAC021,Koppal,2026-03-01,AB-,3,False,
USG004429,FAC021,Koppal,2026-03-06,O+,3,True,Local incident spike
USG004430,FAC021,Koppal,2026-03-06,B+,6,True,Local incident spike
USG004431,FAC021,Koppal,2026-03-06,A+,2,True,Local incident spike
USG004432,FAC021,Koppal,2026-03-07,O+,1,False,
USG004433,FAC021,Koppal,2026-03-07,A-,4,False,
USG004434,FAC021,Koppal,2026-03-09,B-,1,False,
USG004435,FAC021,Koppal,2026-03-10,B+,3,False,
USG004436,FAC021,Koppal,2026-03-11,AB-,2,False,
USG004437,FAC021,Koppal,2026-03-14,O+,7,True,Local incident spike
USG004438,FAC021,Koppal,2026-03-14,B+,6,True,Local incident spike
USG004439,FAC021,Koppal,2026-03-14,A+,5,True,Local incident spike
USG004440,FAC021,Koppal,2026-03-14,B-,4,True,Local incident spike
USG004441,FAC021,Koppal,2026-03-15,B+,3,False,
USG004442,FAC021,Koppal,2026-03-17,A+,1,False,
USG004443,FAC021,Koppal,2026-03-17,AB+,1,False,
USG004444,FAC021,Koppal,2026-03-18,B+,2,False,
USG004445,FAC021,Koppal,2026-03-18,A+,2,False,
USG004446,FAC021,Koppal,2026-03-19,A+,3,False,
USG004447,FAC021,Koppal,2026-03-20,B+,1,False,
USG004448,FAC021,Koppal,2026-03-22,B-,2,False,
USG004449,FAC021,Koppal,2026-03-23,A-,2,False,
USG004450,FAC021,Koppal,2026-03-25,A+,1,False,
USG004451,FAC021,Koppal,2026-03-26,A+,3,False,
USG004452,FAC021,Koppal,2026-03-26,O-,1,False,
USG004453,FAC021,Koppal,2026-03-27,A+,4,False,
USG004454,FAC021,Koppal,2026-03-28,O+,1,False,
USG004455,FAC021,Koppal,2026-03-28,B+,4,False,
USG004456,FAC021,Koppal,2026-03-29,B+,3,False,
USG004457,FAC021,Koppal,2026-03-30,O+,4,False,
USG004458,FAC021,Koppal,2026-03-30,A-,1,False,
USG004459,FAC021,Koppal,2026-04-01,A+,1,False,
USG004460,FAC021,Koppal,2026-04-02,O+,4,False,
USG004461,FAC021,Koppal,2026-04-03,O+,2,False,
USG004462,FAC021,Koppal,2026-04-03,AB+,3,False,
USG004463,FAC021,Koppal,2026-04-04,B+,3,False,
USG004464,FAC021,Koppal,2026-04-04,A+,3,False,
USG004465,FAC021,Koppal,2026-04-04,A-,2,False,
USG004466,FAC021,Koppal,2026-04-05,B+,4,False,
USG004467,FAC021,Koppal,2026-04-06,B+,3,False,
USG004468,FAC021,Koppal,2026-04-06,O-,3,False,
USG004469,FAC021,Koppal,2026-04-07,B+,2,False,
USG004470,FAC021,Koppal,2026-04-08,B+,2,False,
USG004471,FAC021,Koppal,2026-04-08,AB+,1,False,
USG004472,FAC021,Koppal,2026-04-09,A-,2,False,
USG004473,FAC021,Koppal,2026-04-10,O+,4,False,
USG004474,FAC021,Koppal,2026-04-10,B+,3,False,
USG004475,FAC021,Koppal,2026-04-10,AB+,4,False,
USG004476,FAC021,Koppal,2026-04-13,B+,2,False,
USG004477,FAC021,Koppal,2026-04-15,AB-,3,False,
USG004478,FAC021,Koppal,2026-04-16,O+,4,False,
USG004479,FAC021,Koppal,2026-04-17,O+,3,False,
USG004480,FAC021,Koppal,2026-04-17,B+,2,False,
USG004481,FAC021,Koppal,2026-04-17,B-,2,False,
USG004482,FAC021,Koppal,2026-04-20,AB+,1,False,
USG004483,FAC021,Koppal,2026-04-22,O+,1,False,
USG004484,FAC021,Koppal,2026-04-22,B+,4,False,
USG004485,FAC021,Koppal,2026-04-23,B+,1,False,
USG004486,FAC021,Koppal,2026-04-23,AB+,4,False,
USG004487,FAC021,Koppal,2026-04-24,A+,2,False,
USG004488,FAC021,Koppal,2026-04-24,AB-,2,False,
USG004489,FAC021,Koppal,2026-04-26,B+,2,False,
USG004490,FAC021,Koppal,2026-04-26,A+,2,False,
USG004491,FAC021,Koppal,2026-04-27,AB+,1,False,
USG004492,FAC021,Koppal,2026-04-28,B+,3,False,
USG004493,FAC021,Koppal,2026-04-29,A+,1,False,
USG004494,FAC021,Koppal,2026-04-30,O-,3,False,
USG004495,FAC021,Koppal,2026-05-01,B+,2,False,
USG004496,FAC021,Koppal,2026-05-04,O+,2,False,
USG004497,FAC021,Koppal,2026-05-04,AB+,2,False,
USG004498,FAC021,Koppal,2026-05-06,O+,2,False,
USG004499,FAC021,Koppal,2026-05-06,B+,3,False,
USG004500,FAC021,Koppal,2026-05-06,AB+,3,False,
USG004501,FAC021,Koppal,2026-05-07,O+,4,False,
USG004502,FAC021,Koppal,2026-05-07,AB+,3,False,
USG004503,FAC021,Koppal,2026-05-09,B+,4,False,
USG004504,FAC021,Koppal,2026-05-09,O-,2,False,
USG004505,FAC021,Koppal,2026-05-11,O+,2,False,
USG004506,FAC021,Koppal,2026-05-11,A+,2,False,
USG004507,FAC021,Koppal,2026-05-12,B+,4,False,
USG004508,FAC021,Koppal,2026-05-15,B+,3,False,
USG004509,FAC021,Koppal,2026-05-15,AB+,3,False,
USG004510,FAC021,Koppal,2026-05-17,AB+,4,False,
USG004511,FAC021,Koppal,2026-05-17,A-,1,False,
USG004512,FAC021,Koppal,2026-05-18,AB+,3,False,
USG004513,FAC021,Koppal,2026-05-21,B+,4,False,
USG004514,FAC021,Koppal,2026-05-22,B+,3,False,
USG004515,FAC021,Koppal,2026-05-23,B-,1,False,
USG004516,FAC021,Koppal,2026-05-24,A+,1,False,
USG004517,FAC021,Koppal,2026-05-24,O-,4,False,
USG004518,FAC021,Koppal,2026-05-25,O-,4,False,
USG004519,FAC021,Koppal,2026-05-27,B+,2,False,
USG004520,FAC021,Koppal,2026-05-27,A+,3,False,
USG004521,FAC021,Koppal,2026-05-28,AB+,4,False,
USG004522,FAC021,Koppal,2026-05-28,AB-,2,False,
USG004523,FAC021,Koppal,2026-05-29,A+,1,False,
USG004524,FAC021,Koppal,2026-05-31,O+,1,False,
USG004525,FAC021,Koppal,2026-06-01,O-,3,False,
USG004526,FAC021,Koppal,2026-06-02,O-,1,False,
USG004527,FAC021,Koppal,2026-06-03,O+,1,False,
USG004528,FAC021,Koppal,2026-06-03,AB-,1,False,
USG004529,FAC021,Koppal,2026-06-04,O+,4,False,
USG004530,FAC021,Koppal,2026-06-04,AB+,2,False,
USG004531,FAC021,Koppal,2026-06-07,O+,1,False,
USG004532,FAC021,Koppal,2026-06-09,B-,3,False,
USG004533,FAC021,Koppal,2026-06-12,A+,3,False,
USG004534,FAC021,Koppal,2026-06-12,A-,3,False,
USG004535,FAC021,Koppal,2026-06-13,O+,4,False,
USG004536,FAC021,Koppal,2026-06-18,A+,4,False,
USG004537,FAC021,Koppal,2026-06-19,O+,4,False,
USG004538,FAC021,Koppal,2026-06-19,B+,1,False,
USG004539,FAC021,Koppal,2026-06-19,A+,2,False,
USG004540,FAC021,Koppal,2026-06-20,O+,3,False,
USG004541,FAC021,Koppal,2026-06-23,A+,4,False,
USG004542,FAC021,Koppal,2026-06-24,B+,1,False,
USG004543,FAC021,Koppal,2026-06-26,O+,2,False,
USG004544,FAC021,Koppal,2026-06-26,O-,4,False,
USG004545,FAC021,Koppal,2026-06-27,O-,4,False,
USG004546,FAC021,Koppal,2026-06-29,O+,2,False,
USG004547,FAC021,Koppal,2026-06-30,B+,1,False,
USG004548,FAC021,Koppal,2026-06-30,AB+,4,False,
USG004549,FAC021,Koppal,2026-07-01,O+,3,False,
USG004550,FAC021,Koppal,2026-07-02,O+,2,False,
USG004551,FAC021,Koppal,2026-07-02,AB+,4,False,
USG004552,FAC021,Koppal,2026-07-03,A+,3,False,
USG004553,FAC021,Koppal,2026-07-03,O-,1,False,
USG004554,FAC021,Koppal,2026-07-04,A-,4,False,
USG004555,FAC021,Koppal,2026-07-04,B-,4,False,
USG004556,FAC021,Koppal,2026-07-05,A+,1,False,
USG004557,FAC021,Koppal,2026-07-06,O+,2,False,
USG004558,FAC021,Koppal,2026-07-06,B+,4,False,
USG004559,FAC021,Koppal,2026-07-07,O+,1,False,
USG004560,FAC021,Koppal,2026-07-08,O+,2,False,
USG004561,FAC021,Koppal,2026-07-08,AB+,4,False,
USG004562,FAC021,Koppal,2026-07-09,O+,3,False,
USG004563,FAC021,Koppal,2026-07-09,B+,4,False,
USG004564,FAC021,Koppal,2026-07-10,O+,3,False,
USG004565,FAC021,Koppal,2026-07-10,AB-,4,False,
USG004566,FAC021,Koppal,2026-07-12,A+,4,False,
USG004567,FAC021,Koppal,2026-07-13,B+,4,False,
USG004568,FAC021,Koppal,2026-07-13,AB+,2,False,
USG004569,FAC021,Koppal,2026-07-14,A-,3,False,
USG004570,FAC021,Koppal,2026-07-15,O-,1,True,Monsoon peak flood-risk weeks
USG004571,FAC021,Koppal,2026-07-15,B-,7,True,Monsoon peak flood-risk weeks
USG004572,FAC021,Koppal,2026-07-16,O+,3,True,Monsoon peak flood-risk weeks
USG004573,FAC021,Koppal,2026-07-16,B+,1,True,Monsoon peak flood-risk weeks
USG004574,FAC021,Koppal,2026-07-16,AB-,7,True,Monsoon peak flood-risk weeks
USG004575,FAC021,Koppal,2026-07-18,AB+,2,True,Monsoon peak flood-risk weeks
USG004576,FAC021,Koppal,2026-07-19,B+,5,True,Monsoon peak flood-risk weeks
USG004577,FAC021,Koppal,2026-07-20,B-,7,True,Monsoon peak flood-risk weeks
USG004578,FAC021,Koppal,2026-07-21,O+,5,True,Monsoon peak flood-risk weeks
USG004579,FAC021,Koppal,2026-07-21,B+,3,True,Monsoon peak flood-risk weeks
USG004580,FAC021,Koppal,2026-07-22,B+,4,True,Monsoon peak flood-risk weeks
USG004581,FAC021,Koppal,2026-07-22,A+,4,True,Monsoon peak flood-risk weeks
USG004582,FAC021,Koppal,2026-07-22,A-,5,True,Monsoon peak flood-risk weeks
USG004583,FAC021,Koppal,2026-07-23,O+,7,True,Monsoon peak flood-risk weeks
USG004584,FAC021,Koppal,2026-07-23,B+,4,True,Monsoon peak flood-risk weeks
USG004585,FAC021,Koppal,2026-07-23,AB-,5,True,Monsoon peak flood-risk weeks
USG004586,FAC021,Koppal,2026-07-25,O-,5,True,Monsoon peak flood-risk weeks
USG004587,FAC021,Koppal,2026-07-26,A+,2,True,Monsoon peak flood-risk weeks
USG004588,FAC021,Koppal,2026-07-26,O-,3,True,Monsoon peak flood-risk weeks
USG004589,FAC021,Koppal,2026-07-26,AB-,5,True,Monsoon peak flood-risk weeks
USG004590,FAC021,Koppal,2026-07-27,AB+,3,True,Monsoon peak flood-risk weeks
USG004591,FAC021,Koppal,2026-07-27,O-,3,True,Monsoon peak flood-risk weeks
USG004592,FAC021,Koppal,2026-07-27,A-,3,True,Monsoon peak flood-risk weeks
USG004593,FAC021,Koppal,2026-07-29,B+,2,True,Monsoon peak flood-risk weeks
USG004594,FAC021,Koppal,2026-07-29,O-,2,True,Monsoon peak flood-risk weeks
USG004595,FAC021,Koppal,2026-07-29,AB-,3,True,Monsoon peak flood-risk weeks
USG004596,FAC021,Koppal,2026-07-30,B+,7,True,Monsoon peak flood-risk weeks
USG004597,FAC021,Koppal,2026-07-30,O-,1,True,Monsoon peak flood-risk weeks
USG004598,FAC021,Koppal,2026-07-31,B+,1,True,Monsoon peak flood-risk weeks
USG004599,FAC022,Koppal,2025-08-04,O+,5,True,Monsoon peak flood-risk weeks
USG004600,FAC022,Koppal,2025-08-04,O-,5,True,Monsoon peak flood-risk weeks
USG004601,FAC022,Koppal,2025-08-05,AB-,5,True,Monsoon peak flood-risk weeks
USG004602,FAC022,Koppal,2025-08-11,B+,1,False,
USG004603,FAC022,Koppal,2025-08-12,A+,3,False,
USG004604,FAC022,Koppal,2025-08-15,AB+,3,False,
USG004605,FAC022,Koppal,2025-08-24,B-,1,False,
USG004606,FAC022,Koppal,2025-08-25,B-,1,False,
USG004607,FAC022,Koppal,2025-08-26,O+,2,False,
USG004608,FAC022,Koppal,2025-09-01,O-,1,False,
USG004609,FAC022,Koppal,2025-09-03,O-,2,False,
USG004610,FAC022,Koppal,2025-09-03,B-,3,False,
USG004611,FAC022,Koppal,2025-09-07,B-,1,False,
USG004612,FAC022,Koppal,2025-09-10,O+,1,False,
USG004613,FAC022,Koppal,2025-09-15,B+,1,False,
USG004614,FAC022,Koppal,2025-09-16,O+,3,True,Festival travel peak (Dasara)
USG004615,FAC022,Koppal,2025-09-16,A+,4,True,Festival travel peak (Dasara)
USG004616,FAC022,Koppal,2025-09-16,B-,3,True,Festival travel peak (Dasara)
USG004617,FAC022,Koppal,2025-09-18,A-,2,True,Festival travel peak (Dasara)
USG004618,FAC022,Koppal,2025-09-19,O+,3,True,Festival travel peak (Dasara)
USG004619,FAC022,Koppal,2025-09-19,B+,2,True,Festival travel peak (Dasara)
USG004620,FAC022,Koppal,2025-09-19,A-,2,True,Festival travel peak (Dasara)
USG004621,FAC022,Koppal,2025-09-20,O+,3,True,Festival travel peak (Dasara)
USG004622,FAC022,Koppal,2025-09-20,A+,1,True,Festival travel peak (Dasara)
USG004623,FAC022,Koppal,2025-09-22,A+,1,True,Festival travel peak (Dasara)
USG004624,FAC022,Koppal,2025-09-22,AB+,3,True,Festival travel peak (Dasara)
USG004625,FAC022,Koppal,2025-09-26,O+,3,True,Festival travel peak (Dasara)
USG004626,FAC022,Koppal,2025-09-27,B-,4,True,Festival travel peak (Dasara)
USG004627,FAC022,Koppal,2025-09-28,B+,3,True,Festival travel peak (Dasara)
USG004628,FAC022,Koppal,2025-09-28,A-,3,True,Festival travel peak (Dasara)
USG004629,FAC022,Koppal,2025-09-29,AB+,3,True,Festival travel peak (Dasara)
USG004630,FAC022,Koppal,2025-09-30,AB+,2,True,Festival travel peak (Dasara)
USG004631,FAC022,Koppal,2025-09-30,B-,3,True,Festival travel peak (Dasara)
USG004632,FAC022,Koppal,2025-10-01,B+,3,True,Festival travel peak (Dasara)
USG004633,FAC022,Koppal,2025-10-02,B+,1,True,Festival travel peak (Dasara)
USG004634,FAC022,Koppal,2025-10-02,A-,5,True,Festival travel peak (Dasara)
USG004635,FAC022,Koppal,2025-10-03,O+,3,True,Festival travel peak (Dasara)
USG004636,FAC022,Koppal,2025-10-03,AB+,3,True,Festival travel peak (Dasara)
USG004637,FAC022,Koppal,2025-10-04,B+,4,True,Festival travel peak (Dasara)
USG004638,FAC022,Koppal,2025-10-04,A-,3,True,Festival travel peak (Dasara)
USG004639,FAC022,Koppal,2025-10-05,A+,5,True,Festival travel peak (Dasara)
USG004640,FAC022,Koppal,2025-10-06,O+,1,True,Festival travel peak (Dasara)
USG004641,FAC022,Koppal,2025-10-09,A+,3,True,Festival travel peak (Dasara)
USG004642,FAC022,Koppal,2025-10-10,A+,3,True,Festival travel peak (Dasara)
USG004643,FAC022,Koppal,2025-10-13,AB+,1,False,
USG004644,FAC022,Koppal,2025-10-13,B-,3,False,
USG004645,FAC022,Koppal,2025-10-20,O+,2,False,
USG004646,FAC022,Koppal,2025-10-20,AB+,1,False,
USG004647,FAC022,Koppal,2025-10-22,A+,1,False,
USG004648,FAC022,Koppal,2025-10-29,B-,2,False,
USG004649,FAC022,Koppal,2025-10-30,A+,3,False,
USG004650,FAC022,Koppal,2025-11-02,O-,2,False,
USG004651,FAC022,Koppal,2025-11-06,A+,1,False,
USG004652,FAC022,Koppal,2025-11-08,O+,1,False,
USG004653,FAC022,Koppal,2025-11-13,O+,2,False,
USG004654,FAC022,Koppal,2025-11-15,A-,3,False,
USG004655,FAC022,Koppal,2025-11-16,A-,2,False,
USG004656,FAC022,Koppal,2025-11-17,A+,3,False,
USG004657,FAC022,Koppal,2025-11-18,O-,3,False,
USG004658,FAC022,Koppal,2025-11-20,B+,3,False,
USG004659,FAC022,Koppal,2025-11-22,A+,2,False,
USG004660,FAC022,Koppal,2025-11-26,B+,1,False,
USG004661,FAC022,Koppal,2025-11-28,AB+,1,False,
USG004662,FAC022,Koppal,2025-12-01,O+,2,False,
USG004663,FAC022,Koppal,2025-12-04,AB-,2,False,
USG004664,FAC022,Koppal,2025-12-08,O+,5,True,Local incident spike
USG004665,FAC022,Koppal,2025-12-08,AB-,3,True,Local incident spike
USG004666,FAC022,Koppal,2025-12-09,B+,3,False,
USG004667,FAC022,Koppal,2025-12-10,A+,3,False,
USG004668,FAC022,Koppal,2025-12-12,A+,1,False,
USG004669,FAC022,Koppal,2025-12-13,O+,4,True,Local incident spike
USG004670,FAC022,Koppal,2025-12-13,O-,5,True,Local incident spike
USG004671,FAC022,Koppal,2025-12-14,B+,2,False,
USG004672,FAC022,Koppal,2025-12-15,O-,3,False,
USG004673,FAC022,Koppal,2025-12-18,O-,2,False,
USG004674,FAC022,Koppal,2025-12-20,B+,2,False,
USG004675,FAC022,Koppal,2025-12-21,O+,1,False,
USG004676,FAC022,Koppal,2025-12-22,O+,2,False,
USG004677,FAC022,Koppal,2025-12-30,A+,2,True,New Year travel period
USG004678,FAC022,Koppal,2025-12-30,AB-,1,True,New Year travel period
USG004679,FAC022,Koppal,2026-01-01,O+,5,True,New Year travel period
USG004680,FAC022,Koppal,2026-01-02,A+,1,True,New Year travel period
USG004681,FAC022,Koppal,2026-01-04,AB+,1,False,
USG004682,FAC022,Koppal,2026-01-10,O+,3,False,
USG004683,FAC022,Koppal,2026-01-13,A+,1,False,
USG004684,FAC022,Koppal,2026-01-16,B+,1,False,
USG004685,FAC022,Koppal,2026-01-22,AB-,1,False,
USG004686,FAC022,Koppal,2026-01-27,B+,2,False,
USG004687,FAC022,Koppal,2026-01-27,A+,2,False,
USG004688,FAC022,Koppal,2026-01-28,AB-,2,False,
USG004689,FAC022,Koppal,2026-01-30,B+,2,False,
USG004690,FAC022,Koppal,2026-02-02,O+,1,False,
USG004691,FAC022,Koppal,2026-02-02,B+,3,False,
USG004692,FAC022,Koppal,2026-02-04,AB-,3,False,
USG004693,FAC022,Koppal,2026-02-05,O+,1,False,
USG004694,FAC022,Koppal,2026-02-11,AB+,3,False,
USG004695,FAC022,Koppal,2026-02-18,O+,3,False,
USG004696,FAC022,Koppal,2026-02-19,O+,1,False,
USG004697,FAC022,Koppal,2026-02-25,A+,3,False,
USG004698,FAC022,Koppal,2026-03-05,AB-,3,False,
USG004699,FAC022,Koppal,2026-03-06,AB+,1,False,
USG004700,FAC022,Koppal,2026-03-10,A+,2,False,
USG004701,FAC022,Koppal,2026-03-13,O+,2,False,
USG004702,FAC022,Koppal,2026-03-15,O+,1,False,
USG004703,FAC022,Koppal,2026-03-15,A+,2,False,
USG004704,FAC022,Koppal,2026-03-17,O-,1,False,
USG004705,FAC022,Koppal,2026-03-21,B+,2,False,
USG004706,FAC022,Koppal,2026-03-22,B+,3,False,
USG004707,FAC022,Koppal,2026-03-22,O-,1,False,
USG004708,FAC022,Koppal,2026-03-23,B+,1,False,
USG004709,FAC022,Koppal,2026-03-24,A+,3,False,
USG004710,FAC022,Koppal,2026-03-24,AB+,1,False,
USG004711,FAC022,Koppal,2026-03-25,B+,2,True,Local incident spike
USG004712,FAC022,Koppal,2026-03-26,B+,2,False,
USG004713,FAC022,Koppal,2026-03-28,B-,2,False,
USG004714,FAC022,Koppal,2026-04-03,AB+,3,False,
USG004715,FAC022,Koppal,2026-04-03,B-,1,False,
USG004716,FAC022,Koppal,2026-04-04,O-,1,False,
USG004717,FAC022,Koppal,2026-04-05,AB-,3,False,
USG004718,FAC022,Koppal,2026-04-08,B+,2,False,
USG004719,FAC022,Koppal,2026-04-09,B+,2,False,
USG004720,FAC022,Koppal,2026-04-10,O+,3,False,
USG004721,FAC022,Koppal,2026-04-14,B+,2,False,
USG004722,FAC022,Koppal,2026-04-14,A-,1,False,
USG004723,FAC022,Koppal,2026-04-16,B-,2,False,
USG004724,FAC022,Koppal,2026-04-21,AB-,2,False,
USG004725,FAC022,Koppal,2026-04-28,O+,2,False,
USG004726,FAC022,Koppal,2026-05-02,O+,2,False,
USG004727,FAC022,Koppal,2026-05-03,AB-,1,False,
USG004728,FAC022,Koppal,2026-05-04,B-,1,False,
USG004729,FAC022,Koppal,2026-05-12,O+,1,False,
USG004730,FAC022,Koppal,2026-05-16,AB+,3,False,
USG004731,FAC022,Koppal,2026-05-18,O-,1,False,
USG004732,FAC022,Koppal,2026-05-21,A+,3,False,
USG004733,FAC022,Koppal,2026-05-22,AB+,3,False,
USG004734,FAC022,Koppal,2026-05-24,B-,3,False,
USG004735,FAC022,Koppal,2026-05-25,B+,1,False,
USG004736,FAC022,Koppal,2026-05-26,O-,3,False,
USG004737,FAC022,Koppal,2026-05-30,O+,2,False,
USG004738,FAC022,Koppal,2026-06-02,O+,3,False,
USG004739,FAC022,Koppal,2026-06-04,O-,1,False,
USG004740,FAC022,Koppal,2026-06-08,B+,2,False,
USG004741,FAC022,Koppal,2026-06-09,AB-,3,False,
USG004742,FAC022,Koppal,2026-06-16,A+,2,False,
USG004743,FAC022,Koppal,2026-06-18,AB-,1,False,
USG004744,FAC022,Koppal,2026-06-19,O+,2,True,Local incident spike
USG004745,FAC022,Koppal,2026-06-19,O-,3,True,Local incident spike
USG004746,FAC022,Koppal,2026-06-20,B-,3,False,
USG004747,FAC022,Koppal,2026-06-23,B+,1,False,
USG004748,FAC022,Koppal,2026-06-28,A-,1,False,
USG004749,FAC022,Koppal,2026-06-30,B+,5,True,Local incident spike
USG004750,FAC022,Koppal,2026-07-01,O-,3,False,
USG004751,FAC022,Koppal,2026-07-04,O+,2,False,
USG004752,FAC022,Koppal,2026-07-11,B+,3,False,
USG004753,FAC022,Koppal,2026-07-14,B+,1,False,
USG004754,FAC022,Koppal,2026-07-15,A+,5,True,Monsoon peak flood-risk weeks
USG004755,FAC022,Koppal,2026-07-19,AB-,4,True,Monsoon peak flood-risk weeks
USG004756,FAC022,Koppal,2026-07-22,O+,3,True,Monsoon peak flood-risk weeks
USG004757,FAC022,Koppal,2026-07-23,O+,3,True,Monsoon peak flood-risk weeks
USG004758,FAC022,Koppal,2026-07-23,AB+,2,True,Monsoon peak flood-risk weeks
USG004759,FAC022,Koppal,2026-07-24,A+,3,True,Monsoon peak flood-risk weeks
USG004760,FAC022,Koppal,2026-07-25,O+,5,True,Monsoon peak flood-risk weeks
USG004761,FAC022,Koppal,2026-07-28,A+,3,True,Monsoon peak flood-risk weeks
USG004762,FAC022,Koppal,2026-07-28,B-,2,True,Monsoon peak flood-risk weeks
USG004763,FAC022,Koppal,2026-07-29,O+,5,True,Monsoon peak flood-risk weeks
USG004764,FAC022,Koppal,2026-07-29,AB+,3,True,Monsoon peak flood-risk weeks
USG004765,FAC022,Koppal,2026-07-29,O-,5,True,Monsoon peak flood-risk weeks
USG004766,FAC022,Koppal,2026-07-30,AB+,5,True,Monsoon peak flood-risk weeks
USG004767,FAC022,Koppal,2026-07-30,AB-,5,True,Monsoon peak flood-risk weeks
USG004768,FAC022,Koppal,2026-07-31,O+,2,True,Monsoon peak flood-risk weeks
USG004769,FAC022,Koppal,2026-07-31,A-,3,True,Monsoon peak flood-risk weeks
USG004770,FAC022,Koppal,2026-07-31,B-,3,True,Monsoon peak flood-risk weeks
USG004771,FAC022,Koppal,2026-08-01,O+,2,True,Monsoon peak flood-risk weeks
USG004772,FAC022,Koppal,2026-08-01,A+,3,True,Monsoon peak flood-risk weeks
USG004773,FAC023,Koppal,2025-08-04,A+,1,True,Monsoon peak flood-risk weeks
USG004774,FAC023,Koppal,2025-08-05,A+,5,True,Monsoon peak flood-risk weeks
USG004775,FAC023,Koppal,2025-08-06,AB+,3,False,
USG004776,FAC023,Koppal,2025-08-08,O+,2,False,
USG004777,FAC023,Koppal,2025-08-14,A+,2,False,
USG004778,FAC023,Koppal,2025-08-15,A+,2,False,
USG004779,FAC023,Koppal,2025-08-22,A-,3,False,
USG004780,FAC023,Koppal,2025-09-02,AB+,3,False,
USG004781,FAC023,Koppal,2025-09-05,A-,3,False,
USG004782,FAC023,Koppal,2025-09-07,O+,3,False,
USG004783,FAC023,Koppal,2025-09-14,A+,2,False,
USG004784,FAC023,Koppal,2025-09-15,O+,3,False,
USG004785,FAC023,Koppal,2025-09-17,O+,4,True,Festival travel peak (Dasara)
USG004786,FAC023,Koppal,2025-09-19,O-,3,True,Festival travel peak (Dasara)
USG004787,FAC023,Koppal,2025-09-20,A+,4,True,Festival travel peak (Dasara)
USG004788,FAC023,Koppal,2025-09-21,O+,3,True,Festival travel peak (Dasara)
USG004789,FAC023,Koppal,2025-09-23,O+,1,True,Festival travel peak (Dasara)
USG004790,FAC023,Koppal,2025-09-24,A+,2,True,Festival travel peak (Dasara)
USG004791,FAC023,Koppal,2025-09-25,A-,4,True,Festival travel peak (Dasara)
USG004792,FAC023,Koppal,2025-09-26,A-,3,True,Festival travel peak (Dasara)
USG004793,FAC023,Koppal,2025-09-30,O+,4,True,Festival travel peak (Dasara)
USG004794,FAC023,Koppal,2025-10-08,O+,3,True,Festival travel peak (Dasara)
USG004795,FAC023,Koppal,2025-10-16,AB+,3,False,
USG004796,FAC023,Koppal,2025-10-26,O+,1,False,
USG004797,FAC023,Koppal,2025-10-29,O+,2,False,
USG004798,FAC023,Koppal,2025-10-30,AB+,3,False,
USG004799,FAC023,Koppal,2025-11-01,A+,1,True,Local incident spike
USG004800,FAC023,Koppal,2025-11-03,A+,2,False,
USG004801,FAC023,Koppal,2025-11-06,A+,3,False,
USG004802,FAC023,Koppal,2025-11-08,O+,2,False,
USG004803,FAC023,Koppal,2025-11-12,O+,3,False,
USG004804,FAC023,Koppal,2025-11-18,AB+,3,False,
USG004805,FAC023,Koppal,2025-11-20,O+,2,False,
USG004806,FAC023,Koppal,2025-11-22,O+,1,False,
USG004807,FAC023,Koppal,2025-11-30,O+,2,False,
USG004808,FAC023,Koppal,2025-12-01,A+,3,False,
USG004809,FAC023,Koppal,2025-12-04,A+,2,False,
USG004810,FAC023,Koppal,2025-12-05,O+,5,True,Local incident spike
USG004811,FAC023,Koppal,2025-12-05,A+,5,True,Local incident spike
USG004812,FAC023,Koppal,2025-12-07,A+,3,False,
USG004813,FAC023,Koppal,2025-12-09,A+,3,False,
USG004814,FAC023,Koppal,2025-12-10,AB+,2,False,
USG004815,FAC023,Koppal,2025-12-12,AB+,3,False,
USG004816,FAC023,Koppal,2025-12-13,O+,1,False,
USG004817,FAC023,Koppal,2025-12-15,O+,1,False,
USG004818,FAC023,Koppal,2025-12-20,AB+,3,False,
USG004819,FAC023,Koppal,2025-12-22,O+,3,False,
USG004820,FAC023,Koppal,2025-12-25,O+,2,False,
USG004821,FAC023,Koppal,2025-12-28,AB+,3,False,
USG004822,FAC023,Koppal,2025-12-31,O+,2,True,New Year travel period
USG004823,FAC023,Koppal,2025-12-31,O-,4,True,New Year travel period
USG004824,FAC023,Koppal,2026-01-03,AB+,3,False,
USG004825,FAC023,Koppal,2026-01-05,AB+,2,False,
USG004826,FAC023,Koppal,2026-01-09,O+,3,False,
USG004827,FAC023,Koppal,2026-01-11,A+,2,False,
USG004828,FAC023,Koppal,2026-01-12,O+,1,False,
USG004829,FAC023,Koppal,2026-01-13,O-,2,False,
USG004830,FAC023,Koppal,2026-01-24,AB+,3,False,
USG004831,FAC023,Koppal,2026-01-30,O+,2,False,
USG004832,FAC023,Koppal,2026-02-04,A+,1,False,
USG004833,FAC023,Koppal,2026-02-07,O+,3,False,
USG004834,FAC023,Koppal,2026-02-08,O+,3,False,
USG004835,FAC023,Koppal,2026-02-12,O+,1,False,
USG004836,FAC023,Koppal,2026-02-15,O+,2,False,
USG004837,FAC023,Koppal,2026-02-18,O-,2,False,
USG004838,FAC023,Koppal,2026-02-19,AB+,3,False,
USG004839,FAC023,Koppal,2026-02-23,A+,2,False,
USG004840,FAC023,Koppal,2026-02-25,A+,1,False,
USG004841,FAC023,Koppal,2026-03-01,O+,1,False,
USG004842,FAC023,Koppal,2026-03-11,O+,2,False,
USG004843,FAC023,Koppal,2026-03-13,O+,2,False,
USG004844,FAC023,Koppal,2026-03-15,AB+,1,False,
USG004845,FAC023,Koppal,2026-03-16,O+,2,False,
USG004846,FAC023,Koppal,2026-03-19,A-,3,False,
USG004847,FAC023,Koppal,2026-03-21,O+,1,False,
USG004848,FAC023,Koppal,2026-03-29,AB+,2,False,
USG004849,FAC023,Koppal,2026-03-31,A+,2,False,
USG004850,FAC023,Koppal,2026-03-31,AB+,1,False,
USG004851,FAC023,Koppal,2026-04-01,O-,2,False,
USG004852,FAC023,Koppal,2026-04-03,O-,2,False,
USG004853,FAC023,Koppal,2026-04-11,A+,3,False,
USG004854,FAC023,Koppal,2026-04-11,O-,3,False,
USG004855,FAC023,Koppal,2026-04-12,O-,2,False,
USG004856,FAC023,Koppal,2026-04-13,O+,1,False,
USG004857,FAC023,Koppal,2026-04-17,O-,1,False,
USG004858,FAC023,Koppal,2026-04-19,A+,2,False,
USG004859,FAC023,Koppal,2026-04-27,A-,3,False,
USG004860,FAC023,Koppal,2026-05-04,A+,3,False,
USG004861,FAC023,Koppal,2026-05-05,O+,2,False,
USG004862,FAC023,Koppal,2026-05-05,AB+,3,False,
USG004863,FAC023,Koppal,2026-05-07,O+,1,False,
USG004864,FAC023,Koppal,2026-05-15,O+,1,False,
USG004865,FAC023,Koppal,2026-05-19,A-,3,False,
USG004866,FAC023,Koppal,2026-05-21,O+,3,False,
USG004867,FAC023,Koppal,2026-05-23,O+,2,False,
USG004868,FAC023,Koppal,2026-05-23,A+,3,False,
USG004869,FAC023,Koppal,2026-05-24,A+,1,False,
USG004870,FAC023,Koppal,2026-06-04,A+,3,False,
USG004871,FAC023,Koppal,2026-06-08,O+,1,False,
USG004872,FAC023,Koppal,2026-06-10,AB+,1,False,
USG004873,FAC023,Koppal,2026-06-11,O+,1,False,
USG004874,FAC023,Koppal,2026-06-13,O+,3,False,
USG004875,FAC023,Koppal,2026-06-24,O+,1,False,
USG004876,FAC023,Koppal,2026-06-29,O+,3,False,
USG004877,FAC023,Koppal,2026-06-29,A+,2,False,
USG004878,FAC023,Koppal,2026-06-29,A-,2,False,
USG004879,FAC023,Koppal,2026-07-01,O+,3,False,
USG004880,FAC023,Koppal,2026-07-03,O-,3,False,
USG004881,FAC023,Koppal,2026-07-03,A-,1,False,
USG004882,FAC023,Koppal,2026-07-06,A-,1,False,
USG004883,FAC023,Koppal,2026-07-08,A-,3,False,
USG004884,FAC023,Koppal,2026-07-12,A-,2,False,
USG004885,FAC023,Koppal,2026-07-14,O+,1,False,
USG004886,FAC023,Koppal,2026-07-14,A+,3,False,
USG004887,FAC024,Koppal,2025-08-02,B+,4,True,Monsoon peak flood-risk weeks
USG004888,FAC024,Koppal,2025-08-02,AB-,1,True,Monsoon peak flood-risk weeks
USG004889,FAC024,Koppal,2025-08-04,O+,5,True,Monsoon peak flood-risk weeks
USG004890,FAC024,Koppal,2025-08-13,AB+,1,False,
USG004891,FAC024,Koppal,2025-08-17,AB+,1,False,
USG004892,FAC024,Koppal,2025-08-19,B-,1,False,
USG004893,FAC024,Koppal,2025-08-21,O+,2,False,
USG004894,FAC024,Koppal,2025-08-25,A-,1,False,
USG004895,FAC024,Koppal,2025-08-26,O+,1,False,
USG004896,FAC024,Koppal,2025-08-27,AB+,3,False,
USG004897,FAC024,Koppal,2025-08-28,B+,1,False,
USG004898,FAC024,Koppal,2025-08-30,B+,3,False,
USG004899,FAC024,Koppal,2025-08-31,B+,3,False,
USG004900,FAC024,Koppal,2025-09-08,A+,2,False,
USG004901,FAC024,Koppal,2025-09-13,O+,2,False,
USG004902,FAC024,Koppal,2025-09-16,A+,4,True,Festival travel peak (Dasara)
USG004903,FAC024,Koppal,2025-09-17,O+,3,True,Festival travel peak (Dasara)
USG004904,FAC024,Koppal,2025-09-18,O+,3,True,Festival travel peak (Dasara)
USG004905,FAC024,Koppal,2025-09-18,A+,4,True,Festival travel peak (Dasara)
USG004906,FAC024,Koppal,2025-09-19,A+,1,True,Festival travel peak (Dasara)
USG004907,FAC024,Koppal,2025-09-20,B+,2,True,Festival travel peak (Dasara)
USG004908,FAC024,Koppal,2025-09-20,AB-,3,True,Festival travel peak (Dasara)
USG004909,FAC024,Koppal,2025-09-21,A-,3,True,Festival travel peak (Dasara)
USG004910,FAC024,Koppal,2025-09-22,A-,5,True,Festival travel peak (Dasara)
USG004911,FAC024,Koppal,2025-09-24,O+,2,True,Festival travel peak (Dasara)
USG004912,FAC024,Koppal,2025-09-24,A-,5,True,Festival travel peak (Dasara)
USG004913,FAC024,Koppal,2025-09-25,A+,4,True,Festival travel peak (Dasara)
USG004914,FAC024,Koppal,2025-09-27,B+,3,True,Festival travel peak (Dasara)
USG004915,FAC024,Koppal,2025-09-29,O+,4,True,Festival travel peak (Dasara)
USG004916,FAC024,Koppal,2025-09-30,B-,4,True,Festival travel peak (Dasara)
USG004917,FAC024,Koppal,2025-10-01,O+,1,True,Festival travel peak (Dasara)
USG004918,FAC024,Koppal,2025-10-01,B+,2,True,Festival travel peak (Dasara)
USG004919,FAC024,Koppal,2025-10-04,B-,1,True,Festival travel peak (Dasara)
USG004920,FAC024,Koppal,2025-10-06,A+,2,True,Festival travel peak (Dasara)
USG004921,FAC024,Koppal,2025-10-06,O-,4,True,Festival travel peak (Dasara)
USG004922,FAC024,Koppal,2025-10-07,A+,5,True,Festival travel peak (Dasara)
USG004923,FAC024,Koppal,2025-10-08,A-,3,True,Festival travel peak (Dasara)
USG004924,FAC024,Koppal,2025-10-10,O+,3,True,Festival travel peak (Dasara)
USG004925,FAC024,Koppal,2025-10-10,AB+,3,True,Festival travel peak (Dasara)
USG004926,FAC024,Koppal,2025-10-11,B+,3,False,
USG004927,FAC024,Koppal,2025-10-12,AB-,1,False,
USG004928,FAC024,Koppal,2025-10-20,O+,2,False,
USG004929,FAC024,Koppal,2025-11-02,O+,1,False,
USG004930,FAC024,Koppal,2025-11-02,B-,1,False,
USG004931,FAC024,Koppal,2025-11-05,O+,3,False,
USG004932,FAC024,Koppal,2025-11-06,O-,3,False,
USG004933,FAC024,Koppal,2025-11-09,A+,3,False,
USG004934,FAC024,Koppal,2025-11-11,AB-,2,False,
USG004935,FAC024,Koppal,2025-11-12,B+,3,False,
USG004936,FAC024,Koppal,2025-11-12,O-,1,False,
USG004937,FAC024,Koppal,2025-11-13,A-,3,False,
USG004938,FAC024,Koppal,2025-11-14,A+,2,False,
USG004939,FAC024,Koppal,2025-11-18,O+,3,False,
USG004940,FAC024,Koppal,2025-11-18,A+,2,False,
USG004941,FAC024,Koppal,2025-11-18,AB+,2,False,
USG004942,FAC024,Koppal,2025-11-18,A-,3,False,
USG004943,FAC024,Koppal,2025-11-19,B+,2,False,
USG004944,FAC024,Koppal,2025-11-23,B+,2,False,
USG004945,FAC024,Koppal,2025-11-26,A+,2,False,
USG004946,FAC024,Koppal,2025-11-27,O+,3,False,
USG004947,FAC024,Koppal,2025-11-28,AB+,2,False,
USG004948,FAC024,Koppal,2025-11-28,B-,2,False,
USG004949,FAC024,Koppal,2025-11-29,O+,2,False,
USG004950,FAC024,Koppal,2025-12-05,B+,2,False,
USG004951,FAC024,Koppal,2025-12-07,A+,3,False,
USG004952,FAC024,Koppal,2025-12-09,O+,1,False,
USG004953,FAC024,Koppal,2025-12-10,A+,3,False,
USG004954,FAC024,Koppal,2025-12-11,B+,3,False,
USG004955,FAC024,Koppal,2025-12-11,AB+,3,False,
USG004956,FAC024,Koppal,2025-12-14,B+,3,False,
USG004957,FAC024,Koppal,2025-12-15,O+,1,False,
USG004958,FAC024,Koppal,2025-12-17,O+,2,False,
USG004959,FAC024,Koppal,2025-12-17,A+,2,False,
USG004960,FAC024,Koppal,2025-12-19,O+,2,False,
USG004961,FAC024,Koppal,2025-12-20,B+,1,False,
USG004962,FAC024,Koppal,2025-12-23,B-,2,False,
USG004963,FAC024,Koppal,2025-12-25,AB-,3,False,
USG004964,FAC024,Koppal,2025-12-28,O+,1,False,
USG004965,FAC024,Koppal,2025-12-30,B+,1,True,New Year travel period
USG004966,FAC024,Koppal,2025-12-31,O+,5,True,New Year travel period
USG004967,FAC024,Koppal,2025-12-31,B+,5,True,New Year travel period
USG004968,FAC024,Koppal,2026-01-01,B+,2,True,New Year travel period
USG004969,FAC024,Koppal,2026-01-01,AB+,3,True,New Year travel period
USG004970,FAC024,Koppal,2026-01-11,O-,3,False,
USG004971,FAC024,Koppal,2026-01-14,A+,3,False,
USG004972,FAC024,Koppal,2026-01-17,B+,2,False,
USG004973,FAC024,Koppal,2026-01-19,B+,1,False,
USG004974,FAC024,Koppal,2026-01-23,O+,3,False,
USG004975,FAC024,Koppal,2026-01-27,O+,2,False,
USG004976,FAC024,Koppal,2026-01-28,B+,3,False,
USG004977,FAC024,Koppal,2026-01-30,O-,2,False,
USG004978,FAC024,Koppal,2026-02-07,B+,2,False,
USG004979,FAC024,Koppal,2026-02-17,O+,1,False,
USG004980,FAC024,Koppal,2026-02-17,A+,1,False,
USG004981,FAC024,Koppal,2026-02-21,B+,2,False,
USG004982,FAC024,Koppal,2026-02-23,B+,1,False,
USG004983,FAC024,Koppal,2026-02-25,A+,3,False,
USG004984,FAC024,Koppal,2026-02-26,B+,1,False,
USG004985,FAC024,Koppal,2026-02-27,AB-,1,False,
USG004986,FAC024,Koppal,2026-03-02,A+,3,False,
USG004987,FAC024,Koppal,2026-03-08,O+,3,False,
USG004988,FAC024,Koppal,2026-03-17,B+,2,False,
USG004989,FAC024,Koppal,2026-03-19,B-,1,False,
USG004990,FAC024,Koppal,2026-03-20,A+,1,False,
USG004991,FAC024,Koppal,2026-03-20,A-,2,False,
USG004992,FAC024,Koppal,2026-03-23,B-,3,False,
USG004993,FAC024,Koppal,2026-03-30,A+,3,False,
USG004994,FAC024,Koppal,2026-04-01,O+,1,False,
USG004995,FAC024,Koppal,2026-04-01,B+,1,False,
USG004996,FAC024,Koppal,2026-04-05,B-,2,False,
USG004997,FAC024,Koppal,2026-04-06,A+,2,False,
USG004998,FAC024,Koppal,2026-04-08,B-,1,False,
USG004999,FAC024,Koppal,2026-04-10,A+,1,False,
USG005000,FAC024,Koppal,2026-04-10,B-,3,False,
USG005001,FAC024,Koppal,2026-04-12,B+,1,False,
USG005002,FAC024,Koppal,2026-04-13,O+,1,False,
USG005003,FAC024,Koppal,2026-04-15,O+,1,False,
USG005004,FAC024,Koppal,2026-04-17,O+,2,False,
USG005005,FAC024,Koppal,2026-04-18,AB+,3,True,Local incident spike
USG005006,FAC024,Koppal,2026-04-20,B+,3,False,
USG005007,FAC024,Koppal,2026-04-22,B+,2,False,
USG005008,FAC024,Koppal,2026-04-24,A+,1,False,
USG005009,FAC024,Koppal,2026-04-25,O-,3,True,Local incident spike
USG005010,FAC024,Koppal,2026-04-26,A+,2,False,
USG005011,FAC024,Koppal,2026-04-27,O+,1,False,
USG005012,FAC024,Koppal,2026-04-28,B+,2,False,
USG005013,FAC024,Koppal,2026-04-30,O+,2,False,
USG005014,FAC024,Koppal,2026-05-02,B-,3,False,
USG005015,FAC024,Koppal,2026-05-03,B+,3,False,
USG005016,FAC024,Koppal,2026-05-04,O+,3,True,Local incident spike
USG005017,FAC024,Koppal,2026-05-05,O+,1,False,
USG005018,FAC024,Koppal,2026-05-14,B+,1,False,
USG005019,FAC024,Koppal,2026-05-16,B-,3,False,
USG005020,FAC024,Koppal,2026-05-18,O+,1,False,
USG005021,FAC024,Koppal,2026-05-19,O+,1,False,
USG005022,FAC024,Koppal,2026-05-19,AB+,1,False,
USG005023,FAC024,Koppal,2026-05-23,O+,2,False,
USG005024,FAC024,Koppal,2026-05-26,A+,1,False,
USG005025,FAC024,Koppal,2026-05-26,AB+,3,False,
USG005026,FAC024,Koppal,2026-06-04,B-,3,False,
USG005027,FAC024,Koppal,2026-06-08,O+,1,False,
USG005028,FAC024,Koppal,2026-06-09,B+,1,False,
USG005029,FAC024,Koppal,2026-06-14,A+,3,False,
USG005030,FAC024,Koppal,2026-06-15,O+,1,False,
USG005031,FAC024,Koppal,2026-06-15,B+,1,False,
USG005032,FAC024,Koppal,2026-06-15,AB-,2,False,
USG005033,FAC024,Koppal,2026-06-19,O+,3,False,
USG005034,FAC024,Koppal,2026-06-19,A+,3,False,
USG005035,FAC024,Koppal,2026-06-21,B+,2,False,
USG005036,FAC024,Koppal,2026-06-23,B+,1,False,
USG005037,FAC024,Koppal,2026-06-23,A-,2,False,
USG005038,FAC024,Koppal,2026-06-28,A+,3,False,
USG005039,FAC024,Koppal,2026-06-29,AB+,1,False,
USG005040,FAC024,Koppal,2026-06-30,A+,2,False,
USG005041,FAC024,Koppal,2026-07-05,O+,1,False,
USG005042,FAC024,Koppal,2026-07-06,AB+,3,False,
USG005043,FAC024,Koppal,2026-07-07,AB-,1,False,
USG005044,FAC024,Koppal,2026-07-09,A-,3,False,
USG005045,FAC024,Koppal,2026-07-12,A+,3,False,
USG005046,FAC024,Koppal,2026-07-13,B+,1,False,
USG005047,FAC024,Koppal,2026-07-14,A+,3,False,
USG005048,FAC024,Koppal,2026-07-15,A-,3,True,Monsoon peak flood-risk weeks
USG005049,FAC024,Koppal,2026-07-19,A-,4,True,Monsoon peak flood-risk weeks
USG005050,FAC024,Koppal,2026-07-20,A+,2,True,Monsoon peak flood-risk weeks
USG005051,FAC024,Koppal,2026-07-20,AB+,3,True,Monsoon peak flood-risk weeks
USG005052,FAC024,Koppal,2026-07-24,O+,3,True,Monsoon peak flood-risk weeks
USG005053,FAC024,Koppal,2026-07-25,A-,5,True,Monsoon peak flood-risk weeks
USG005054,FAC024,Koppal,2026-07-27,A+,3,True,Monsoon peak flood-risk weeks
USG005055,FAC024,Koppal,2026-07-29,O+,2,True,Monsoon peak flood-risk weeks
USG005056,FAC024,Koppal,2026-08-01,O+,2,True,Monsoon peak flood-risk weeks
USG005057,FAC025,Koppal,2025-08-03,A+,3,True,Monsoon peak flood-risk weeks
USG005058,FAC025,Koppal,2025-08-12,A+,2,False,
USG005059,FAC025,Koppal,2025-08-15,B+,2,False,
USG005060,FAC025,Koppal,2025-08-27,B+,2,False,
USG005061,FAC025,Koppal,2025-09-16,A+,3,True,Festival travel peak (Dasara)
USG005062,FAC025,Koppal,2025-09-17,A+,2,True,Festival travel peak (Dasara)
USG005063,FAC025,Koppal,2025-09-19,O-,1,True,Festival travel peak (Dasara)
USG005064,FAC025,Koppal,2025-09-22,O+,3,True,Festival travel peak (Dasara)
USG005065,FAC025,Koppal,2025-09-30,O+,1,True,Festival travel peak (Dasara)
USG005066,FAC025,Koppal,2025-10-05,O+,2,True,Festival travel peak (Dasara)
USG005067,FAC025,Koppal,2025-10-16,B+,2,False,
USG005068,FAC025,Koppal,2025-10-21,B+,2,False,
USG005069,FAC025,Koppal,2025-10-31,B+,1,False,
USG005070,FAC025,Koppal,2025-11-01,A+,3,True,Local incident spike
USG005071,FAC025,Koppal,2025-11-06,O-,2,False,
USG005072,FAC025,Koppal,2025-11-11,O-,1,False,
USG005073,FAC025,Koppal,2025-11-12,O+,1,False,
USG005074,FAC025,Koppal,2025-11-19,A+,2,False,
USG005075,FAC025,Koppal,2025-11-27,O+,2,False,
USG005076,FAC025,Koppal,2025-12-03,A+,1,False,
USG005077,FAC025,Koppal,2025-12-08,A+,2,False,
USG005078,FAC025,Koppal,2025-12-21,O+,1,False,
USG005079,FAC025,Koppal,2025-12-26,O+,1,False,
USG005080,FAC025,Koppal,2025-12-30,A+,3,True,New Year travel period
USG005081,FAC025,Koppal,2026-01-02,A+,3,True,New Year travel period
USG005082,FAC025,Koppal,2026-01-14,O+,1,False,
USG005083,FAC025,Koppal,2026-01-16,O+,1,False,
USG005084,FAC025,Koppal,2026-01-19,A+,2,False,
USG005085,FAC025,Koppal,2026-01-20,O+,1,False,
USG005086,FAC025,Koppal,2026-01-21,A+,2,False,
USG005087,FAC025,Koppal,2026-02-07,O+,2,False,
USG005088,FAC025,Koppal,2026-02-15,O+,2,False,
USG005089,FAC025,Koppal,2026-02-20,O+,1,False,
USG005090,FAC025,Koppal,2026-03-04,O-,2,False,
USG005091,FAC025,Koppal,2026-03-06,O+,2,False,
USG005092,FAC025,Koppal,2026-03-10,O-,1,False,
USG005093,FAC025,Koppal,2026-04-03,O-,1,False,
USG005094,FAC025,Koppal,2026-04-06,A+,1,False,
USG005095,FAC025,Koppal,2026-05-02,A+,1,False,
USG005096,FAC025,Koppal,2026-05-08,O+,2,False,
USG005097,FAC025,Koppal,2026-05-11,A+,1,False,
USG005098,FAC025,Koppal,2026-05-12,O+,1,False,
USG005099,FAC025,Koppal,2026-06-03,O+,2,False,
USG005100,FAC025,Koppal,2026-06-08,A+,1,False,
USG005101,FAC025,Koppal,2026-06-09,O-,1,False,
USG005102,FAC025,Koppal,2026-06-10,O-,2,False,
USG005103,FAC025,Koppal,2026-06-26,A+,1,False,
USG005104,FAC025,Koppal,2026-06-28,B+,2,True,Local incident spike
USG005105,FAC025,Koppal,2026-06-29,B+,1,False,
USG005106,FAC026,Koppal,2025-08-11,A+,1,False,
USG005107,FAC026,Koppal,2025-09-02,B+,2,False,
USG005108,FAC026,Koppal,2025-09-05,A+,1,False,
USG005109,FAC026,Koppal,2025-09-21,B+,3,True,Festival travel peak (Dasara)
USG005110,FAC026,Koppal,2025-09-22,A+,3,True,Festival travel peak (Dasara)
USG005111,FAC026,Koppal,2025-10-31,A+,1,False,
USG005112,FAC026,Koppal,2025-11-03,O+,2,False,
USG005113,FAC026,Koppal,2025-11-04,A+,2,False,
USG005114,FAC026,Koppal,2025-11-12,O+,1,False,
USG005115,FAC026,Koppal,2025-11-24,O+,2,False,
USG005116,FAC026,Koppal,2025-12-30,A+,2,True,New Year travel period
USG005117,FAC026,Koppal,2026-01-01,A+,2,True,New Year travel period
USG005118,FAC026,Koppal,2026-01-21,O-,2,False,
USG005119,FAC026,Koppal,2026-01-24,B+,2,False,
USG005120,FAC026,Koppal,2026-01-29,A+,3,True,Local incident spike
USG005121,FAC026,Koppal,2026-02-04,B+,1,False,
USG005122,FAC026,Koppal,2026-02-08,O+,2,False,
USG005123,FAC026,Koppal,2026-03-07,O+,2,False,
USG005124,FAC026,Koppal,2026-03-12,A+,2,False,
USG005125,FAC026,Koppal,2026-03-14,B+,2,False,
USG005126,FAC026,Koppal,2026-03-27,O-,1,False,
USG005127,FAC026,Koppal,2026-03-31,O+,2,False,
USG005128,FAC026,Koppal,2026-04-04,O+,2,False,
USG005129,FAC026,Koppal,2026-04-10,O+,2,False,
USG005130,FAC026,Koppal,2026-04-11,B+,2,False,
USG005131,FAC026,Koppal,2026-04-15,O+,1,False,
USG005132,FAC026,Koppal,2026-04-16,B+,2,False,
USG005133,FAC026,Koppal,2026-04-30,O-,2,False,
USG005134,FAC026,Koppal,2026-05-03,A+,2,False,
USG005135,FAC026,Koppal,2026-05-26,O+,3,True,Local incident spike
USG005136,FAC026,Koppal,2026-05-28,B+,2,False,
USG005137,FAC026,Koppal,2026-06-12,A+,2,False,
USG005138,FAC026,Koppal,2026-06-29,O-,2,False,
USG005139,FAC026,Koppal,2026-07-12,O-,2,False,
USG005140,FAC026,Koppal,2026-07-14,A+,1,False,
USG005141,FAC026,Koppal,2026-07-16,A+,1,True,Monsoon peak flood-risk weeks
USG005142,FAC026,Koppal,2026-07-25,O+,1,True,Monsoon peak flood-risk weeks
USG005143,FAC026,Koppal,2026-07-27,O+,3,True,Monsoon peak flood-risk weeks
USG005144,FAC027,Koppal,2025-08-03,O-,3,True,Monsoon peak flood-risk weeks
USG005145,FAC027,Koppal,2025-08-04,A+,3,True,Monsoon peak flood-risk weeks
USG005146,FAC027,Koppal,2025-08-13,O+,2,False,
USG005147,FAC027,Koppal,2025-08-20,A+,1,False,
USG005148,FAC027,Koppal,2025-08-23,A+,2,False,
USG005149,FAC027,Koppal,2025-09-04,A+,1,False,
USG005150,FAC027,Koppal,2025-09-15,O+,2,False,
USG005151,FAC027,Koppal,2025-09-17,O+,3,True,Festival travel peak (Dasara)
USG005152,FAC027,Koppal,2025-09-26,A+,1,True,Festival travel peak (Dasara)
USG005153,FAC027,Koppal,2025-09-28,B+,3,True,Festival travel peak (Dasara)
USG005154,FAC027,Koppal,2025-10-01,B+,2,True,Festival travel peak (Dasara)
USG005155,FAC027,Koppal,2025-10-02,B+,1,True,Festival travel peak (Dasara)
USG005156,FAC027,Koppal,2025-10-04,B+,2,True,Festival travel peak (Dasara)
USG005157,FAC027,Koppal,2025-10-04,O+,2,True,Festival travel peak (Dasara)
USG005158,FAC027,Koppal,2025-10-05,O+,3,True,Festival travel peak (Dasara)
USG005159,FAC027,Koppal,2025-10-06,O+,2,True,Festival travel peak (Dasara)
USG005160,FAC027,Koppal,2025-10-14,B+,2,False,
USG005161,FAC027,Koppal,2025-10-15,O+,1,False,
USG005162,FAC027,Koppal,2025-10-23,O+,1,False,
USG005163,FAC027,Koppal,2025-10-31,O+,2,False,
USG005164,FAC027,Koppal,2025-11-06,B+,1,False,
USG005165,FAC027,Koppal,2025-11-12,A+,1,False,
USG005166,FAC027,Koppal,2025-11-27,A+,2,False,
USG005167,FAC027,Koppal,2025-12-03,B+,2,False,
USG005168,FAC027,Koppal,2025-12-13,B+,2,False,
USG005169,FAC027,Koppal,2025-12-14,A+,1,False,
USG005170,FAC027,Koppal,2025-12-15,B+,1,False,
USG005171,FAC027,Koppal,2025-12-17,O+,1,False,
USG005172,FAC027,Koppal,2025-12-19,A+,2,False,
USG005173,FAC027,Koppal,2025-12-20,A+,1,False,
USG005174,FAC027,Koppal,2026-01-26,O+,2,False,
USG005175,FAC027,Koppal,2026-02-03,B+,2,False,
USG005176,FAC027,Koppal,2026-02-16,O+,1,False,
USG005177,FAC027,Koppal,2026-02-19,O+,1,False,
USG005178,FAC027,Koppal,2026-03-09,A+,2,False,
USG005179,FAC027,Koppal,2026-03-11,B+,2,False,
USG005180,FAC027,Koppal,2026-03-15,A+,1,False,
USG005181,FAC027,Koppal,2026-03-26,O+,1,True,Local incident spike
USG005182,FAC027,Koppal,2026-04-08,B+,2,False,
USG005183,FAC027,Koppal,2026-04-11,B+,1,False,
USG005184,FAC027,Koppal,2026-05-05,O+,1,False,
USG005185,FAC027,Koppal,2026-05-18,O+,2,False,
USG005186,FAC027,Koppal,2026-05-29,O+,1,False,
USG005187,FAC027,Koppal,2026-06-01,B+,1,False,
USG005188,FAC027,Koppal,2026-06-05,A+,1,False,
USG005189,FAC027,Koppal,2026-06-05,O-,2,False,
USG005190,FAC027,Koppal,2026-06-09,A+,1,False,
USG005191,FAC027,Koppal,2026-07-14,O-,1,False,
USG005192,FAC027,Koppal,2026-07-24,A+,4,True,Monsoon peak flood-risk weeks
USG005193,FAC028,Raichur,2025-08-02,B+,5,True,Monsoon peak flood-risk weeks
USG005194,FAC028,Raichur,2025-08-02,A-,3,True,Monsoon peak flood-risk weeks
USG005195,FAC028,Raichur,2025-08-03,O+,7,True,Monsoon peak flood-risk weeks
USG005196,FAC028,Raichur,2025-08-04,O+,3,True,Monsoon peak flood-risk weeks
USG005197,FAC028,Raichur,2025-08-04,A-,3,True,Monsoon peak flood-risk weeks
USG005198,FAC028,Raichur,2025-08-05,B+,5,True,Monsoon peak flood-risk weeks
USG005199,FAC028,Raichur,2025-08-05,A+,2,True,Monsoon peak flood-risk weeks
USG005200,FAC028,Raichur,2025-08-05,O-,3,True,Monsoon peak flood-risk weeks
USG005201,FAC028,Raichur,2025-08-05,A-,2,True,Monsoon peak flood-risk weeks
USG005202,FAC028,Raichur,2025-08-06,B-,1,False,
USG005203,FAC028,Raichur,2025-08-07,A-,4,False,
USG005204,FAC028,Raichur,2025-08-09,O+,2,False,
USG005205,FAC028,Raichur,2025-08-10,AB+,3,False,
USG005206,FAC028,Raichur,2025-08-11,O+,1,False,
USG005207,FAC028,Raichur,2025-08-11,A-,1,False,
USG005208,FAC028,Raichur,2025-08-11,B-,1,False,
USG005209,FAC028,Raichur,2025-08-12,A-,4,False,
USG005210,FAC028,Raichur,2025-08-13,A+,2,False,
USG005211,FAC028,Raichur,2025-08-14,B+,4,False,
USG005212,FAC028,Raichur,2025-08-16,O+,1,False,
USG005213,FAC028,Raichur,2025-08-16,O-,4,False,
USG005214,FAC028,Raichur,2025-08-17,B+,1,False,
USG005215,FAC028,Raichur,2025-08-17,A+,3,False,
USG005216,FAC028,Raichur,2025-08-17,A-,3,False,
USG005217,FAC028,Raichur,2025-08-18,O-,1,False,
USG005218,FAC028,Raichur,2025-08-18,B-,2,False,
USG005219,FAC028,Raichur,2025-08-19,AB+,4,False,
USG005220,FAC028,Raichur,2025-08-20,O-,1,False,
USG005221,FAC028,Raichur,2025-08-21,B+,2,False,
USG005222,FAC028,Raichur,2025-08-21,A-,4,False,
USG005223,FAC028,Raichur,2025-08-23,B+,3,False,
USG005224,FAC028,Raichur,2025-08-23,A+,3,False,
USG005225,FAC028,Raichur,2025-08-24,O+,3,False,
USG005226,FAC028,Raichur,2025-08-24,AB-,2,False,
USG005227,FAC028,Raichur,2025-08-26,A+,2,False,
USG005228,FAC028,Raichur,2025-08-26,A-,2,False,
USG005229,FAC028,Raichur,2025-08-27,O+,2,False,
USG005230,FAC028,Raichur,2025-08-28,B+,3,False,
USG005231,FAC028,Raichur,2025-08-29,A+,1,False,
USG005232,FAC028,Raichur,2025-08-30,B+,1,False,
USG005233,FAC028,Raichur,2025-08-31,A+,2,False,
USG005234,FAC028,Raichur,2025-09-01,O-,3,False,
USG005235,FAC028,Raichur,2025-09-01,B-,4,False,
USG005236,FAC028,Raichur,2025-09-02,A+,2,False,
USG005237,FAC028,Raichur,2025-09-03,A-,1,False,
USG005238,FAC028,Raichur,2025-09-04,O+,2,False,
USG005239,FAC028,Raichur,2025-09-04,A+,2,False,
USG005240,FAC028,Raichur,2025-09-05,O+,4,False,
USG005241,FAC028,Raichur,2025-09-08,B-,4,False,
USG005242,FAC028,Raichur,2025-09-09,AB+,3,False,
USG005243,FAC028,Raichur,2025-09-09,B-,4,False,
USG005244,FAC028,Raichur,2025-09-10,AB+,3,False,
USG005245,FAC028,Raichur,2025-09-11,B-,2,False,
USG005246,FAC028,Raichur,2025-09-12,A+,3,False,
USG005247,FAC028,Raichur,2025-09-13,AB+,4,False,
USG005248,FAC028,Raichur,2025-09-16,AB+,6,True,Festival travel peak (Dasara)
USG005249,FAC028,Raichur,2025-09-16,B-,4,True,Festival travel peak (Dasara)
USG005250,FAC028,Raichur,2025-09-18,A+,4,True,Festival travel peak (Dasara)
USG005251,FAC028,Raichur,2025-09-18,AB-,3,True,Festival travel peak (Dasara)
USG005252,FAC028,Raichur,2025-09-19,O+,7,True,Festival travel peak (Dasara)
USG005253,FAC028,Raichur,2025-09-19,B+,6,True,Festival travel peak (Dasara)
USG005254,FAC028,Raichur,2025-09-19,A+,6,True,Festival travel peak (Dasara)
USG005255,FAC028,Raichur,2025-09-19,B-,5,True,Festival travel peak (Dasara)
USG005256,FAC028,Raichur,2025-09-20,O+,1,True,Festival travel peak (Dasara)
USG005257,FAC028,Raichur,2025-09-20,A-,6,True,Festival travel peak (Dasara)
USG005258,FAC028,Raichur,2025-09-21,O+,6,True,Festival travel peak (Dasara)
USG005259,FAC028,Raichur,2025-09-21,A+,6,True,Festival travel peak (Dasara)
USG005260,FAC028,Raichur,2025-09-21,AB-,7,True,Festival travel peak (Dasara)
USG005261,FAC028,Raichur,2025-09-23,O+,3,True,Festival travel peak (Dasara)
USG005262,FAC028,Raichur,2025-09-23,A+,3,True,Festival travel peak (Dasara)
USG005263,FAC028,Raichur,2025-09-23,AB-,5,True,Festival travel peak (Dasara)
USG005264,FAC028,Raichur,2025-09-24,AB+,7,True,Festival travel peak (Dasara)
USG005265,FAC028,Raichur,2025-09-25,O+,2,True,Festival travel peak (Dasara)
USG005266,FAC028,Raichur,2025-09-25,A-,6,True,Festival travel peak (Dasara)
USG005267,FAC028,Raichur,2025-09-27,O+,1,True,Festival travel peak (Dasara)
USG005268,FAC028,Raichur,2025-09-27,B+,3,True,Festival travel peak (Dasara)
USG005269,FAC028,Raichur,2025-09-27,A+,7,True,Festival travel peak (Dasara)
USG005270,FAC028,Raichur,2025-09-27,AB-,7,True,Festival travel peak (Dasara)
USG005271,FAC028,Raichur,2025-09-28,B+,5,True,Festival travel peak (Dasara)
USG005272,FAC028,Raichur,2025-09-29,O-,3,True,Festival travel peak (Dasara)
USG005273,FAC028,Raichur,2025-09-29,A-,6,True,Festival travel peak (Dasara)
USG005274,FAC028,Raichur,2025-09-29,B-,5,True,Festival travel peak (Dasara)
USG005275,FAC028,Raichur,2025-09-30,O+,6,True,Festival travel peak (Dasara)
USG005276,FAC028,Raichur,2025-09-30,A+,5,True,Festival travel peak (Dasara)
USG005277,FAC028,Raichur,2025-10-02,B+,3,True,Festival travel peak (Dasara)
USG005278,FAC028,Raichur,2025-10-04,A+,3,True,Festival travel peak (Dasara)
USG005279,FAC028,Raichur,2025-10-06,AB+,7,True,Festival travel peak (Dasara)
USG005280,FAC028,Raichur,2025-10-06,O-,1,True,Festival travel peak (Dasara)
USG005281,FAC028,Raichur,2025-10-07,B+,5,True,Festival travel peak (Dasara)
USG005282,FAC028,Raichur,2025-10-08,O+,2,True,Festival travel peak (Dasara)
USG005283,FAC028,Raichur,2025-10-08,B+,3,True,Festival travel peak (Dasara)
USG005284,FAC028,Raichur,2025-10-08,AB+,4,True,Festival travel peak (Dasara)
USG005285,FAC028,Raichur,2025-10-09,O+,5,True,Festival travel peak (Dasara)
USG005286,FAC028,Raichur,2025-10-09,B+,1,True,Festival travel peak (Dasara)
USG005287,FAC028,Raichur,2025-10-09,A+,2,True,Festival travel peak (Dasara)
USG005288,FAC028,Raichur,2025-10-10,B+,5,True,Festival travel peak (Dasara)
USG005289,FAC028,Raichur,2025-10-10,O-,1,True,Festival travel peak (Dasara)
USG005290,FAC028,Raichur,2025-10-13,B+,1,False,
USG005291,FAC028,Raichur,2025-10-13,A-,2,False,
USG005292,FAC028,Raichur,2025-10-16,O+,2,False,
USG005293,FAC028,Raichur,2025-10-17,O+,2,False,
USG005294,FAC028,Raichur,2025-10-18,O+,4,False,
USG005295,FAC028,Raichur,2025-10-19,O+,3,False,
USG005296,FAC028,Raichur,2025-10-22,O+,3,False,
USG005297,FAC028,Raichur,2025-10-22,B+,4,False,
USG005298,FAC028,Raichur,2025-10-23,AB+,4,False,
USG005299,FAC028,Raichur,2025-10-24,A+,4,False,
USG005300,FAC028,Raichur,2025-10-24,A-,2,False,
USG005301,FAC028,Raichur,2025-10-25,O+,4,False,
USG005302,FAC028,Raichur,2025-10-28,B+,3,False,
USG005303,FAC028,Raichur,2025-10-28,A-,1,False,
USG005304,FAC028,Raichur,2025-10-29,A-,4,False,
USG005305,FAC028,Raichur,2025-10-30,AB+,3,False,
USG005306,FAC028,Raichur,2025-10-30,B-,4,False,
USG005307,FAC028,Raichur,2025-11-01,O+,1,False,
USG005308,FAC028,Raichur,2025-11-01,AB-,4,False,
USG005309,FAC028,Raichur,2025-11-02,AB-,2,False,
USG005310,FAC028,Raichur,2025-11-06,A+,1,False,
USG005311,FAC028,Raichur,2025-11-07,O+,3,False,
USG005312,FAC028,Raichur,2025-11-07,B+,4,False,
USG005313,FAC028,Raichur,2025-11-07,A-,3,False,
USG005314,FAC028,Raichur,2025-11-08,O+,1,False,
USG005315,FAC028,Raichur,2025-11-08,B-,1,False,
USG005316,FAC028,Raichur,2025-11-09,O+,2,False,
USG005317,FAC028,Raichur,2025-11-09,AB+,4,False,
USG005318,FAC028,Raichur,2025-11-11,O+,7,True,Local incident spike
USG005319,FAC028,Raichur,2025-11-12,O+,2,False,
USG005320,FAC028,Raichur,2025-11-12,B+,4,False,
USG005321,FAC028,Raichur,2025-11-14,B+,2,False,
USG005322,FAC028,Raichur,2025-11-14,O-,1,False,
USG005323,FAC028,Raichur,2025-11-14,A-,1,False,
USG005324,FAC028,Raichur,2025-11-14,B-,4,False,
USG005325,FAC028,Raichur,2025-11-15,A+,1,False,
USG005326,FAC028,Raichur,2025-11-15,O-,2,False,
USG005327,FAC028,Raichur,2025-11-16,B+,2,False,
USG005328,FAC028,Raichur,2025-11-16,O-,4,False,
USG005329,FAC028,Raichur,2025-11-17,O-,3,False,
USG005330,FAC028,Raichur,2025-11-20,AB+,2,False,
USG005331,FAC028,Raichur,2025-11-21,O+,2,False,
USG005332,FAC028,Raichur,2025-11-21,B+,1,False,
USG005333,FAC028,Raichur,2025-11-21,A+,2,False,
USG005334,FAC028,Raichur,2025-11-22,O-,3,False,
USG005335,FAC028,Raichur,2025-11-23,B+,4,False,
USG005336,FAC028,Raichur,2025-11-24,AB-,2,False,
USG005337,FAC028,Raichur,2025-11-26,A+,4,False,
USG005338,FAC028,Raichur,2025-11-27,O+,2,False,
USG005339,FAC028,Raichur,2025-11-27,A-,4,False,
USG005340,FAC028,Raichur,2025-11-28,O+,1,False,
USG005341,FAC028,Raichur,2025-11-30,A+,4,False,
USG005342,FAC028,Raichur,2025-12-02,A-,2,False,
USG005343,FAC028,Raichur,2025-12-04,B+,4,False,
USG005344,FAC028,Raichur,2025-12-04,A+,1,False,
USG005345,FAC028,Raichur,2025-12-05,O+,4,False,
USG005346,FAC028,Raichur,2025-12-06,B+,3,False,
USG005347,FAC028,Raichur,2025-12-06,O-,2,False,
USG005348,FAC028,Raichur,2025-12-07,A-,4,False,
USG005349,FAC028,Raichur,2025-12-08,O+,2,False,
USG005350,FAC028,Raichur,2025-12-08,B-,4,False,
USG005351,FAC028,Raichur,2025-12-10,A+,2,False,
USG005352,FAC028,Raichur,2025-12-11,O+,1,False,
USG005353,FAC028,Raichur,2025-12-11,A-,2,False,
USG005354,FAC028,Raichur,2025-12-12,O+,4,False,
USG005355,FAC028,Raichur,2025-12-12,B+,3,False,
USG005356,FAC028,Raichur,2025-12-12,A+,3,False,
USG005357,FAC028,Raichur,2025-12-12,A-,2,False,
USG005358,FAC028,Raichur,2025-12-13,O+,2,False,
USG005359,FAC028,Raichur,2025-12-14,O+,3,False,
USG005360,FAC028,Raichur,2025-12-14,AB+,4,False,
USG005361,FAC028,Raichur,2025-12-16,O+,1,False,
USG005362,FAC028,Raichur,2025-12-18,O+,1,False,
USG005363,FAC028,Raichur,2025-12-22,B+,1,False,
USG005364,FAC028,Raichur,2025-12-22,B-,1,False,
USG005365,FAC028,Raichur,2025-12-25,O+,2,False,
USG005366,FAC028,Raichur,2025-12-25,A+,2,False,
USG005367,FAC028,Raichur,2025-12-26,O+,3,False,
USG005368,FAC028,Raichur,2025-12-26,A+,3,False,
USG005369,FAC028,Raichur,2025-12-27,B+,4,False,
USG005370,FAC028,Raichur,2025-12-27,B-,4,False,
USG005371,FAC028,Raichur,2025-12-28,O+,4,False,
USG005372,FAC028,Raichur,2025-12-28,A+,2,False,
USG005373,FAC028,Raichur,2025-12-29,O+,1,False,
USG005374,FAC028,Raichur,2025-12-30,B+,2,True,New Year travel period
USG005375,FAC028,Raichur,2025-12-31,O-,3,True,New Year travel period
USG005376,FAC028,Raichur,2025-12-31,A-,2,True,New Year travel period
USG005377,FAC028,Raichur,2026-01-01,A+,5,True,New Year travel period
USG005378,FAC028,Raichur,2026-01-02,A+,2,True,New Year travel period
USG005379,FAC028,Raichur,2026-01-02,A-,7,True,New Year travel period
USG005380,FAC028,Raichur,2026-01-03,A+,3,False,
USG005381,FAC028,Raichur,2026-01-03,O-,1,False,
USG005382,FAC028,Raichur,2026-01-05,B+,4,False,
USG005383,FAC028,Raichur,2026-01-06,B-,4,False,
USG005384,FAC028,Raichur,2026-01-07,O-,1,False,
USG005385,FAC028,Raichur,2026-01-10,A-,4,False,
USG005386,FAC028,Raichur,2026-01-12,O+,4,False,
USG005387,FAC028,Raichur,2026-01-13,A+,4,False,
USG005388,FAC028,Raichur,2026-01-13,O-,2,False,
USG005389,FAC028,Raichur,2026-01-13,AB-,4,False,
USG005390,FAC028,Raichur,2026-01-14,AB-,4,False,
USG005391,FAC028,Raichur,2026-01-15,B+,4,False,
USG005392,FAC028,Raichur,2026-01-16,B+,1,False,
USG005393,FAC028,Raichur,2026-01-16,O-,2,False,
USG005394,FAC028,Raichur,2026-01-17,O+,2,False,
USG005395,FAC028,Raichur,2026-01-17,B+,1,False,
USG005396,FAC028,Raichur,2026-01-18,O+,1,False,
USG005397,FAC028,Raichur,2026-01-19,B+,4,False,
USG005398,FAC028,Raichur,2026-01-21,AB-,3,False,
USG005399,FAC028,Raichur,2026-01-22,O+,2,False,
USG005400,FAC028,Raichur,2026-01-22,A+,2,False,
USG005401,FAC028,Raichur,2026-01-22,B-,3,False,
USG005402,FAC028,Raichur,2026-01-24,O+,4,False,
USG005403,FAC028,Raichur,2026-01-24,O-,2,False,
USG005404,FAC028,Raichur,2026-01-25,O+,4,False,
USG005405,FAC028,Raichur,2026-01-26,B+,4,False,
USG005406,FAC028,Raichur,2026-01-27,A-,4,False,
USG005407,FAC028,Raichur,2026-01-28,B+,2,False,
USG005408,FAC028,Raichur,2026-01-31,O+,1,False,
USG005409,FAC028,Raichur,2026-02-02,O+,1,False,
USG005410,FAC028,Raichur,2026-02-04,O-,4,False,
USG005411,FAC028,Raichur,2026-02-04,A-,1,False,
USG005412,FAC028,Raichur,2026-02-06,B-,3,False,
USG005413,FAC028,Raichur,2026-02-07,B-,4,False,
USG005414,FAC028,Raichur,2026-02-07,AB-,2,False,
USG005415,FAC028,Raichur,2026-02-08,A+,1,False,
USG005416,FAC028,Raichur,2026-02-08,B-,1,False,
USG005417,FAC028,Raichur,2026-02-11,AB+,2,False,
USG005418,FAC028,Raichur,2026-02-11,A-,4,False,
USG005419,FAC028,Raichur,2026-02-12,O+,1,False,
USG005420,FAC028,Raichur,2026-02-13,B+,2,False,
USG005421,FAC028,Raichur,2026-02-14,AB+,4,False,
USG005422,FAC028,Raichur,2026-02-15,B+,2,False,
USG005423,FAC028,Raichur,2026-02-15,A+,2,False,
USG005424,FAC028,Raichur,2026-02-15,B-,4,False,
USG005425,FAC028,Raichur,2026-02-17,AB+,3,False,
USG005426,FAC028,Raichur,2026-02-18,A+,3,False,
USG005427,FAC028,Raichur,2026-02-20,B+,3,False,
USG005428,FAC028,Raichur,2026-02-21,A+,3,False,
USG005429,FAC028,Raichur,2026-02-21,O-,1,False,
USG005430,FAC028,Raichur,2026-02-22,O+,1,False,
USG005431,FAC028,Raichur,2026-02-23,O+,4,False,
USG005432,FAC028,Raichur,2026-02-24,O+,1,False,
USG005433,FAC028,Raichur,2026-02-24,B+,1,False,
USG005434,FAC028,Raichur,2026-02-25,A-,3,False,
USG005435,FAC028,Raichur,2026-02-27,O+,3,False,
USG005436,FAC028,Raichur,2026-02-27,A+,2,False,
USG005437,FAC028,Raichur,2026-03-01,O+,3,False,
USG005438,FAC028,Raichur,2026-03-01,B+,2,False,
USG005439,FAC028,Raichur,2026-03-02,B+,4,False,
USG005440,FAC028,Raichur,2026-03-04,A+,1,False,
USG005441,FAC028,Raichur,2026-03-07,B+,2,False,
USG005442,FAC028,Raichur,2026-03-07,A+,4,False,
USG005443,FAC028,Raichur,2026-03-09,O+,3,False,
USG005444,FAC028,Raichur,2026-03-12,AB+,1,False,
USG005445,FAC028,Raichur,2026-03-12,O-,2,False,
USG005446,FAC028,Raichur,2026-03-12,A-,1,False,
USG005447,FAC028,Raichur,2026-03-15,O+,1,False,
USG005448,FAC028,Raichur,2026-03-16,B+,6,True,Local incident spike
USG005449,FAC028,Raichur,2026-03-16,B-,1,True,Local incident spike
USG005450,FAC028,Raichur,2026-03-17,B+,4,False,
USG005451,FAC028,Raichur,2026-03-17,A-,4,False,
USG005452,FAC028,Raichur,2026-03-19,B+,4,False,
USG005453,FAC028,Raichur,2026-03-19,A-,2,False,
USG005454,FAC028,Raichur,2026-03-22,B+,1,False,
USG005455,FAC028,Raichur,2026-03-25,B+,3,False,
USG005456,FAC028,Raichur,2026-03-25,A+,2,False,
USG005457,FAC028,Raichur,2026-03-25,AB-,1,False,
USG005458,FAC028,Raichur,2026-03-28,B+,4,False,
USG005459,FAC028,Raichur,2026-03-28,O-,4,False,
USG005460,FAC028,Raichur,2026-03-28,AB-,4,False,
USG005461,FAC028,Raichur,2026-03-29,B-,4,False,
USG005462,FAC028,Raichur,2026-03-31,B+,4,False,
USG005463,FAC028,Raichur,2026-03-31,O-,3,False,
USG005464,FAC028,Raichur,2026-04-01,A+,4,False,
USG005465,FAC028,Raichur,2026-04-02,B-,3,False,
USG005466,FAC028,Raichur,2026-04-03,O+,3,False,
USG005467,FAC028,Raichur,2026-04-03,AB-,3,False,
USG005468,FAC028,Raichur,2026-04-06,B+,2,False,
USG005469,FAC028,Raichur,2026-04-07,A+,3,False,
USG005470,FAC028,Raichur,2026-04-09,O+,4,False,
USG005471,FAC028,Raichur,2026-04-12,O+,4,False,
USG005472,FAC028,Raichur,2026-04-13,O+,2,False,
USG005473,FAC028,Raichur,2026-04-13,O-,1,False,
USG005474,FAC028,Raichur,2026-04-14,O+,4,False,
USG005475,FAC028,Raichur,2026-04-14,A+,4,False,
USG005476,FAC028,Raichur,2026-04-14,A-,1,False,
USG005477,FAC028,Raichur,2026-04-15,A-,3,False,
USG005478,FAC028,Raichur,2026-04-17,A+,3,False,
USG005479,FAC028,Raichur,2026-04-18,O+,3,False,
USG005480,FAC028,Raichur,2026-04-18,A+,3,False,
USG005481,FAC028,Raichur,2026-04-19,B-,4,False,
USG005482,FAC028,Raichur,2026-04-20,O+,2,False,
USG005483,FAC028,Raichur,2026-04-20,B+,1,False,
USG005484,FAC028,Raichur,2026-04-22,A+,4,False,
USG005485,FAC028,Raichur,2026-04-23,A+,1,False,
USG005486,FAC028,Raichur,2026-04-24,A+,2,False,
USG005487,FAC028,Raichur,2026-04-24,A-,3,False,
USG005488,FAC028,Raichur,2026-04-25,AB+,2,False,
USG005489,FAC028,Raichur,2026-04-26,B+,1,False,
USG005490,FAC028,Raichur,2026-04-28,B+,3,False,
USG005491,FAC028,Raichur,2026-04-30,O-,2,False,
USG005492,FAC028,Raichur,2026-05-03,O+,4,False,
USG005493,FAC028,Raichur,2026-05-04,B+,1,False,
USG005494,FAC028,Raichur,2026-05-04,O-,1,False,
USG005495,FAC028,Raichur,2026-05-04,A-,1,False,
USG005496,FAC028,Raichur,2026-05-04,AB-,4,False,
USG005497,FAC028,Raichur,2026-05-06,O+,2,False,
USG005498,FAC028,Raichur,2026-05-07,O+,3,True,Local incident spike
USG005499,FAC028,Raichur,2026-05-07,AB+,3,True,Local incident spike
USG005500,FAC028,Raichur,2026-05-07,A-,5,True,Local incident spike
USG005501,FAC028,Raichur,2026-05-07,AB-,6,True,Local incident spike
USG005502,FAC028,Raichur,2026-05-08,A-,4,False,
USG005503,FAC028,Raichur,2026-05-10,B+,3,False,
USG005504,FAC028,Raichur,2026-05-10,B-,2,False,
USG005505,FAC028,Raichur,2026-05-10,AB-,3,False,
USG005506,FAC028,Raichur,2026-05-12,O+,4,False,
USG005507,FAC028,Raichur,2026-05-14,O-,2,False,
USG005508,FAC028,Raichur,2026-05-15,B+,4,False,
USG005509,FAC028,Raichur,2026-05-16,B+,3,False,
USG005510,FAC028,Raichur,2026-05-18,A+,4,False,
USG005511,FAC028,Raichur,2026-05-18,AB-,4,False,
USG005512,FAC028,Raichur,2026-05-21,B+,2,False,
USG005513,FAC028,Raichur,2026-05-22,AB-,3,False,
USG005514,FAC028,Raichur,2026-05-23,AB+,2,False,
USG005515,FAC028,Raichur,2026-05-25,O+,4,False,
USG005516,FAC028,Raichur,2026-05-27,O+,1,False,
USG005517,FAC028,Raichur,2026-05-28,B+,1,False,
USG005518,FAC028,Raichur,2026-05-30,B+,2,False,
USG005519,FAC028,Raichur,2026-05-30,O-,4,False,
USG005520,FAC028,Raichur,2026-06-03,A+,4,False,
USG005521,FAC028,Raichur,2026-06-07,A+,2,False,
USG005522,FAC028,Raichur,2026-06-08,O-,1,False,
USG005523,FAC028,Raichur,2026-06-09,A-,4,False,
USG005524,FAC028,Raichur,2026-06-10,A+,3,False,
USG005525,FAC028,Raichur,2026-06-11,A+,4,False,
USG005526,FAC028,Raichur,2026-06-12,O+,4,False,
USG005527,FAC028,Raichur,2026-06-12,A+,4,False,
USG005528,FAC028,Raichur,2026-06-13,A+,2,False,
USG005529,FAC028,Raichur,2026-06-15,B+,2,False,
USG005530,FAC028,Raichur,2026-06-16,O+,3,False,
USG005531,FAC028,Raichur,2026-06-16,AB-,2,False,
USG005532,FAC028,Raichur,2026-06-17,O+,2,False,
USG005533,FAC028,Raichur,2026-06-17,A+,1,False,
USG005534,FAC028,Raichur,2026-06-18,B+,1,False,
USG005535,FAC028,Raichur,2026-06-19,B-,2,False,
USG005536,FAC028,Raichur,2026-06-20,B+,2,False,
USG005537,FAC028,Raichur,2026-06-20,AB+,2,False,
USG005538,FAC028,Raichur,2026-06-21,B+,3,False,
USG005539,FAC028,Raichur,2026-06-23,O-,2,False,
USG005540,FAC028,Raichur,2026-06-23,A-,2,False,
USG005541,FAC028,Raichur,2026-06-24,A+,2,False,
USG005542,FAC028,Raichur,2026-06-25,B+,4,False,
USG005543,FAC028,Raichur,2026-06-26,B+,3,False,
USG005544,FAC028,Raichur,2026-06-27,A+,3,False,
USG005545,FAC028,Raichur,2026-06-29,A+,2,False,
USG005546,FAC028,Raichur,2026-06-30,O+,1,False,
USG005547,FAC028,Raichur,2026-06-30,O-,4,False,
USG005548,FAC028,Raichur,2026-07-02,O+,2,False,
USG005549,FAC028,Raichur,2026-07-02,B-,4,False,
USG005550,FAC028,Raichur,2026-07-04,A+,2,False,
USG005551,FAC028,Raichur,2026-07-04,O-,2,False,
USG005552,FAC028,Raichur,2026-07-07,B+,1,False,
USG005553,FAC028,Raichur,2026-07-07,AB+,1,False,
USG005554,FAC028,Raichur,2026-07-07,B-,2,False,
USG005555,FAC028,Raichur,2026-07-08,B+,1,False,
USG005556,FAC028,Raichur,2026-07-09,B+,2,False,
USG005557,FAC028,Raichur,2026-07-09,O-,1,False,
USG005558,FAC028,Raichur,2026-07-10,B+,3,False,
USG005559,FAC028,Raichur,2026-07-11,B+,3,False,
USG005560,FAC028,Raichur,2026-07-11,B-,2,False,
USG005561,FAC028,Raichur,2026-07-12,A+,3,False,
USG005562,FAC028,Raichur,2026-07-13,O+,5,True,Local incident spike
USG005563,FAC028,Raichur,2026-07-13,O-,6,True,Local incident spike
USG005564,FAC028,Raichur,2026-07-14,O+,1,False,
USG005565,FAC028,Raichur,2026-07-14,B+,3,False,
USG005566,FAC028,Raichur,2026-07-14,AB-,4,False,
USG005567,FAC028,Raichur,2026-07-15,AB+,3,True,Monsoon peak flood-risk weeks
USG005568,FAC028,Raichur,2026-07-16,B+,1,True,Monsoon peak flood-risk weeks
USG005569,FAC028,Raichur,2026-07-16,B-,2,True,Monsoon peak flood-risk weeks
USG005570,FAC028,Raichur,2026-07-17,B+,4,True,Monsoon peak flood-risk weeks
USG005571,FAC028,Raichur,2026-07-18,O-,3,True,Monsoon peak flood-risk weeks
USG005572,FAC028,Raichur,2026-07-19,O+,5,True,Monsoon peak flood-risk weeks
USG005573,FAC028,Raichur,2026-07-21,O+,5,True,Monsoon peak flood-risk weeks
USG005574,FAC028,Raichur,2026-07-22,O+,5,True,Monsoon peak flood-risk weeks
USG005575,FAC028,Raichur,2026-07-22,B+,1,True,Monsoon peak flood-risk weeks
USG005576,FAC028,Raichur,2026-07-22,B-,3,True,Monsoon peak flood-risk weeks
USG005577,FAC028,Raichur,2026-07-22,AB-,7,True,Monsoon peak flood-risk weeks
USG005578,FAC028,Raichur,2026-07-23,A-,2,True,Monsoon peak flood-risk weeks
USG005579,FAC028,Raichur,2026-07-24,A+,7,True,Monsoon peak flood-risk weeks
USG005580,FAC028,Raichur,2026-07-25,O+,6,True,Monsoon peak flood-risk weeks
USG005581,FAC028,Raichur,2026-07-26,B-,7,True,Monsoon peak flood-risk weeks
USG005582,FAC028,Raichur,2026-07-27,AB+,3,True,Monsoon peak flood-risk weeks
USG005583,FAC028,Raichur,2026-07-28,O+,3,True,Monsoon peak flood-risk weeks
USG005584,FAC028,Raichur,2026-07-28,A+,5,True,Monsoon peak flood-risk weeks
USG005585,FAC028,Raichur,2026-07-29,B+,4,True,Monsoon peak flood-risk weeks
USG005586,FAC028,Raichur,2026-07-29,AB+,7,True,Monsoon peak flood-risk weeks
USG005587,FAC028,Raichur,2026-07-31,B-,2,True,Monsoon peak flood-risk weeks
USG005588,FAC029,Raichur,2025-08-02,O+,2,True,Monsoon peak flood-risk weeks
USG005589,FAC029,Raichur,2025-08-02,AB+,3,True,Monsoon peak flood-risk weeks
USG005590,FAC029,Raichur,2025-08-02,AB-,5,True,Monsoon peak flood-risk weeks
USG005591,FAC029,Raichur,2025-08-04,O-,3,True,Monsoon peak flood-risk weeks
USG005592,FAC029,Raichur,2025-08-05,B+,6,True,Monsoon peak flood-risk weeks
USG005593,FAC029,Raichur,2025-08-06,B+,3,False,
USG005594,FAC029,Raichur,2025-08-07,B+,3,False,
USG005595,FAC029,Raichur,2025-08-08,A-,2,False,
USG005596,FAC029,Raichur,2025-08-09,B+,3,False,
USG005597,FAC029,Raichur,2025-08-11,B+,3,False,
USG005598,FAC029,Raichur,2025-08-12,B+,2,False,
USG005599,FAC029,Raichur,2025-08-12,A+,1,False,
USG005600,FAC029,Raichur,2025-08-12,O-,2,False,
USG005601,FAC029,Raichur,2025-08-13,O-,2,False,
USG005602,FAC029,Raichur,2025-08-13,A-,2,False,
USG005603,FAC029,Raichur,2025-08-13,AB-,1,False,
USG005604,FAC029,Raichur,2025-08-14,B+,3,False,
USG005605,FAC029,Raichur,2025-08-15,O+,4,False,
USG005606,FAC029,Raichur,2025-08-15,AB+,3,False,
USG005607,FAC029,Raichur,2025-08-16,O+,2,False,
USG005608,FAC029,Raichur,2025-08-17,B+,3,False,
USG005609,FAC029,Raichur,2025-08-17,O-,2,False,
USG005610,FAC029,Raichur,2025-08-19,AB+,1,False,
USG005611,FAC029,Raichur,2025-08-22,A+,1,False,
USG005612,FAC029,Raichur,2025-08-23,B+,7,True,Local incident spike
USG005613,FAC029,Raichur,2025-08-23,AB+,3,True,Local incident spike
USG005614,FAC029,Raichur,2025-08-23,O-,6,True,Local incident spike
USG005615,FAC029,Raichur,2025-08-24,B+,4,False,
USG005616,FAC029,Raichur,2025-08-25,A+,3,False,
USG005617,FAC029,Raichur,2025-08-25,O-,3,False,
USG005618,FAC029,Raichur,2025-08-25,AB-,3,False,
USG005619,FAC029,Raichur,2025-08-27,B+,4,False,
USG005620,FAC029,Raichur,2025-08-28,A+,1,False,
USG005621,FAC029,Raichur,2025-08-29,B+,4,False,
USG005622,FAC029,Raichur,2025-08-29,A-,2,False,
USG005623,FAC029,Raichur,2025-08-30,O+,3,False,
USG005624,FAC029,Raichur,2025-08-31,A+,1,False,
USG005625,FAC029,Raichur,2025-08-31,AB+,4,False,
USG005626,FAC029,Raichur,2025-09-02,B+,1,False,
USG005627,FAC029,Raichur,2025-09-02,O-,3,False,
USG005628,FAC029,Raichur,2025-09-03,B+,3,False,
USG005629,FAC029,Raichur,2025-09-04,B-,2,False,
USG005630,FAC029,Raichur,2025-09-04,AB-,3,False,
USG005631,FAC029,Raichur,2025-09-05,A+,4,False,
USG005632,FAC029,Raichur,2025-09-05,O-,2,False,
USG005633,FAC029,Raichur,2025-09-06,AB+,1,False,
USG005634,FAC029,Raichur,2025-09-06,B-,2,False,
USG005635,FAC029,Raichur,2025-09-07,A-,2,False,
USG005636,FAC029,Raichur,2025-09-08,B-,3,False,
USG005637,FAC029,Raichur,2025-09-10,O+,1,False,
USG005638,FAC029,Raichur,2025-09-10,A+,4,False,
USG005639,FAC029,Raichur,2025-09-13,A-,4,False,
USG005640,FAC029,Raichur,2025-09-14,B+,1,False,
USG005641,FAC029,Raichur,2025-09-14,A+,2,False,
USG005642,FAC029,Raichur,2025-09-15,AB+,2,False,
USG005643,FAC029,Raichur,2025-09-15,O-,4,False,
USG005644,FAC029,Raichur,2025-09-15,A-,3,False,
USG005645,FAC029,Raichur,2025-09-17,O-,3,True,Festival travel peak (Dasara)
USG005646,FAC029,Raichur,2025-09-18,B+,2,True,Festival travel peak (Dasara)
USG005647,FAC029,Raichur,2025-09-18,A+,4,True,Festival travel peak (Dasara)
USG005648,FAC029,Raichur,2025-09-18,AB+,3,True,Festival travel peak (Dasara)
USG005649,FAC029,Raichur,2025-09-18,AB-,7,True,Festival travel peak (Dasara)
USG005650,FAC029,Raichur,2025-09-19,O+,4,True,Festival travel peak (Dasara)
USG005651,FAC029,Raichur,2025-09-19,AB-,7,True,Festival travel peak (Dasara)
USG005652,FAC029,Raichur,2025-09-20,A+,6,True,Festival travel peak (Dasara)
USG005653,FAC029,Raichur,2025-09-20,AB+,3,True,Festival travel peak (Dasara)
USG005654,FAC029,Raichur,2025-09-21,O+,4,True,Festival travel peak (Dasara)
USG005655,FAC029,Raichur,2025-09-21,A+,3,True,Festival travel peak (Dasara)
USG005656,FAC029,Raichur,2025-09-21,AB+,2,True,Festival travel peak (Dasara)
USG005657,FAC029,Raichur,2025-09-21,AB-,6,True,Festival travel peak (Dasara)
USG005658,FAC029,Raichur,2025-09-22,O+,4,True,Festival travel peak (Dasara)
USG005659,FAC029,Raichur,2025-09-22,A+,6,True,Festival travel peak (Dasara)
USG005660,FAC029,Raichur,2025-09-22,AB+,2,True,Festival travel peak (Dasara)
USG005661,FAC029,Raichur,2025-09-25,A-,6,True,Festival travel peak (Dasara)
USG005662,FAC029,Raichur,2025-09-25,AB-,3,True,Festival travel peak (Dasara)
USG005663,FAC029,Raichur,2025-09-26,O+,5,True,Festival travel peak (Dasara)
USG005664,FAC029,Raichur,2025-09-27,O+,6,True,Festival travel peak (Dasara)
USG005665,FAC029,Raichur,2025-09-28,O-,4,True,Festival travel peak (Dasara)
USG005666,FAC029,Raichur,2025-09-29,B+,5,True,Festival travel peak (Dasara)
USG005667,FAC029,Raichur,2025-09-30,B+,2,True,Festival travel peak (Dasara)
USG005668,FAC029,Raichur,2025-10-01,B+,1,True,Festival travel peak (Dasara)
USG005669,FAC029,Raichur,2025-10-01,O-,6,True,Festival travel peak (Dasara)
USG005670,FAC029,Raichur,2025-10-02,A+,5,True,Festival travel peak (Dasara)
USG005671,FAC029,Raichur,2025-10-02,B-,3,True,Festival travel peak (Dasara)
USG005672,FAC029,Raichur,2025-10-04,O+,6,True,Festival travel peak (Dasara)
USG005673,FAC029,Raichur,2025-10-06,A+,1,True,Festival travel peak (Dasara)
USG005674,FAC029,Raichur,2025-10-07,O+,1,True,Festival travel peak (Dasara)
USG005675,FAC029,Raichur,2025-10-08,O+,7,True,Festival travel peak (Dasara)
USG005676,FAC029,Raichur,2025-10-08,A+,6,True,Festival travel peak (Dasara)
USG005677,FAC029,Raichur,2025-10-08,A-,2,True,Festival travel peak (Dasara)
USG005678,FAC029,Raichur,2025-10-08,B-,2,True,Festival travel peak (Dasara)
USG005679,FAC029,Raichur,2025-10-09,AB-,1,True,Festival travel peak (Dasara)
USG005680,FAC029,Raichur,2025-10-10,O+,5,True,Festival travel peak (Dasara)
USG005681,FAC029,Raichur,2025-10-10,B+,5,True,Festival travel peak (Dasara)
USG005682,FAC029,Raichur,2025-10-10,A+,1,True,Festival travel peak (Dasara)
USG005683,FAC029,Raichur,2025-10-10,O-,3,True,Festival travel peak (Dasara)
USG005684,FAC029,Raichur,2025-10-11,O+,4,False,
USG005685,FAC029,Raichur,2025-10-11,B+,3,False,
USG005686,FAC029,Raichur,2025-10-12,AB-,3,False,
USG005687,FAC029,Raichur,2025-10-13,B+,4,False,
USG005688,FAC029,Raichur,2025-10-14,B+,1,False,
USG005689,FAC029,Raichur,2025-10-15,O-,2,False,
USG005690,FAC029,Raichur,2025-10-15,B-,2,False,
USG005691,FAC029,Raichur,2025-10-16,B+,3,False,
USG005692,FAC029,Raichur,2025-10-17,O+,4,False,
USG005693,FAC029,Raichur,2025-10-18,AB-,3,False,
USG005694,FAC029,Raichur,2025-10-19,A-,2,False,
USG005695,FAC029,Raichur,2025-10-19,B-,4,False,
USG005696,FAC029,Raichur,2025-10-20,B+,2,False,
USG005697,FAC029,Raichur,2025-10-20,B-,4,False,
USG005698,FAC029,Raichur,2025-10-25,B+,1,False,
USG005699,FAC029,Raichur,2025-10-25,A-,3,False,
USG005700,FAC029,Raichur,2025-10-27,O-,2,False,
USG005701,FAC029,Raichur,2025-10-28,O+,2,False,
USG005702,FAC029,Raichur,2025-10-28,B+,3,False,
USG005703,FAC029,Raichur,2025-10-29,B+,1,False,
USG005704,FAC029,Raichur,2025-10-30,B+,4,False,
USG005705,FAC029,Raichur,2025-10-30,AB+,1,False,
USG005706,FAC029,Raichur,2025-10-31,A+,2,False,
USG005707,FAC029,Raichur,2025-11-01,A+,4,False,
USG005708,FAC029,Raichur,2025-11-02,O-,2,False,
USG005709,FAC029,Raichur,2025-11-03,O+,4,False,
USG005710,FAC029,Raichur,2025-11-03,AB+,4,False,
USG005711,FAC029,Raichur,2025-11-04,O+,4,False,
USG005712,FAC029,Raichur,2025-11-04,B+,3,False,
USG005713,FAC029,Raichur,2025-11-04,A+,1,False,
USG005714,FAC029,Raichur,2025-11-04,AB+,3,False,
USG005715,FAC029,Raichur,2025-11-04,A-,2,False,
USG005716,FAC029,Raichur,2025-11-09,B+,3,False,
USG005717,FAC029,Raichur,2025-11-11,O+,4,False,
USG005718,FAC029,Raichur,2025-11-11,B+,3,False,
USG005719,FAC029,Raichur,2025-11-12,B-,2,False,
USG005720,FAC029,Raichur,2025-11-13,O+,4,False,
USG005721,FAC029,Raichur,2025-11-14,O+,2,False,
USG005722,FAC029,Raichur,2025-11-14,AB+,1,False,
USG005723,FAC029,Raichur,2025-11-14,A-,3,False,
USG005724,FAC029,Raichur,2025-11-15,B+,2,False,
USG005725,FAC029,Raichur,2025-11-15,A-,2,False,
USG005726,FAC029,Raichur,2025-11-15,B-,1,False,
USG005727,FAC029,Raichur,2025-11-18,A-,2,False,
USG005728,FAC029,Raichur,2025-11-19,B+,3,False,
USG005729,FAC029,Raichur,2025-11-19,AB+,2,False,
USG005730,FAC029,Raichur,2025-11-21,O+,4,False,
USG005731,FAC029,Raichur,2025-11-21,B+,1,False,
USG005732,FAC029,Raichur,2025-11-22,A+,4,False,
USG005733,FAC029,Raichur,2025-11-24,O+,1,False,
USG005734,FAC029,Raichur,2025-11-25,A-,3,False,
USG005735,FAC029,Raichur,2025-11-27,A-,1,False,
USG005736,FAC029,Raichur,2025-11-29,O+,4,False,
USG005737,FAC029,Raichur,2025-11-29,O-,2,False,
USG005738,FAC029,Raichur,2025-12-01,B+,1,False,
USG005739,FAC029,Raichur,2025-12-02,O+,1,False,
USG005740,FAC029,Raichur,2025-12-02,B+,1,False,
USG005741,FAC029,Raichur,2025-12-03,AB+,4,False,
USG005742,FAC029,Raichur,2025-12-03,O-,4,False,
USG005743,FAC029,Raichur,2025-12-04,O+,1,False,
USG005744,FAC029,Raichur,2025-12-05,A-,3,False,
USG005745,FAC029,Raichur,2025-12-07,B+,3,False,
USG005746,FAC029,Raichur,2025-12-07,AB-,3,False,
USG005747,FAC029,Raichur,2025-12-08,B+,1,False,
USG005748,FAC029,Raichur,2025-12-11,A+,4,False,
USG005749,FAC029,Raichur,2025-12-12,B-,4,False,
USG005750,FAC029,Raichur,2025-12-12,AB-,2,False,
USG005751,FAC029,Raichur,2025-12-13,B+,1,False,
USG005752,FAC029,Raichur,2025-12-13,AB+,3,False,
USG005753,FAC029,Raichur,2025-12-14,A-,2,False,
USG005754,FAC029,Raichur,2025-12-16,O+,2,False,
USG005755,FAC029,Raichur,2025-12-16,A-,3,False,
USG005756,FAC029,Raichur,2025-12-17,O+,3,False,
USG005757,FAC029,Raichur,2025-12-20,A+,2,False,
USG005758,FAC029,Raichur,2025-12-21,AB-,3,False,
USG005759,FAC029,Raichur,2025-12-23,A+,2,False,
USG005760,FAC029,Raichur,2025-12-23,A-,3,False,
USG005761,FAC029,Raichur,2025-12-25,A+,4,False,
USG005762,FAC029,Raichur,2025-12-25,A-,4,False,
USG005763,FAC029,Raichur,2025-12-26,O+,2,False,
USG005764,FAC029,Raichur,2025-12-27,A-,2,False,
USG005765,FAC029,Raichur,2025-12-29,A+,4,False,
USG005766,FAC029,Raichur,2025-12-30,B+,3,True,New Year travel period
USG005767,FAC029,Raichur,2025-12-30,A+,6,True,New Year travel period
USG005768,FAC029,Raichur,2025-12-30,B-,4,True,New Year travel period
USG005769,FAC029,Raichur,2025-12-31,B-,2,True,New Year travel period
USG005770,FAC029,Raichur,2026-01-01,O+,3,True,New Year travel period
USG005771,FAC029,Raichur,2026-01-01,O-,6,True,New Year travel period
USG005772,FAC029,Raichur,2026-01-03,B-,3,False,
USG005773,FAC029,Raichur,2026-01-05,O+,3,False,
USG005774,FAC029,Raichur,2026-01-05,A+,1,False,
USG005775,FAC029,Raichur,2026-01-05,A-,1,False,
USG005776,FAC029,Raichur,2026-01-08,A+,1,False,
USG005777,FAC029,Raichur,2026-01-10,O-,3,False,
USG005778,FAC029,Raichur,2026-01-10,AB-,2,False,
USG005779,FAC029,Raichur,2026-01-11,AB-,2,False,
USG005780,FAC029,Raichur,2026-01-12,A-,2,False,
USG005781,FAC029,Raichur,2026-01-14,B+,2,False,
USG005782,FAC029,Raichur,2026-01-14,A-,4,False,
USG005783,FAC029,Raichur,2026-01-14,B-,3,False,
USG005784,FAC029,Raichur,2026-01-15,AB+,3,False,
USG005785,FAC029,Raichur,2026-01-15,B-,4,False,
USG005786,FAC029,Raichur,2026-01-16,B+,7,True,Local incident spike
USG005787,FAC029,Raichur,2026-01-17,O+,4,True,Local incident spike
USG005788,FAC029,Raichur,2026-01-17,AB+,3,True,Local incident spike
USG005789,FAC029,Raichur,2026-01-17,AB-,4,True,Local incident spike
USG005790,FAC029,Raichur,2026-01-18,A-,2,False,
USG005791,FAC029,Raichur,2026-01-20,A+,1,False,
USG005792,FAC029,Raichur,2026-01-21,O+,2,False,
USG005793,FAC029,Raichur,2026-01-24,B+,4,False,
USG005794,FAC029,Raichur,2026-01-25,A-,4,False,
USG005795,FAC029,Raichur,2026-01-26,AB+,2,False,
USG005796,FAC029,Raichur,2026-01-27,AB-,2,False,
USG005797,FAC029,Raichur,2026-01-31,B+,1,False,
USG005798,FAC029,Raichur,2026-01-31,O-,1,False,
USG005799,FAC029,Raichur,2026-01-31,A-,3,False,
USG005800,FAC029,Raichur,2026-02-02,A+,3,True,Local incident spike
USG005801,FAC029,Raichur,2026-02-02,A-,4,True,Local incident spike
USG005802,FAC029,Raichur,2026-02-04,B+,4,False,
USG005803,FAC029,Raichur,2026-02-05,AB-,4,False,
USG005804,FAC029,Raichur,2026-02-06,O+,4,False,
USG005805,FAC029,Raichur,2026-02-06,B+,3,False,
USG005806,FAC029,Raichur,2026-02-08,B-,1,False,
USG005807,FAC029,Raichur,2026-02-09,AB+,2,False,
USG005808,FAC029,Raichur,2026-02-11,B+,3,False,
USG005809,FAC029,Raichur,2026-02-13,A+,2,False,
USG005810,FAC029,Raichur,2026-02-13,A-,3,False,
USG005811,FAC029,Raichur,2026-02-14,A+,4,False,
USG005812,FAC029,Raichur,2026-02-15,B+,4,False,
USG005813,FAC029,Raichur,2026-02-16,O+,4,False,
USG005814,FAC029,Raichur,2026-02-16,AB+,1,False,
USG005815,FAC029,Raichur,2026-02-17,O+,3,False,
USG005816,FAC029,Raichur,2026-02-18,B-,3,False,
USG005817,FAC029,Raichur,2026-02-20,O-,2,False,
USG005818,FAC029,Raichur,2026-02-20,A-,4,False,
USG005819,FAC029,Raichur,2026-02-20,B-,2,False,
USG005820,FAC029,Raichur,2026-02-23,O+,1,False,
USG005821,FAC029,Raichur,2026-02-24,O+,2,False,
USG005822,FAC029,Raichur,2026-02-24,AB+,1,False,
USG005823,FAC029,Raichur,2026-02-24,A-,3,False,
USG005824,FAC029,Raichur,2026-02-26,O+,2,False,
USG005825,FAC029,Raichur,2026-02-26,B+,4,False,
USG005826,FAC029,Raichur,2026-02-27,O+,3,False,
USG005827,FAC029,Raichur,2026-02-27,AB+,2,False,
USG005828,FAC029,Raichur,2026-02-28,AB-,1,False,
USG005829,FAC029,Raichur,2026-03-01,O+,3,False,
USG005830,FAC029,Raichur,2026-03-01,B+,2,False,
USG005831,FAC029,Raichur,2026-03-02,A+,1,False,
USG005832,FAC029,Raichur,2026-03-02,B-,1,False,
USG005833,FAC029,Raichur,2026-03-03,O+,1,False,
USG005834,FAC029,Raichur,2026-03-04,O+,4,False,
USG005835,FAC029,Raichur,2026-03-04,B+,2,False,
USG005836,FAC029,Raichur,2026-03-04,A-,1,False,
USG005837,FAC029,Raichur,2026-03-06,O+,3,False,
USG005838,FAC029,Raichur,2026-03-07,O+,2,False,
USG005839,FAC029,Raichur,2026-03-07,AB+,3,False,
USG005840,FAC029,Raichur,2026-03-08,O+,1,False,
USG005841,FAC029,Raichur,2026-03-11,O+,1,False,
USG005842,FAC029,Raichur,2026-03-13,A+,3,False,
USG005843,FAC029,Raichur,2026-03-14,O+,4,False,
USG005844,FAC029,Raichur,2026-03-16,O+,3,False,
USG005845,FAC029,Raichur,2026-03-16,O-,2,False,
USG005846,FAC029,Raichur,2026-03-16,B-,3,False,
USG005847,FAC029,Raichur,2026-03-17,B+,3,False,
USG005848,FAC029,Raichur,2026-03-17,AB+,2,False,
USG005849,FAC029,Raichur,2026-03-17,B-,3,False,
USG005850,FAC029,Raichur,2026-03-18,B+,4,False,
USG005851,FAC029,Raichur,2026-03-18,AB+,3,False,
USG005852,FAC029,Raichur,2026-03-19,O+,2,False,
USG005853,FAC029,Raichur,2026-03-21,O+,2,False,
USG005854,FAC029,Raichur,2026-03-22,A+,1,False,
USG005855,FAC029,Raichur,2026-03-22,AB-,1,False,
USG005856,FAC029,Raichur,2026-03-23,B-,3,False,
USG005857,FAC029,Raichur,2026-03-24,O+,4,False,
USG005858,FAC029,Raichur,2026-03-24,A+,1,False,
USG005859,FAC029,Raichur,2026-03-24,AB-,4,False,
USG005860,FAC029,Raichur,2026-03-25,B+,1,False,
USG005861,FAC029,Raichur,2026-03-25,A+,4,False,
USG005862,FAC029,Raichur,2026-03-26,AB+,4,False,
USG005863,FAC029,Raichur,2026-03-27,O+,1,False,
USG005864,FAC029,Raichur,2026-03-29,AB+,4,False,
USG005865,FAC029,Raichur,2026-04-01,O+,2,False,
USG005866,FAC029,Raichur,2026-04-01,B+,4,False,
USG005867,FAC029,Raichur,2026-04-02,O+,3,False,
USG005868,FAC029,Raichur,2026-04-03,B+,2,False,
USG005869,FAC029,Raichur,2026-04-04,O+,1,False,
USG005870,FAC029,Raichur,2026-04-04,A+,2,False,
USG005871,FAC029,Raichur,2026-04-06,O-,2,False,
USG005872,FAC029,Raichur,2026-04-08,A+,2,False,
USG005873,FAC029,Raichur,2026-04-09,O+,2,False,
USG005874,FAC029,Raichur,2026-04-10,B+,1,False,
USG005875,FAC029,Raichur,2026-04-10,AB+,3,False,
USG005876,FAC029,Raichur,2026-04-10,O-,4,False,
USG005877,FAC029,Raichur,2026-04-11,O+,1,False,
USG005878,FAC029,Raichur,2026-04-11,B+,1,False,
USG005879,FAC029,Raichur,2026-04-11,O-,3,False,
USG005880,FAC029,Raichur,2026-04-11,A-,1,False,
USG005881,FAC029,Raichur,2026-04-12,B+,2,False,
USG005882,FAC029,Raichur,2026-04-12,A+,1,False,
USG005883,FAC029,Raichur,2026-04-12,O-,4,False,
USG005884,FAC029,Raichur,2026-04-12,A-,2,False,
USG005885,FAC029,Raichur,2026-04-13,B+,2,False,
USG005886,FAC029,Raichur,2026-04-14,B-,1,False,
USG005887,FAC029,Raichur,2026-04-14,AB-,2,False,
USG005888,FAC029,Raichur,2026-04-15,O+,2,False,
USG005889,FAC029,Raichur,2026-04-16,B+,4,False,
USG005890,FAC029,Raichur,2026-04-17,AB-,3,False,
USG005891,FAC029,Raichur,2026-04-18,O-,3,False,
USG005892,FAC029,Raichur,2026-04-19,B+,1,False,
USG005893,FAC029,Raichur,2026-04-19,A-,3,False,
USG005894,FAC029,Raichur,2026-04-20,O+,4,False,
USG005895,FAC029,Raichur,2026-04-25,A+,2,False,
USG005896,FAC029,Raichur,2026-04-25,B-,3,False,
USG005897,FAC029,Raichur,2026-04-26,O+,1,False,
USG005898,FAC029,Raichur,2026-04-27,O+,4,False,
USG005899,FAC029,Raichur,2026-04-27,O-,3,False,
USG005900,FAC029,Raichur,2026-04-27,B-,3,False,
USG005901,FAC029,Raichur,2026-04-28,O+,1,False,
USG005902,FAC029,Raichur,2026-04-29,A+,2,False,
USG005903,FAC029,Raichur,2026-04-29,A-,2,False,
USG005904,FAC029,Raichur,2026-04-30,O+,1,True,Local incident spike
USG005905,FAC029,Raichur,2026-04-30,B+,1,True,Local incident spike
USG005906,FAC029,Raichur,2026-04-30,O-,6,True,Local incident spike
USG005907,FAC029,Raichur,2026-05-03,B+,4,False,
USG005908,FAC029,Raichur,2026-05-05,AB+,3,False,
USG005909,FAC029,Raichur,2026-05-07,B+,3,False,
USG005910,FAC029,Raichur,2026-05-07,AB+,4,False,
USG005911,FAC029,Raichur,2026-05-08,B+,4,False,
USG005912,FAC029,Raichur,2026-05-10,O+,3,False,
USG005913,FAC029,Raichur,2026-05-11,B+,1,False,
USG005914,FAC029,Raichur,2026-05-12,O+,3,False,
USG005915,FAC029,Raichur,2026-05-13,A+,2,False,
USG005916,FAC029,Raichur,2026-05-14,O+,2,False,
USG005917,FAC029,Raichur,2026-05-20,B+,4,False,
USG005918,FAC029,Raichur,2026-05-24,B+,3,False,
USG005919,FAC029,Raichur,2026-05-25,A-,3,False,
USG005920,FAC029,Raichur,2026-05-26,AB+,4,False,
USG005921,FAC029,Raichur,2026-05-27,O-,2,False,
USG005922,FAC029,Raichur,2026-05-28,A+,3,False,
USG005923,FAC029,Raichur,2026-05-30,B+,4,False,
USG005924,FAC029,Raichur,2026-05-30,A+,4,False,
USG005925,FAC029,Raichur,2026-05-30,AB+,2,False,
USG005926,FAC029,Raichur,2026-05-31,B+,4,False,
USG005927,FAC029,Raichur,2026-06-02,B+,4,False,
USG005928,FAC029,Raichur,2026-06-02,A+,1,False,
USG005929,FAC029,Raichur,2026-06-04,A+,2,False,
USG005930,FAC029,Raichur,2026-06-06,O+,1,False,
USG005931,FAC029,Raichur,2026-06-06,AB-,3,False,
USG005932,FAC029,Raichur,2026-06-08,AB-,3,False,
USG005933,FAC029,Raichur,2026-06-09,A+,2,False,
USG005934,FAC029,Raichur,2026-06-10,B+,4,False,
USG005935,FAC029,Raichur,2026-06-10,O-,2,False,
USG005936,FAC029,Raichur,2026-06-11,B+,4,False,
USG005937,FAC029,Raichur,2026-06-11,AB+,3,False,
USG005938,FAC029,Raichur,2026-06-11,O-,3,False,
USG005939,FAC029,Raichur,2026-06-13,O+,2,False,
USG005940,FAC029,Raichur,2026-06-14,O+,3,False,
USG005941,FAC029,Raichur,2026-06-15,B+,2,False,
USG005942,FAC029,Raichur,2026-06-16,A-,1,False,
USG005943,FAC029,Raichur,2026-06-18,B-,3,False,
USG005944,FAC029,Raichur,2026-06-19,B+,4,False,
USG005945,FAC029,Raichur,2026-06-20,A-,3,False,
USG005946,FAC029,Raichur,2026-06-21,A+,3,False,
USG005947,FAC029,Raichur,2026-06-21,B-,3,False,
USG005948,FAC029,Raichur,2026-06-22,O+,3,False,
USG005949,FAC029,Raichur,2026-06-22,O-,2,False,
USG005950,FAC029,Raichur,2026-06-23,O-,3,False,
USG005951,FAC029,Raichur,2026-06-24,AB+,3,False,
USG005952,FAC029,Raichur,2026-06-25,O+,1,False,
USG005953,FAC029,Raichur,2026-06-25,AB-,2,False,
USG005954,FAC029,Raichur,2026-06-26,AB-,4,False,
USG005955,FAC029,Raichur,2026-06-28,O+,1,False,
USG005956,FAC029,Raichur,2026-06-29,O-,1,False,
USG005957,FAC029,Raichur,2026-06-30,A-,2,False,
USG005958,FAC029,Raichur,2026-07-04,O-,2,False,
USG005959,FAC029,Raichur,2026-07-07,O+,3,False,
USG005960,FAC029,Raichur,2026-07-07,A+,2,False,
USG005961,FAC029,Raichur,2026-07-08,B+,3,False,
USG005962,FAC029,Raichur,2026-07-10,O+,1,False,
USG005963,FAC029,Raichur,2026-07-11,O+,1,False,
USG005964,FAC029,Raichur,2026-07-11,A+,2,False,
USG005965,FAC029,Raichur,2026-07-12,O+,1,False,
USG005966,FAC029,Raichur,2026-07-12,O-,2,False,
USG005967,FAC029,Raichur,2026-07-13,B+,1,False,
USG005968,FAC029,Raichur,2026-07-13,A+,3,False,
USG005969,FAC029,Raichur,2026-07-14,A+,2,False,
USG005970,FAC029,Raichur,2026-07-15,A+,4,True,Monsoon peak flood-risk weeks
USG005971,FAC029,Raichur,2026-07-15,B-,5,True,Monsoon peak flood-risk weeks
USG005972,FAC029,Raichur,2026-07-17,B+,4,True,Monsoon peak flood-risk weeks
USG005973,FAC029,Raichur,2026-07-18,O+,4,True,Monsoon peak flood-risk weeks
USG005974,FAC029,Raichur,2026-07-18,B+,2,True,Monsoon peak flood-risk weeks
USG005975,FAC029,Raichur,2026-07-19,O-,4,True,Monsoon peak flood-risk weeks
USG005976,FAC029,Raichur,2026-07-20,B-,1,True,Monsoon peak flood-risk weeks
USG005977,FAC029,Raichur,2026-07-22,AB+,6,True,Monsoon peak flood-risk weeks
USG005978,FAC029,Raichur,2026-07-23,B+,3,True,Monsoon peak flood-risk weeks
USG005979,FAC029,Raichur,2026-07-23,AB+,4,True,Monsoon peak flood-risk weeks
USG005980,FAC029,Raichur,2026-07-24,B+,5,True,Monsoon peak flood-risk weeks
USG005981,FAC029,Raichur,2026-07-25,O+,6,True,Monsoon peak flood-risk weeks
USG005982,FAC029,Raichur,2026-07-28,A+,6,True,Monsoon peak flood-risk weeks
USG005983,FAC029,Raichur,2026-07-28,AB+,2,True,Monsoon peak flood-risk weeks
USG005984,FAC029,Raichur,2026-07-29,AB+,5,True,Monsoon peak flood-risk weeks
USG005985,FAC029,Raichur,2026-07-30,B+,4,True,Monsoon peak flood-risk weeks
USG005986,FAC029,Raichur,2026-07-30,O-,1,True,Monsoon peak flood-risk weeks
USG005987,FAC029,Raichur,2026-08-01,O+,7,True,Monsoon peak flood-risk weeks
USG005988,FAC029,Raichur,2026-08-01,B+,3,True,Monsoon peak flood-risk weeks
USG005989,FAC029,Raichur,2026-08-01,A+,5,True,Monsoon peak flood-risk weeks
USG005990,FAC030,Raichur,2025-08-02,O+,7,True,Monsoon peak flood-risk weeks
USG005991,FAC030,Raichur,2025-08-02,B+,7,True,Monsoon peak flood-risk weeks
USG005992,FAC030,Raichur,2025-08-03,O-,3,True,Monsoon peak flood-risk weeks
USG005993,FAC030,Raichur,2025-08-04,O+,2,True,Monsoon peak flood-risk weeks
USG005994,FAC030,Raichur,2025-08-04,AB+,2,True,Monsoon peak flood-risk weeks
USG005995,FAC030,Raichur,2025-08-05,O+,6,True,Monsoon peak flood-risk weeks
USG005996,FAC030,Raichur,2025-08-05,B+,3,True,Monsoon peak flood-risk weeks
USG005997,FAC030,Raichur,2025-08-06,A+,2,False,
USG005998,FAC030,Raichur,2025-08-08,O+,1,False,
USG005999,FAC030,Raichur,2025-08-12,B+,4,False,
USG006000,FAC030,Raichur,2025-08-12,A+,4,False,
USG006001,FAC030,Raichur,2025-08-13,B+,2,False,
USG006002,FAC030,Raichur,2025-08-15,O+,3,False,
USG006003,FAC030,Raichur,2025-08-16,A-,2,False,
USG006004,FAC030,Raichur,2025-08-17,O+,2,False,
USG006005,FAC030,Raichur,2025-08-17,AB-,1,False,
USG006006,FAC030,Raichur,2025-08-19,B+,4,False,
USG006007,FAC030,Raichur,2025-08-19,O-,4,False,
USG006008,FAC030,Raichur,2025-08-20,O+,1,False,
USG006009,FAC030,Raichur,2025-08-20,B+,1,False,
USG006010,FAC030,Raichur,2025-08-23,B+,1,False,
USG006011,FAC030,Raichur,2025-08-24,A-,2,False,
USG006012,FAC030,Raichur,2025-08-25,O-,2,False,
USG006013,FAC030,Raichur,2025-08-27,AB+,4,False,
USG006014,FAC030,Raichur,2025-08-28,O-,4,False,
USG006015,FAC030,Raichur,2025-08-31,A+,3,False,
USG006016,FAC030,Raichur,2025-09-02,O+,3,False,
USG006017,FAC030,Raichur,2025-09-03,O+,3,False,
USG006018,FAC030,Raichur,2025-09-03,AB+,2,False,
USG006019,FAC030,Raichur,2025-09-03,O-,1,False,
USG006020,FAC030,Raichur,2025-09-03,B-,2,False,
USG006021,FAC030,Raichur,2025-09-03,AB-,1,False,
USG006022,FAC030,Raichur,2025-09-04,O+,3,False,
USG006023,FAC030,Raichur,2025-09-05,B-,3,False,
USG006024,FAC030,Raichur,2025-09-06,O+,3,False,
USG006025,FAC030,Raichur,2025-09-07,A+,1,False,
USG006026,FAC030,Raichur,2025-09-08,A+,2,False,
USG006027,FAC030,Raichur,2025-09-13,B+,3,False,
USG006028,FAC030,Raichur,2025-09-13,A+,4,False,
USG006029,FAC030,Raichur,2025-09-13,B-,1,False,
USG006030,FAC030,Raichur,2025-09-14,A+,2,False,
USG006031,FAC030,Raichur,2025-09-15,B+,2,False,
USG006032,FAC030,Raichur,2025-09-15,A+,2,False,
USG006033,FAC030,Raichur,2025-09-16,O+,4,True,Festival travel peak (Dasara)
USG006034,FAC030,Raichur,2025-09-16,AB+,5,True,Festival travel peak (Dasara)
USG006035,FAC030,Raichur,2025-09-17,O+,2,True,Festival travel peak (Dasara)
USG006036,FAC030,Raichur,2025-09-18,O+,4,True,Festival travel peak (Dasara)
USG006037,FAC030,Raichur,2025-09-18,A+,7,True,Festival travel peak (Dasara)
USG006038,FAC030,Raichur,2025-09-18,A-,4,True,Festival travel peak (Dasara)
USG006039,FAC030,Raichur,2025-09-18,AB-,5,True,Festival travel peak (Dasara)
USG006040,FAC030,Raichur,2025-09-19,O+,5,True,Festival travel peak (Dasara)
USG006041,FAC030,Raichur,2025-09-19,A-,3,True,Festival travel peak (Dasara)
USG006042,FAC030,Raichur,2025-09-21,O+,1,True,Festival travel peak (Dasara)
USG006043,FAC030,Raichur,2025-09-21,A+,6,True,Festival travel peak (Dasara)
USG006044,FAC030,Raichur,2025-09-21,AB-,5,True,Festival travel peak (Dasara)
USG006045,FAC030,Raichur,2025-09-22,O+,1,True,Festival travel peak (Dasara)
USG006046,FAC030,Raichur,2025-09-22,A-,1,True,Festival travel peak (Dasara)
USG006047,FAC030,Raichur,2025-09-23,B+,2,True,Festival travel peak (Dasara)
USG006048,FAC030,Raichur,2025-09-24,A+,3,True,Festival travel peak (Dasara)
USG006049,FAC030,Raichur,2025-09-25,O+,3,True,Festival travel peak (Dasara)
USG006050,FAC030,Raichur,2025-09-25,AB+,5,True,Festival travel peak (Dasara)
USG006051,FAC030,Raichur,2025-09-26,O-,6,True,Festival travel peak (Dasara)
USG006052,FAC030,Raichur,2025-09-27,A+,1,True,Festival travel peak (Dasara)
USG006053,FAC030,Raichur,2025-09-27,A-,3,True,Festival travel peak (Dasara)
USG006054,FAC030,Raichur,2025-09-28,B+,2,True,Festival travel peak (Dasara)
USG006055,FAC030,Raichur,2025-09-29,O+,1,True,Festival travel peak (Dasara)
USG006056,FAC030,Raichur,2025-09-29,B+,7,True,Festival travel peak (Dasara)
USG006057,FAC030,Raichur,2025-09-30,B+,3,True,Festival travel peak (Dasara)
USG006058,FAC030,Raichur,2025-09-30,A+,5,True,Festival travel peak (Dasara)
USG006059,FAC030,Raichur,2025-09-30,AB-,2,True,Festival travel peak (Dasara)
USG006060,FAC030,Raichur,2025-10-01,A+,3,True,Festival travel peak (Dasara)
USG006061,FAC030,Raichur,2025-10-01,O-,6,True,Festival travel peak (Dasara)
USG006062,FAC030,Raichur,2025-10-02,O+,5,True,Festival travel peak (Dasara)
USG006063,FAC030,Raichur,2025-10-02,AB-,3,True,Festival travel peak (Dasara)
USG006064,FAC030,Raichur,2025-10-03,B+,1,True,Festival travel peak (Dasara)
USG006065,FAC030,Raichur,2025-10-03,B-,4,True,Festival travel peak (Dasara)
USG006066,FAC030,Raichur,2025-10-05,O+,5,True,Festival travel peak (Dasara)
USG006067,FAC030,Raichur,2025-10-06,O+,7,True,Festival travel peak (Dasara)
USG006068,FAC030,Raichur,2025-10-07,O+,3,True,Festival travel peak (Dasara)
USG006069,FAC030,Raichur,2025-10-07,B+,4,True,Festival travel peak (Dasara)
USG006070,FAC030,Raichur,2025-10-07,A+,1,True,Festival travel peak (Dasara)
USG006071,FAC030,Raichur,2025-10-08,A+,3,True,Festival travel peak (Dasara)
USG006072,FAC030,Raichur,2025-10-08,AB-,6,True,Festival travel peak (Dasara)
USG006073,FAC030,Raichur,2025-10-09,B+,4,True,Festival travel peak (Dasara)
USG006074,FAC030,Raichur,2025-10-10,B+,2,True,Festival travel peak (Dasara)
USG006075,FAC030,Raichur,2025-10-10,A+,4,True,Festival travel peak (Dasara)
USG006076,FAC030,Raichur,2025-10-10,O-,2,True,Festival travel peak (Dasara)
USG006077,FAC030,Raichur,2025-10-12,O-,2,False,
USG006078,FAC030,Raichur,2025-10-14,A+,1,False,
USG006079,FAC030,Raichur,2025-10-15,B-,1,False,
USG006080,FAC030,Raichur,2025-10-17,O+,2,False,
USG006081,FAC030,Raichur,2025-10-17,B-,3,False,
USG006082,FAC030,Raichur,2025-10-19,O+,2,False,
USG006083,FAC030,Raichur,2025-10-21,B+,2,False,
USG006084,FAC030,Raichur,2025-10-22,A-,3,False,
USG006085,FAC030,Raichur,2025-10-23,A+,4,False,
USG006086,FAC030,Raichur,2025-10-23,O-,4,False,
USG006087,FAC030,Raichur,2025-10-24,O+,4,False,
USG006088,FAC030,Raichur,2025-10-24,A+,4,False,
USG006089,FAC030,Raichur,2025-10-24,O-,4,False,
USG006090,FAC030,Raichur,2025-10-26,O+,1,False,
USG006091,FAC030,Raichur,2025-10-29,O+,3,False,
USG006092,FAC030,Raichur,2025-10-29,B+,2,False,
USG006093,FAC030,Raichur,2025-11-03,O+,1,False,
USG006094,FAC030,Raichur,2025-11-07,A+,3,False,
USG006095,FAC030,Raichur,2025-11-08,B+,4,False,
USG006096,FAC030,Raichur,2025-11-08,A+,4,False,
USG006097,FAC030,Raichur,2025-11-10,B+,2,False,
USG006098,FAC030,Raichur,2025-11-10,AB-,1,False,
USG006099,FAC030,Raichur,2025-11-11,AB+,4,False,
USG006100,FAC030,Raichur,2025-11-12,B+,1,False,
USG006101,FAC030,Raichur,2025-11-14,AB+,4,False,
USG006102,FAC030,Raichur,2025-11-15,B-,1,False,
USG006103,FAC030,Raichur,2025-11-17,O+,1,False,
USG006104,FAC030,Raichur,2025-11-19,AB+,2,False,
USG006105,FAC030,Raichur,2025-11-20,O+,1,False,
USG006106,FAC030,Raichur,2025-11-20,O-,4,False,
USG006107,FAC030,Raichur,2025-11-21,O+,2,False,
USG006108,FAC030,Raichur,2025-11-21,A+,3,False,
USG006109,FAC030,Raichur,2025-11-26,B-,4,False,
USG006110,FAC030,Raichur,2025-11-27,B-,1,False,
USG006111,FAC030,Raichur,2025-11-30,O-,4,False,
USG006112,FAC030,Raichur,2025-12-01,O+,1,False,
USG006113,FAC030,Raichur,2025-12-02,AB-,1,False,
USG006114,FAC030,Raichur,2025-12-03,A+,2,False,
USG006115,FAC030,Raichur,2025-12-04,O+,4,False,
USG006116,FAC030,Raichur,2025-12-05,O+,3,False,
USG006117,FAC030,Raichur,2025-12-08,A+,3,False,
USG006118,FAC030,Raichur,2025-12-11,O+,3,False,
USG006119,FAC030,Raichur,2025-12-11,A+,1,False,
USG006120,FAC030,Raichur,2025-12-12,A+,1,False,
USG006121,FAC030,Raichur,2025-12-12,AB+,1,False,
USG006122,FAC030,Raichur,2025-12-13,A+,3,False,
USG006123,FAC030,Raichur,2025-12-14,O+,2,False,
USG006124,FAC030,Raichur,2025-12-14,A-,4,False,
USG006125,FAC030,Raichur,2025-12-15,O+,3,False,
USG006126,FAC030,Raichur,2025-12-15,AB+,3,False,
USG006127,FAC030,Raichur,2025-12-16,B-,2,False,
USG006128,FAC030,Raichur,2025-12-18,O+,2,False,
USG006129,FAC030,Raichur,2025-12-18,B+,4,False,
USG006130,FAC030,Raichur,2025-12-18,A-,1,False,
USG006131,FAC030,Raichur,2025-12-19,B+,3,False,
USG006132,FAC030,Raichur,2025-12-21,O+,2,False,
USG006133,FAC030,Raichur,2025-12-21,O-,1,False,
USG006134,FAC030,Raichur,2025-12-21,B-,3,False,
USG006135,FAC030,Raichur,2025-12-21,AB-,4,False,
USG006136,FAC030,Raichur,2025-12-23,O+,1,False,
USG006137,FAC030,Raichur,2025-12-23,B+,4,False,
USG006138,FAC030,Raichur,2025-12-23,A+,1,False,
USG006139,FAC030,Raichur,2025-12-23,B-,2,False,
USG006140,FAC030,Raichur,2025-12-24,O-,2,False,
USG006141,FAC030,Raichur,2025-12-24,B-,1,False,
USG006142,FAC030,Raichur,2025-12-25,AB+,2,False,
USG006143,FAC030,Raichur,2025-12-26,O+,4,False,
USG006144,FAC030,Raichur,2025-12-26,B+,2,False,
USG006145,FAC030,Raichur,2025-12-29,O-,3,False,
USG006146,FAC030,Raichur,2025-12-29,A-,4,False,
USG006147,FAC030,Raichur,2025-12-30,O+,4,True,New Year travel period
USG006148,FAC030,Raichur,2025-12-30,A+,3,True,New Year travel period
USG006149,FAC030,Raichur,2025-12-31,O+,7,True,New Year travel period
USG006150,FAC030,Raichur,2025-12-31,AB+,6,True,New Year travel period
USG006151,FAC030,Raichur,2026-01-01,A+,2,True,New Year travel period
USG006152,FAC030,Raichur,2026-01-01,AB+,7,True,New Year travel period
USG006153,FAC030,Raichur,2026-01-01,AB-,5,True,New Year travel period
USG006154,FAC030,Raichur,2026-01-02,B+,2,True,New Year travel period
USG006155,FAC030,Raichur,2026-01-04,B+,4,False,
USG006156,FAC030,Raichur,2026-01-04,A+,4,False,
USG006157,FAC030,Raichur,2026-01-05,O+,2,False,
USG006158,FAC030,Raichur,2026-01-07,AB-,1,False,
USG006159,FAC030,Raichur,2026-01-08,AB+,4,False,
USG006160,FAC030,Raichur,2026-01-08,O-,3,False,
USG006161,FAC030,Raichur,2026-01-09,B-,3,False,
USG006162,FAC030,Raichur,2026-01-10,O+,2,False,
USG006163,FAC030,Raichur,2026-01-11,A+,4,False,
USG006164,FAC030,Raichur,2026-01-12,O+,1,False,
USG006165,FAC030,Raichur,2026-01-12,A+,4,False,
USG006166,FAC030,Raichur,2026-01-13,A+,3,False,
USG006167,FAC030,Raichur,2026-01-13,A-,1,False,
USG006168,FAC030,Raichur,2026-01-17,O+,1,False,
USG006169,FAC030,Raichur,2026-01-18,O+,3,False,
USG006170,FAC030,Raichur,2026-01-19,A+,4,False,
USG006171,FAC030,Raichur,2026-01-20,B+,2,False,
USG006172,FAC030,Raichur,2026-01-20,A+,1,False,
USG006173,FAC030,Raichur,2026-01-24,O+,4,False,
USG006174,FAC030,Raichur,2026-01-26,A+,3,False,
USG006175,FAC030,Raichur,2026-01-27,AB-,1,False,
USG006176,FAC030,Raichur,2026-01-28,A+,3,False,
USG006177,FAC030,Raichur,2026-01-28,AB-,1,False,
USG006178,FAC030,Raichur,2026-01-30,AB+,3,False,
USG006179,FAC030,Raichur,2026-02-01,A+,3,False,
USG006180,FAC030,Raichur,2026-02-02,B+,4,False,
USG006181,FAC030,Raichur,2026-02-05,AB+,4,False,
USG006182,FAC030,Raichur,2026-02-06,A+,3,False,
USG006183,FAC030,Raichur,2026-02-06,AB-,1,False,
USG006184,FAC030,Raichur,2026-02-07,B+,3,False,
USG006185,FAC030,Raichur,2026-02-08,O+,4,False,
USG006186,FAC030,Raichur,2026-02-12,A-,4,False,
USG006187,FAC030,Raichur,2026-02-13,B+,6,True,Local incident spike
USG006188,FAC030,Raichur,2026-02-13,A+,2,True,Local incident spike
USG006189,FAC030,Raichur,2026-02-15,O+,4,False,
USG006190,FAC030,Raichur,2026-02-16,A+,1,False,
USG006191,FAC030,Raichur,2026-02-16,B-,4,False,
USG006192,FAC030,Raichur,2026-02-17,B+,4,False,
USG006193,FAC030,Raichur,2026-02-17,A+,4,False,
USG006194,FAC030,Raichur,2026-02-18,A+,3,False,
USG006195,FAC030,Raichur,2026-02-18,B-,1,False,
USG006196,FAC030,Raichur,2026-02-21,A+,1,False,
USG006197,FAC030,Raichur,2026-02-22,A+,1,False,
USG006198,FAC030,Raichur,2026-02-24,B+,3,True,Local incident spike
USG006199,FAC030,Raichur,2026-02-25,B-,1,False,
USG006200,FAC030,Raichur,2026-02-26,O+,4,False,
USG006201,FAC030,Raichur,2026-02-27,O+,4,False,
USG006202,FAC030,Raichur,2026-02-27,A+,1,False,
USG006203,FAC030,Raichur,2026-02-28,B-,2,False,
USG006204,FAC030,Raichur,2026-03-02,B+,4,False,
USG006205,FAC030,Raichur,2026-03-03,B+,4,False,
USG006206,FAC030,Raichur,2026-03-04,A+,4,False,
USG006207,FAC030,Raichur,2026-03-04,O-,2,False,
USG006208,FAC030,Raichur,2026-03-04,A-,4,False,
USG006209,FAC030,Raichur,2026-03-07,O-,2,False,
USG006210,FAC030,Raichur,2026-03-08,O+,3,False,
USG006211,FAC030,Raichur,2026-03-08,A+,1,False,
USG006212,FAC030,Raichur,2026-03-09,O+,2,False,
USG006213,FAC030,Raichur,2026-03-11,O+,1,False,
USG006214,FAC030,Raichur,2026-03-12,AB-,4,False,
USG006215,FAC030,Raichur,2026-03-14,O+,4,False,
USG006216,FAC030,Raichur,2026-03-15,B+,2,False,
USG006217,FAC030,Raichur,2026-03-16,A+,4,False,
USG006218,FAC030,Raichur,2026-03-18,O+,4,False,
USG006219,FAC030,Raichur,2026-03-18,A+,1,False,
USG006220,FAC030,Raichur,2026-03-20,B+,3,False,
USG006221,FAC030,Raichur,2026-03-21,O+,4,False,
USG006222,FAC030,Raichur,2026-03-22,O-,2,False,
USG006223,FAC030,Raichur,2026-03-23,O+,2,False,
USG006224,FAC030,Raichur,2026-03-25,O+,4,False,
USG006225,FAC030,Raichur,2026-03-25,B-,4,False,
USG006226,FAC030,Raichur,2026-03-26,O+,2,False,
USG006227,FAC030,Raichur,2026-03-28,O+,2,False,
USG006228,FAC030,Raichur,2026-03-29,AB+,2,False,
USG006229,FAC030,Raichur,2026-03-30,O+,3,False,
USG006230,FAC030,Raichur,2026-04-01,A-,2,False,
USG006231,FAC030,Raichur,2026-04-03,O+,2,False,
USG006232,FAC030,Raichur,2026-04-03,B-,4,False,
USG006233,FAC030,Raichur,2026-04-05,B+,4,False,
USG006234,FAC030,Raichur,2026-04-07,O+,2,False,
USG006235,FAC030,Raichur,2026-04-07,AB+,1,False,
USG006236,FAC030,Raichur,2026-04-07,O-,2,False,
USG006237,FAC030,Raichur,2026-04-08,A+,4,False,
USG006238,FAC030,Raichur,2026-04-09,O+,1,False,
USG006239,FAC030,Raichur,2026-04-09,B+,2,False,
USG006240,FAC030,Raichur,2026-04-10,A+,2,False,
USG006241,FAC030,Raichur,2026-04-11,B+,3,True,Local incident spike
USG006242,FAC030,Raichur,2026-04-12,AB+,2,False,
USG006243,FAC030,Raichur,2026-04-13,B+,1,False,
USG006244,FAC030,Raichur,2026-04-13,A+,3,False,
USG006245,FAC030,Raichur,2026-04-14,B+,3,False,
USG006246,FAC030,Raichur,2026-04-14,A+,4,False,
USG006247,FAC030,Raichur,2026-04-15,O+,4,False,
USG006248,FAC030,Raichur,2026-04-15,B+,1,False,
USG006249,FAC030,Raichur,2026-04-15,O-,2,False,
USG006250,FAC030,Raichur,2026-04-15,AB-,3,False,
USG006251,FAC030,Raichur,2026-04-16,B+,2,False,
USG006252,FAC030,Raichur,2026-04-16,AB-,1,False,
USG006253,FAC030,Raichur,2026-04-17,O+,4,False,
USG006254,FAC030,Raichur,2026-04-18,A+,2,False,
USG006255,FAC030,Raichur,2026-04-19,O+,2,False,
USG006256,FAC030,Raichur,2026-04-19,O-,4,False,
USG006257,FAC030,Raichur,2026-04-20,O+,4,False,
USG006258,FAC030,Raichur,2026-04-20,B+,3,False,
USG006259,FAC030,Raichur,2026-04-21,O+,2,False,
USG006260,FAC030,Raichur,2026-04-22,B+,2,False,
USG006261,FAC030,Raichur,2026-04-23,A+,2,False,
USG006262,FAC030,Raichur,2026-04-23,O-,2,False,
USG006263,FAC030,Raichur,2026-04-25,AB+,3,False,
USG006264,FAC030,Raichur,2026-04-27,O+,3,False,
USG006265,FAC030,Raichur,2026-04-27,A+,1,False,
USG006266,FAC030,Raichur,2026-04-28,O-,1,False,
USG006267,FAC030,Raichur,2026-04-28,AB-,4,False,
USG006268,FAC030,Raichur,2026-04-29,O+,4,False,
USG006269,FAC030,Raichur,2026-04-29,AB-,4,False,
USG006270,FAC030,Raichur,2026-04-30,O-,1,False,
USG006271,FAC030,Raichur,2026-05-01,B+,4,False,
USG006272,FAC030,Raichur,2026-05-02,B+,4,False,
USG006273,FAC030,Raichur,2026-05-02,AB-,4,False,
USG006274,FAC030,Raichur,2026-05-05,B+,3,False,
USG006275,FAC030,Raichur,2026-05-06,O+,4,False,
USG006276,FAC030,Raichur,2026-05-07,B+,3,False,
USG006277,FAC030,Raichur,2026-05-08,B+,1,False,
USG006278,FAC030,Raichur,2026-05-08,AB+,4,False,
USG006279,FAC030,Raichur,2026-05-09,O-,3,False,
USG006280,FAC030,Raichur,2026-05-10,B+,3,False,
USG006281,FAC030,Raichur,2026-05-11,B-,2,False,
USG006282,FAC030,Raichur,2026-05-17,B-,1,False,
USG006283,FAC030,Raichur,2026-05-19,AB+,1,False,
USG006284,FAC030,Raichur,2026-05-22,AB+,2,False,
USG006285,FAC030,Raichur,2026-05-23,A+,4,False,
USG006286,FAC030,Raichur,2026-05-23,B-,2,False,
USG006287,FAC030,Raichur,2026-05-24,A-,3,False,
USG006288,FAC030,Raichur,2026-05-28,O+,2,False,
USG006289,FAC030,Raichur,2026-05-30,O+,4,False,
USG006290,FAC030,Raichur,2026-05-30,B+,2,False,
USG006291,FAC030,Raichur,2026-06-01,B+,4,False,
USG006292,FAC030,Raichur,2026-06-04,O+,1,False,
USG006293,FAC030,Raichur,2026-06-06,B+,1,False,
USG006294,FAC030,Raichur,2026-06-08,AB-,1,False,
USG006295,FAC030,Raichur,2026-06-11,B+,3,False,
USG006296,FAC030,Raichur,2026-06-14,O+,1,False,
USG006297,FAC030,Raichur,2026-06-14,B+,1,False,
USG006298,FAC030,Raichur,2026-06-14,A+,2,False,
USG006299,FAC030,Raichur,2026-06-15,O-,4,False,
USG006300,FAC030,Raichur,2026-06-16,O+,2,True,Local incident spike
USG006301,FAC030,Raichur,2026-06-16,A+,5,True,Local incident spike
USG006302,FAC030,Raichur,2026-06-16,AB+,6,True,Local incident spike
USG006303,FAC030,Raichur,2026-06-17,B+,4,False,
USG006304,FAC030,Raichur,2026-06-17,AB+,3,False,
USG006305,FAC030,Raichur,2026-06-18,B-,2,False,
USG006306,FAC030,Raichur,2026-06-20,O+,3,False,
USG006307,FAC030,Raichur,2026-06-20,A+,3,False,
USG006308,FAC030,Raichur,2026-06-21,O-,1,False,
USG006309,FAC030,Raichur,2026-06-22,B-,4,False,
USG006310,FAC030,Raichur,2026-06-23,O+,3,False,
USG006311,FAC030,Raichur,2026-06-23,AB-,2,False,
USG006312,FAC030,Raichur,2026-06-25,A+,4,False,
USG006313,FAC030,Raichur,2026-06-27,A+,1,False,
USG006314,FAC030,Raichur,2026-06-28,O+,3,False,
USG006315,FAC030,Raichur,2026-07-02,A+,1,False,
USG006316,FAC030,Raichur,2026-07-04,O+,1,False,
USG006317,FAC030,Raichur,2026-07-04,AB+,1,False,
USG006318,FAC030,Raichur,2026-07-05,A+,4,False,
USG006319,FAC030,Raichur,2026-07-06,A+,1,False,
USG006320,FAC030,Raichur,2026-07-06,O-,4,False,
USG006321,FAC030,Raichur,2026-07-07,B+,1,False,
USG006322,FAC030,Raichur,2026-07-07,AB+,2,False,
USG006323,FAC030,Raichur,2026-07-09,O+,2,False,
USG006324,FAC030,Raichur,2026-07-09,B+,4,False,
USG006325,FAC030,Raichur,2026-07-09,B-,3,False,
USG006326,FAC030,Raichur,2026-07-12,O+,3,False,
USG006327,FAC030,Raichur,2026-07-12,B+,2,False,
USG006328,FAC030,Raichur,2026-07-13,O-,4,False,
USG006329,FAC030,Raichur,2026-07-14,AB+,4,False,
USG006330,FAC030,Raichur,2026-07-15,AB+,3,True,Monsoon peak flood-risk weeks
USG006331,FAC030,Raichur,2026-07-17,B-,1,True,Monsoon peak flood-risk weeks
USG006332,FAC030,Raichur,2026-07-19,O+,2,True,Monsoon peak flood-risk weeks
USG006333,FAC030,Raichur,2026-07-19,B+,7,True,Monsoon peak flood-risk weeks
USG006334,FAC030,Raichur,2026-07-19,A-,6,True,Monsoon peak flood-risk weeks
USG006335,FAC030,Raichur,2026-07-22,O+,6,True,Monsoon peak flood-risk weeks
USG006336,FAC030,Raichur,2026-07-22,B+,1,True,Monsoon peak flood-risk weeks
USG006337,FAC030,Raichur,2026-07-22,A+,3,True,Monsoon peak flood-risk weeks
USG006338,FAC030,Raichur,2026-07-23,O+,5,True,Monsoon peak flood-risk weeks
USG006339,FAC030,Raichur,2026-07-24,B+,3,True,Monsoon peak flood-risk weeks
USG006340,FAC030,Raichur,2026-07-25,A+,2,True,Monsoon peak flood-risk weeks
USG006341,FAC030,Raichur,2026-07-26,AB-,3,True,Monsoon peak flood-risk weeks
USG006342,FAC030,Raichur,2026-07-27,A+,2,True,Monsoon peak flood-risk weeks
USG006343,FAC030,Raichur,2026-07-28,A+,3,True,Monsoon peak flood-risk weeks
USG006344,FAC030,Raichur,2026-07-30,B+,3,True,Monsoon peak flood-risk weeks
USG006345,FAC030,Raichur,2026-07-31,A+,3,True,Monsoon peak flood-risk weeks
USG006346,FAC030,Raichur,2026-08-01,AB+,6,True,Monsoon peak flood-risk weeks
USG006347,FAC030,Raichur,2026-08-01,O-,2,True,Monsoon peak flood-risk weeks
USG006348,FAC031,Raichur,2025-08-02,AB+,5,True,Monsoon peak flood-risk weeks
USG006349,FAC031,Raichur,2025-08-04,O-,3,True,Monsoon peak flood-risk weeks
USG006350,FAC031,Raichur,2025-08-08,O+,1,False,
USG006351,FAC031,Raichur,2025-08-10,A+,2,False,
USG006352,FAC031,Raichur,2025-08-10,AB+,3,False,
USG006353,FAC031,Raichur,2025-08-18,A+,1,True,Local incident spike
USG006354,FAC031,Raichur,2025-08-20,AB+,2,False,
USG006355,FAC031,Raichur,2025-08-28,O+,2,False,
USG006356,FAC031,Raichur,2025-08-28,AB-,1,False,
USG006357,FAC031,Raichur,2025-08-30,O+,2,False,
USG006358,FAC031,Raichur,2025-09-07,B-,2,False,
USG006359,FAC031,Raichur,2025-09-12,O+,1,False,
USG006360,FAC031,Raichur,2025-09-16,O+,2,True,Festival travel peak (Dasara)
USG006361,FAC031,Raichur,2025-09-17,O+,2,True,Festival travel peak (Dasara)
USG006362,FAC031,Raichur,2025-09-19,A+,4,True,Festival travel peak (Dasara)
USG006363,FAC031,Raichur,2025-09-24,A+,2,True,Festival travel peak (Dasara)
USG006364,FAC031,Raichur,2025-10-03,O+,4,True,Festival travel peak (Dasara)
USG006365,FAC031,Raichur,2025-10-03,O-,5,True,Festival travel peak (Dasara)
USG006366,FAC031,Raichur,2025-10-04,A+,1,True,Festival travel peak (Dasara)
USG006367,FAC031,Raichur,2025-10-04,AB-,3,True,Festival travel peak (Dasara)
USG006368,FAC031,Raichur,2025-10-08,A+,5,True,Festival travel peak (Dasara)
USG006369,FAC031,Raichur,2025-10-08,B-,4,True,Festival travel peak (Dasara)
USG006370,FAC031,Raichur,2025-10-10,B-,4,True,Festival travel peak (Dasara)
USG006371,FAC031,Raichur,2025-10-15,O+,1,False,
USG006372,FAC031,Raichur,2025-10-28,A+,3,False,
USG006373,FAC031,Raichur,2025-10-29,A+,2,False,
USG006374,FAC031,Raichur,2025-10-31,A+,1,False,
USG006375,FAC031,Raichur,2025-11-01,O+,2,False,
USG006376,FAC031,Raichur,2025-11-03,B-,3,False,
USG006377,FAC031,Raichur,2025-11-05,O-,3,False,
USG006378,FAC031,Raichur,2025-11-13,A-,2,False,
USG006379,FAC031,Raichur,2025-11-17,O+,1,False,
USG006380,FAC031,Raichur,2025-11-20,A+,2,False,
USG006381,FAC031,Raichur,2025-11-30,AB+,1,False,
USG006382,FAC031,Raichur,2025-12-07,A-,1,False,
USG006383,FAC031,Raichur,2025-12-08,AB+,2,False,
USG006384,FAC031,Raichur,2025-12-12,O-,1,False,
USG006385,FAC031,Raichur,2025-12-20,O-,2,False,
USG006386,FAC031,Raichur,2025-12-21,O+,3,False,
USG006387,FAC031,Raichur,2025-12-26,AB-,2,False,
USG006388,FAC031,Raichur,2025-12-29,AB+,2,False,
USG006389,FAC031,Raichur,2025-12-30,A+,1,True,New Year travel period
USG006390,FAC031,Raichur,2025-12-30,B-,5,True,New Year travel period
USG006391,FAC031,Raichur,2026-01-02,A+,1,True,New Year travel period
USG006392,FAC031,Raichur,2026-01-10,B-,1,False,
USG006393,FAC031,Raichur,2026-01-12,O+,1,False,
USG006394,FAC031,Raichur,2026-01-15,A+,1,False,
USG006395,FAC031,Raichur,2026-01-15,AB-,3,False,
USG006396,FAC031,Raichur,2026-01-20,AB+,1,False,
USG006397,FAC031,Raichur,2026-01-21,O+,3,False,
USG006398,FAC031,Raichur,2026-01-25,O+,1,False,
USG006399,FAC031,Raichur,2026-01-26,O+,1,False,
USG006400,FAC031,Raichur,2026-01-26,A+,2,False,
USG006401,FAC031,Raichur,2026-01-27,AB+,3,False,
USG006402,FAC031,Raichur,2026-02-09,O-,1,False,
USG006403,FAC031,Raichur,2026-02-12,A-,1,False,
USG006404,FAC031,Raichur,2026-02-13,O-,1,False,
USG006405,FAC031,Raichur,2026-02-14,O-,1,True,Local incident spike
USG006406,FAC031,Raichur,2026-02-14,B-,2,True,Local incident spike
USG006407,FAC031,Raichur,2026-02-16,AB+,2,False,
USG006408,FAC031,Raichur,2026-02-20,O-,3,False,
USG006409,FAC031,Raichur,2026-02-22,O+,2,False,
USG006410,FAC031,Raichur,2026-02-23,O+,3,False,
USG006411,FAC031,Raichur,2026-02-23,AB+,2,False,
USG006412,FAC031,Raichur,2026-02-24,AB+,3,False,
USG006413,FAC031,Raichur,2026-02-25,O+,3,False,
USG006414,FAC031,Raichur,2026-02-27,O-,3,False,
USG006415,FAC031,Raichur,2026-03-01,AB+,1,False,
USG006416,FAC031,Raichur,2026-03-02,O+,3,False,
USG006417,FAC031,Raichur,2026-03-10,A-,2,False,
USG006418,FAC031,Raichur,2026-03-14,O+,1,False,
USG006419,FAC031,Raichur,2026-03-22,O+,3,False,
USG006420,FAC031,Raichur,2026-03-23,AB+,3,False,
USG006421,FAC031,Raichur,2026-03-25,A+,3,False,
USG006422,FAC031,Raichur,2026-03-31,A+,3,False,
USG006423,FAC031,Raichur,2026-04-02,O+,2,False,
USG006424,FAC031,Raichur,2026-04-04,AB+,2,False,
USG006425,FAC031,Raichur,2026-04-06,O-,1,False,
USG006426,FAC031,Raichur,2026-04-09,O-,2,False,
USG006427,FAC031,Raichur,2026-04-11,B-,1,False,
USG006428,FAC031,Raichur,2026-04-12,B-,1,False,
USG006429,FAC031,Raichur,2026-04-15,O+,3,False,
USG006430,FAC031,Raichur,2026-04-21,A+,2,False,
USG006431,FAC031,Raichur,2026-04-23,A-,2,False,
USG006432,FAC031,Raichur,2026-04-27,A+,1,False,
USG006433,FAC031,Raichur,2026-04-30,A+,1,False,
USG006434,FAC031,Raichur,2026-05-01,O+,1,False,
USG006435,FAC031,Raichur,2026-05-03,A+,2,False,
USG006436,FAC031,Raichur,2026-05-11,O+,2,False,
USG006437,FAC031,Raichur,2026-05-12,A-,1,False,
USG006438,FAC031,Raichur,2026-05-14,O+,2,False,
USG006439,FAC031,Raichur,2026-05-14,A-,3,False,
USG006440,FAC031,Raichur,2026-05-16,O+,2,False,
USG006441,FAC031,Raichur,2026-05-21,O+,3,False,
USG006442,FAC031,Raichur,2026-05-21,A-,2,False,
USG006443,FAC031,Raichur,2026-05-23,O+,2,False,
USG006444,FAC031,Raichur,2026-05-30,B-,1,False,
USG006445,FAC031,Raichur,2026-06-01,A-,1,False,
USG006446,FAC031,Raichur,2026-06-02,A+,1,False,
USG006447,FAC031,Raichur,2026-06-03,O-,3,False,
USG006448,FAC031,Raichur,2026-06-07,O+,3,False,
USG006449,FAC031,Raichur,2026-06-12,A+,3,False,
USG006450,FAC031,Raichur,2026-06-15,A-,1,False,
USG006451,FAC031,Raichur,2026-06-22,AB+,1,False,
USG006452,FAC031,Raichur,2026-07-01,AB+,1,False,
USG006453,FAC031,Raichur,2026-07-02,AB+,3,False,
USG006454,FAC031,Raichur,2026-07-04,O+,2,False,
USG006455,FAC031,Raichur,2026-07-05,B-,2,False,
USG006456,FAC031,Raichur,2026-07-06,AB+,2,False,
USG006457,FAC031,Raichur,2026-07-07,AB+,3,False,
USG006458,FAC031,Raichur,2026-07-12,A+,1,False,
USG006459,FAC031,Raichur,2026-07-16,O+,4,True,Monsoon peak flood-risk weeks
USG006460,FAC031,Raichur,2026-07-21,O+,2,True,Monsoon peak flood-risk weeks
USG006461,FAC031,Raichur,2026-07-23,A+,1,True,Monsoon peak flood-risk weeks
USG006462,FAC031,Raichur,2026-07-24,AB-,5,True,Monsoon peak flood-risk weeks
USG006463,FAC031,Raichur,2026-07-25,AB+,4,True,Monsoon peak flood-risk weeks
USG006464,FAC031,Raichur,2026-07-26,O+,5,True,Monsoon peak flood-risk weeks
USG006465,FAC031,Raichur,2026-07-28,O+,5,True,Monsoon peak flood-risk weeks
USG006466,FAC031,Raichur,2026-07-30,O+,3,True,Monsoon peak flood-risk weeks
USG006467,FAC031,Raichur,2026-07-31,AB-,1,True,Monsoon peak flood-risk weeks
USG006468,FAC032,Raichur,2025-08-03,O+,5,True,Monsoon peak flood-risk weeks
USG006469,FAC032,Raichur,2025-08-04,B+,1,True,Monsoon peak flood-risk weeks
USG006470,FAC032,Raichur,2025-08-05,A-,2,True,Monsoon peak flood-risk weeks
USG006471,FAC032,Raichur,2025-08-07,A-,3,False,
USG006472,FAC032,Raichur,2025-08-08,A+,1,False,
USG006473,FAC032,Raichur,2025-08-08,AB-,3,False,
USG006474,FAC032,Raichur,2025-08-09,O+,3,False,
USG006475,FAC032,Raichur,2025-08-10,O+,3,False,
USG006476,FAC032,Raichur,2025-08-14,AB+,1,False,
USG006477,FAC032,Raichur,2025-08-18,O+,3,False,
USG006478,FAC032,Raichur,2025-08-19,O+,3,False,
USG006479,FAC032,Raichur,2025-08-19,A+,3,False,
USG006480,FAC032,Raichur,2025-08-25,O+,3,False,
USG006481,FAC032,Raichur,2025-08-25,B+,2,False,
USG006482,FAC032,Raichur,2025-08-31,O+,2,False,
USG006483,FAC032,Raichur,2025-08-31,B+,3,False,
USG006484,FAC032,Raichur,2025-09-05,B+,3,False,
USG006485,FAC032,Raichur,2025-09-10,B+,1,False,
USG006486,FAC032,Raichur,2025-09-18,A+,4,True,Festival travel peak (Dasara)
USG006487,FAC032,Raichur,2025-09-21,A+,5,True,Festival travel peak (Dasara)
USG006488,FAC032,Raichur,2025-09-22,AB+,2,True,Festival travel peak (Dasara)
USG006489,FAC032,Raichur,2025-09-22,A-,2,True,Festival travel peak (Dasara)
USG006490,FAC032,Raichur,2025-09-25,AB-,5,True,Festival travel peak (Dasara)
USG006491,FAC032,Raichur,2025-09-26,AB+,3,True,Festival travel peak (Dasara)
USG006492,FAC032,Raichur,2025-09-28,A+,2,True,Festival travel peak (Dasara)
USG006493,FAC032,Raichur,2025-10-02,O+,5,True,Festival travel peak (Dasara)
USG006494,FAC032,Raichur,2025-10-05,AB+,1,True,Festival travel peak (Dasara)
USG006495,FAC032,Raichur,2025-10-05,A-,3,True,Festival travel peak (Dasara)
USG006496,FAC032,Raichur,2025-10-06,B+,4,True,Festival travel peak (Dasara)
USG006497,FAC032,Raichur,2025-10-07,B+,4,True,Festival travel peak (Dasara)
USG006498,FAC032,Raichur,2025-10-10,AB-,3,True,Festival travel peak (Dasara)
USG006499,FAC032,Raichur,2025-10-12,AB-,1,False,
USG006500,FAC032,Raichur,2025-10-20,B+,2,False,
USG006501,FAC032,Raichur,2025-10-24,O+,3,False,
USG006502,FAC032,Raichur,2025-10-24,B+,1,False,
USG006503,FAC032,Raichur,2025-10-31,O+,1,False,
USG006504,FAC032,Raichur,2025-11-03,O+,3,False,
USG006505,FAC032,Raichur,2025-11-06,A-,1,False,
USG006506,FAC032,Raichur,2025-11-10,O+,2,False,
USG006507,FAC032,Raichur,2025-11-10,A+,1,False,
USG006508,FAC032,Raichur,2025-11-12,B+,1,False,
USG006509,FAC032,Raichur,2025-11-12,A+,3,False,
USG006510,FAC032,Raichur,2025-11-20,A+,3,False,
USG006511,FAC032,Raichur,2025-12-02,B+,1,False,
USG006512,FAC032,Raichur,2025-12-03,AB+,1,False,
USG006513,FAC032,Raichur,2025-12-04,A+,1,False,
USG006514,FAC032,Raichur,2025-12-06,O+,2,False,
USG006515,FAC032,Raichur,2025-12-08,AB+,1,False,
USG006516,FAC032,Raichur,2025-12-12,B+,3,False,
USG006517,FAC032,Raichur,2025-12-15,B+,1,False,
USG006518,FAC032,Raichur,2025-12-19,B+,1,False,
USG006519,FAC032,Raichur,2025-12-19,AB-,3,False,
USG006520,FAC032,Raichur,2025-12-28,B+,3,False,
USG006521,FAC032,Raichur,2026-01-01,A-,4,True,New Year travel period
USG006522,FAC032,Raichur,2026-01-06,B+,1,False,
USG006523,FAC032,Raichur,2026-01-15,O+,1,False,
USG006524,FAC032,Raichur,2026-01-17,O+,1,False,
USG006525,FAC032,Raichur,2026-01-20,A+,2,False,
USG006526,FAC032,Raichur,2026-01-25,AB-,2,False,
USG006527,FAC032,Raichur,2026-01-26,B+,3,False,
USG006528,FAC032,Raichur,2026-01-28,B+,3,False,
USG006529,FAC032,Raichur,2026-02-05,A+,3,False,
USG006530,FAC032,Raichur,2026-02-06,A+,1,False,
USG006531,FAC032,Raichur,2026-02-10,B+,3,False,
USG006532,FAC032,Raichur,2026-02-20,O+,2,False,
USG006533,FAC032,Raichur,2026-02-22,B+,1,False,
USG006534,FAC032,Raichur,2026-02-25,B+,3,False,
USG006535,FAC032,Raichur,2026-03-03,A+,1,False,
USG006536,FAC032,Raichur,2026-03-07,A+,2,False,
USG006537,FAC032,Raichur,2026-03-08,A-,2,False,
USG006538,FAC032,Raichur,2026-03-16,O+,1,False,
USG006539,FAC032,Raichur,2026-03-16,AB+,2,False,
USG006540,FAC032,Raichur,2026-03-17,A+,3,False,
USG006541,FAC032,Raichur,2026-03-18,O+,3,False,
USG006542,FAC032,Raichur,2026-03-20,AB+,2,False,
USG006543,FAC032,Raichur,2026-03-22,A+,1,False,
USG006544,FAC032,Raichur,2026-03-23,O+,1,False,
USG006545,FAC032,Raichur,2026-03-27,A+,3,False,
USG006546,FAC032,Raichur,2026-04-03,O+,2,False,
USG006547,FAC032,Raichur,2026-04-09,A-,2,False,
USG006548,FAC032,Raichur,2026-04-13,B+,3,False,
USG006549,FAC032,Raichur,2026-04-13,AB+,1,False,
USG006550,FAC032,Raichur,2026-04-18,O+,1,False,
USG006551,FAC032,Raichur,2026-04-23,AB-,3,True,Local incident spike
USG006552,FAC032,Raichur,2026-04-25,O+,1,False,
USG006553,FAC032,Raichur,2026-05-03,O+,1,False,
USG006554,FAC032,Raichur,2026-05-04,O+,3,False,
USG006555,FAC032,Raichur,2026-05-05,O+,1,False,
USG006556,FAC032,Raichur,2026-05-07,B+,2,False,
USG006557,FAC032,Raichur,2026-05-16,AB+,1,False,
USG006558,FAC032,Raichur,2026-05-16,AB-,1,False,
USG006559,FAC032,Raichur,2026-05-17,A+,2,False,
USG006560,FAC032,Raichur,2026-05-17,AB+,2,False,
USG006561,FAC032,Raichur,2026-05-21,O+,3,False,
USG006562,FAC032,Raichur,2026-05-24,B+,2,False,
USG006563,FAC032,Raichur,2026-05-24,A+,2,False,
USG006564,FAC032,Raichur,2026-05-24,AB-,1,False,
USG006565,FAC032,Raichur,2026-05-29,O+,1,False,
USG006566,FAC032,Raichur,2026-05-29,A-,1,False,
USG006567,FAC032,Raichur,2026-06-04,O+,2,False,
USG006568,FAC032,Raichur,2026-06-07,B+,3,False,
USG006569,FAC032,Raichur,2026-06-11,A+,3,False,
USG006570,FAC032,Raichur,2026-06-12,O+,1,False,
USG006571,FAC032,Raichur,2026-06-16,B+,1,False,
USG006572,FAC032,Raichur,2026-06-17,O+,1,False,
USG006573,FAC032,Raichur,2026-06-18,O+,3,False,
USG006574,FAC032,Raichur,2026-06-22,B+,1,False,
USG006575,FAC032,Raichur,2026-06-22,A+,3,False,
USG006576,FAC032,Raichur,2026-06-25,B+,2,False,
USG006577,FAC032,Raichur,2026-06-26,AB-,2,False,
USG006578,FAC032,Raichur,2026-06-27,O+,3,False,
USG006579,FAC032,Raichur,2026-07-06,O+,3,False,
USG006580,FAC032,Raichur,2026-07-08,B+,1,False,
USG006581,FAC032,Raichur,2026-07-12,B+,2,False,
USG006582,FAC032,Raichur,2026-07-15,O+,2,True,Monsoon peak flood-risk weeks
USG006583,FAC032,Raichur,2026-07-15,B+,5,True,Monsoon peak flood-risk weeks
USG006584,FAC032,Raichur,2026-07-19,A-,4,True,Monsoon peak flood-risk weeks
USG006585,FAC032,Raichur,2026-07-21,O+,3,True,Monsoon peak flood-risk weeks
USG006586,FAC032,Raichur,2026-07-21,A+,1,True,Monsoon peak flood-risk weeks
USG006587,FAC032,Raichur,2026-07-26,B+,3,True,Monsoon peak flood-risk weeks
USG006588,FAC032,Raichur,2026-08-01,B+,3,True,Monsoon peak flood-risk weeks
USG006589,FAC033,Raichur,2025-08-02,O+,2,True,Monsoon peak flood-risk weeks
USG006590,FAC033,Raichur,2025-08-02,AB-,3,True,Monsoon peak flood-risk weeks
USG006591,FAC033,Raichur,2025-08-03,B-,5,True,Monsoon peak flood-risk weeks
USG006592,FAC033,Raichur,2025-08-11,B+,2,False,
USG006593,FAC033,Raichur,2025-08-14,O+,1,False,
USG006594,FAC033,Raichur,2025-08-16,O-,3,False,
USG006595,FAC033,Raichur,2025-08-17,O+,1,False,
USG006596,FAC033,Raichur,2025-08-17,B-,1,False,
USG006597,FAC033,Raichur,2025-08-18,O+,3,False,
USG006598,FAC033,Raichur,2025-08-22,B+,1,False,
USG006599,FAC033,Raichur,2025-08-24,B-,3,False,
USG006600,FAC033,Raichur,2025-08-26,AB-,2,False,
USG006601,FAC033,Raichur,2025-08-30,O+,3,False,
USG006602,FAC033,Raichur,2025-09-06,O+,3,False,
USG006603,FAC033,Raichur,2025-09-08,O+,1,False,
USG006604,FAC033,Raichur,2025-09-10,O+,1,False,
USG006605,FAC033,Raichur,2025-09-11,O+,1,False,
USG006606,FAC033,Raichur,2025-09-13,AB-,2,False,
USG006607,FAC033,Raichur,2025-09-15,A+,3,False,
USG006608,FAC033,Raichur,2025-09-15,B-,2,False,
USG006609,FAC033,Raichur,2025-09-16,O+,4,True,Festival travel peak (Dasara)
USG006610,FAC033,Raichur,2025-09-19,B+,2,True,Festival travel peak (Dasara)
USG006611,FAC033,Raichur,2025-09-21,A+,3,True,Festival travel peak (Dasara)
USG006612,FAC033,Raichur,2025-09-23,O+,4,True,Festival travel peak (Dasara)
USG006613,FAC033,Raichur,2025-09-23,B+,1,True,Festival travel peak (Dasara)
USG006614,FAC033,Raichur,2025-09-24,A+,5,True,Festival travel peak (Dasara)
USG006615,FAC033,Raichur,2025-09-25,O+,2,True,Festival travel peak (Dasara)
USG006616,FAC033,Raichur,2025-09-25,O-,5,True,Festival travel peak (Dasara)
USG006617,FAC033,Raichur,2025-09-28,O+,3,True,Festival travel peak (Dasara)
USG006618,FAC033,Raichur,2025-09-28,AB+,4,True,Festival travel peak (Dasara)
USG006619,FAC033,Raichur,2025-10-01,B+,1,True,Festival travel peak (Dasara)
USG006620,FAC033,Raichur,2025-10-02,B+,3,True,Festival travel peak (Dasara)
USG006621,FAC033,Raichur,2025-10-04,O+,2,True,Festival travel peak (Dasara)
USG006622,FAC033,Raichur,2025-10-05,O+,2,True,Festival travel peak (Dasara)
USG006623,FAC033,Raichur,2025-10-07,A+,3,True,Festival travel peak (Dasara)
USG006624,FAC033,Raichur,2025-10-08,B-,3,True,Festival travel peak (Dasara)
USG006625,FAC033,Raichur,2025-10-10,B+,3,True,Festival travel peak (Dasara)
USG006626,FAC033,Raichur,2025-10-10,A+,2,True,Festival travel peak (Dasara)
USG006627,FAC033,Raichur,2025-10-11,O+,2,False,
USG006628,FAC033,Raichur,2025-10-16,A+,2,False,
USG006629,FAC033,Raichur,2025-10-16,B-,1,False,
USG006630,FAC033,Raichur,2025-10-20,B-,1,False,
USG006631,FAC033,Raichur,2025-10-25,B+,2,False,
USG006632,FAC033,Raichur,2025-10-28,O+,3,False,
USG006633,FAC033,Raichur,2025-10-28,O-,1,False,
USG006634,FAC033,Raichur,2025-10-29,AB+,3,False,
USG006635,FAC033,Raichur,2025-11-12,O+,1,False,
USG006636,FAC033,Raichur,2025-11-12,AB+,1,False,
USG006637,FAC033,Raichur,2025-11-21,B+,2,False,
USG006638,FAC033,Raichur,2025-11-23,B+,1,False,
USG006639,FAC033,Raichur,2025-11-26,O+,2,False,
USG006640,FAC033,Raichur,2025-12-06,B+,3,False,
USG006641,FAC033,Raichur,2025-12-06,O-,3,False,
USG006642,FAC033,Raichur,2025-12-07,B-,2,False,
USG006643,FAC033,Raichur,2025-12-09,A+,2,False,
USG006644,FAC033,Raichur,2025-12-09,O-,3,False,
USG006645,FAC033,Raichur,2025-12-14,AB-,3,False,
USG006646,FAC033,Raichur,2025-12-19,B+,3,False,
USG006647,FAC033,Raichur,2025-12-19,AB+,2,False,
USG006648,FAC033,Raichur,2025-12-20,AB+,3,False,
USG006649,FAC033,Raichur,2025-12-23,B+,3,False,
USG006650,FAC033,Raichur,2025-12-27,B+,1,False,
USG006651,FAC033,Raichur,2025-12-30,B+,3,True,New Year travel period
USG006652,FAC033,Raichur,2026-01-01,AB-,5,True,New Year travel period
USG006653,FAC033,Raichur,2026-01-04,O-,2,False,
USG006654,FAC033,Raichur,2026-01-05,AB+,1,False,
USG006655,FAC033,Raichur,2026-01-09,A+,1,False,
USG006656,FAC033,Raichur,2026-01-11,O+,3,False,
USG006657,FAC033,Raichur,2026-01-13,O+,3,False,
USG006658,FAC033,Raichur,2026-01-14,O-,1,False,
USG006659,FAC033,Raichur,2026-01-20,B+,3,False,
USG006660,FAC033,Raichur,2026-01-23,AB-,3,False,
USG006661,FAC033,Raichur,2026-01-24,B+,1,False,
USG006662,FAC033,Raichur,2026-01-26,A+,1,False,
USG006663,FAC033,Raichur,2026-01-27,O+,3,False,
USG006664,FAC033,Raichur,2026-01-27,A+,3,False,
USG006665,FAC033,Raichur,2026-01-28,O+,1,False,
USG006666,FAC033,Raichur,2026-01-30,O+,2,False,
USG006667,FAC033,Raichur,2026-01-31,O+,3,False,
USG006668,FAC033,Raichur,2026-01-31,B+,3,False,
USG006669,FAC033,Raichur,2026-02-05,A+,1,False,
USG006670,FAC033,Raichur,2026-02-06,O+,1,False,
USG006671,FAC033,Raichur,2026-02-06,AB+,3,False,
USG006672,FAC033,Raichur,2026-02-14,B+,2,False,
USG006673,FAC033,Raichur,2026-02-16,O+,3,False,
USG006674,FAC033,Raichur,2026-02-20,AB+,3,False,
USG006675,FAC033,Raichur,2026-02-21,O+,2,False,
USG006676,FAC033,Raichur,2026-02-22,A+,3,False,
USG006677,FAC033,Raichur,2026-02-23,B+,2,False,
USG006678,FAC033,Raichur,2026-02-27,A+,3,False,
USG006679,FAC033,Raichur,2026-02-28,B+,3,False,
USG006680,FAC033,Raichur,2026-03-03,O+,2,False,
USG006681,FAC033,Raichur,2026-03-03,A+,2,False,
USG006682,FAC033,Raichur,2026-03-05,A+,2,False,
USG006683,FAC033,Raichur,2026-03-06,B+,2,False,
USG006684,FAC033,Raichur,2026-03-11,B+,2,True,Local incident spike
USG006685,FAC033,Raichur,2026-03-11,AB+,3,True,Local incident spike
USG006686,FAC033,Raichur,2026-03-17,B+,2,False,
USG006687,FAC033,Raichur,2026-03-17,A+,2,False,
USG006688,FAC033,Raichur,2026-03-26,O-,1,False,
USG006689,FAC033,Raichur,2026-03-27,AB+,2,False,
USG006690,FAC033,Raichur,2026-03-31,O+,3,False,
USG006691,FAC033,Raichur,2026-03-31,AB+,2,False,
USG006692,FAC033,Raichur,2026-04-03,B+,2,False,
USG006693,FAC033,Raichur,2026-04-05,B+,3,False,
USG006694,FAC033,Raichur,2026-04-11,O+,2,False,
USG006695,FAC033,Raichur,2026-04-14,AB+,3,False,
USG006696,FAC033,Raichur,2026-04-14,O-,2,False,
USG006697,FAC033,Raichur,2026-04-15,AB+,3,False,
USG006698,FAC033,Raichur,2026-04-15,B-,1,False,
USG006699,FAC033,Raichur,2026-04-17,B+,2,False,
USG006700,FAC033,Raichur,2026-04-18,O+,2,False,
USG006701,FAC033,Raichur,2026-04-22,O+,1,False,
USG006702,FAC033,Raichur,2026-04-26,AB+,3,False,
USG006703,FAC033,Raichur,2026-05-01,A+,3,False,
USG006704,FAC033,Raichur,2026-05-02,AB+,3,False,
USG006705,FAC033,Raichur,2026-05-06,O+,2,False,
USG006706,FAC033,Raichur,2026-05-07,B+,1,False,
USG006707,FAC033,Raichur,2026-05-08,B-,1,False,
USG006708,FAC033,Raichur,2026-05-14,O-,1,False,
USG006709,FAC033,Raichur,2026-05-16,O+,2,False,
USG006710,FAC033,Raichur,2026-05-23,O+,2,False,
USG006711,FAC033,Raichur,2026-05-25,O+,1,False,
USG006712,FAC033,Raichur,2026-05-30,B+,1,False,
USG006713,FAC033,Raichur,2026-06-01,AB+,3,False,
USG006714,FAC033,Raichur,2026-06-07,B+,3,False,
USG006715,FAC033,Raichur,2026-06-08,B+,1,False,
USG006716,FAC033,Raichur,2026-06-10,O+,1,False,
USG006717,FAC033,Raichur,2026-06-11,A+,1,False,
USG006718,FAC033,Raichur,2026-06-15,A+,2,False,
USG006719,FAC033,Raichur,2026-06-16,B+,2,False,
USG006720,FAC033,Raichur,2026-06-18,B+,3,False,
USG006721,FAC033,Raichur,2026-06-18,AB+,3,False,
USG006722,FAC033,Raichur,2026-06-21,A+,2,False,
USG006723,FAC033,Raichur,2026-06-22,O+,3,False,
USG006724,FAC033,Raichur,2026-06-22,O-,1,False,
USG006725,FAC033,Raichur,2026-06-23,A+,2,False,
USG006726,FAC033,Raichur,2026-06-23,AB+,3,False,
USG006727,FAC033,Raichur,2026-06-25,O+,1,False,
USG006728,FAC033,Raichur,2026-06-26,A+,2,False,
USG006729,FAC033,Raichur,2026-06-30,O+,3,False,
USG006730,FAC033,Raichur,2026-06-30,B+,2,False,
USG006731,FAC033,Raichur,2026-06-30,AB-,2,False,
USG006732,FAC033,Raichur,2026-07-02,B+,1,False,
USG006733,FAC033,Raichur,2026-07-03,B+,1,False,
USG006734,FAC033,Raichur,2026-07-06,O+,3,False,
USG006735,FAC033,Raichur,2026-07-06,AB+,2,False,
USG006736,FAC033,Raichur,2026-07-11,B+,1,False,
USG006737,FAC033,Raichur,2026-07-17,A+,5,True,Monsoon peak flood-risk weeks
USG006738,FAC033,Raichur,2026-07-19,B+,5,True,Monsoon peak flood-risk weeks
USG006739,FAC033,Raichur,2026-07-19,A+,5,True,Monsoon peak flood-risk weeks
USG006740,FAC033,Raichur,2026-07-19,AB+,2,True,Monsoon peak flood-risk weeks
USG006741,FAC033,Raichur,2026-07-20,O+,2,True,Monsoon peak flood-risk weeks
USG006742,FAC033,Raichur,2026-07-22,O+,2,True,Monsoon peak flood-risk weeks
USG006743,FAC033,Raichur,2026-07-23,O+,2,True,Monsoon peak flood-risk weeks
USG006744,FAC033,Raichur,2026-07-24,B+,4,True,Monsoon peak flood-risk weeks
USG006745,FAC033,Raichur,2026-07-25,A+,3,True,Monsoon peak flood-risk weeks
USG006746,FAC033,Raichur,2026-07-25,O-,4,True,Monsoon peak flood-risk weeks
USG006747,FAC033,Raichur,2026-07-26,B+,2,True,Monsoon peak flood-risk weeks
USG006748,FAC033,Raichur,2026-07-27,O+,5,True,Monsoon peak flood-risk weeks
USG006749,FAC033,Raichur,2026-07-29,O+,4,True,Monsoon peak flood-risk weeks
USG006750,FAC033,Raichur,2026-07-31,O+,2,True,Monsoon peak flood-risk weeks
USG006751,FAC033,Raichur,2026-07-31,B+,3,True,Monsoon peak flood-risk weeks
USG006752,FAC033,Raichur,2026-08-01,O+,5,True,Monsoon peak flood-risk weeks
USG006753,FAC034,Raichur,2025-08-12,A+,2,False,
USG006754,FAC034,Raichur,2025-08-16,B+,2,False,
USG006755,FAC034,Raichur,2025-08-16,O-,1,False,
USG006756,FAC034,Raichur,2025-08-18,O+,2,False,
USG006757,FAC034,Raichur,2025-09-04,O+,2,False,
USG006758,FAC034,Raichur,2025-09-18,O-,2,True,Festival travel peak (Dasara)
USG006759,FAC034,Raichur,2025-09-22,O-,3,True,Festival travel peak (Dasara)
USG006760,FAC034,Raichur,2025-10-10,O+,2,True,Festival travel peak (Dasara)
USG006761,FAC034,Raichur,2025-10-11,A+,2,False,
USG006762,FAC034,Raichur,2025-10-13,B+,2,False,
USG006763,FAC034,Raichur,2025-11-01,O+,2,False,
USG006764,FAC034,Raichur,2025-12-06,O+,2,False,
USG006765,FAC034,Raichur,2025-12-16,B+,2,False,
USG006766,FAC034,Raichur,2025-12-24,B+,1,False,
USG006767,FAC034,Raichur,2025-12-24,O+,1,False,
USG006768,FAC034,Raichur,2026-01-20,A+,2,False,
USG006769,FAC034,Raichur,2026-01-20,B+,2,False,
USG006770,FAC034,Raichur,2026-01-28,A+,2,False,
USG006771,FAC034,Raichur,2026-01-30,B+,2,False,
USG006772,FAC034,Raichur,2026-02-12,O+,2,False,
USG006773,FAC034,Raichur,2026-02-16,A+,2,False,
USG006774,FAC034,Raichur,2026-02-24,O+,1,False,
USG006775,FAC034,Raichur,2026-03-04,O+,2,False,
USG006776,FAC034,Raichur,2026-03-06,O+,1,False,
USG006777,FAC034,Raichur,2026-03-08,O-,1,False,
USG006778,FAC034,Raichur,2026-04-29,O+,1,False,
USG006779,FAC034,Raichur,2026-05-04,O+,2,False,
USG006780,FAC034,Raichur,2026-05-14,O+,1,False,
USG006781,FAC034,Raichur,2026-05-20,O+,2,False,
USG006782,FAC034,Raichur,2026-05-28,B+,2,False,
USG006783,FAC034,Raichur,2026-06-04,A+,2,False,
USG006784,FAC034,Raichur,2026-06-29,A+,2,False,
USG006785,FAC034,Raichur,2026-07-01,B+,2,False,
USG006786,FAC034,Raichur,2026-07-08,B+,3,True,Local incident spike
USG006787,FAC034,Raichur,2026-07-09,B+,1,False,
USG006788,FAC035,Raichur,2025-08-07,A+,1,False,
USG006789,FAC035,Raichur,2025-08-15,O-,1,False,
USG006790,FAC035,Raichur,2025-08-20,A+,2,False,
USG006791,FAC035,Raichur,2025-09-14,A+,1,False,
USG006792,FAC035,Raichur,2025-09-18,O+,4,True,Festival travel peak (Dasara)
USG006793,FAC035,Raichur,2025-09-25,B+,1,True,Festival travel peak (Dasara)
USG006794,FAC035,Raichur,2025-10-04,O+,3,True,Festival travel peak (Dasara)
USG006795,FAC035,Raichur,2025-10-13,O+,1,True,Local incident spike
USG006796,FAC035,Raichur,2025-10-16,O+,1,False,
USG006797,FAC035,Raichur,2025-10-22,A+,2,False,
USG006798,FAC035,Raichur,2025-10-26,B+,2,False,
USG006799,FAC035,Raichur,2025-11-11,B+,1,False,
USG006800,FAC035,Raichur,2025-11-16,B+,1,False,
USG006801,FAC035,Raichur,2025-11-18,O+,2,False,
USG006802,FAC035,Raichur,2025-11-29,A+,2,False,
USG006803,FAC035,Raichur,2025-12-04,B+,1,False,
USG006804,FAC035,Raichur,2025-12-06,A+,2,False,
USG006805,FAC035,Raichur,2025-12-06,O+,2,False,
USG006806,FAC035,Raichur,2025-12-11,A+,1,False,
USG006807,FAC035,Raichur,2025-12-12,O+,1,False,
USG006808,FAC035,Raichur,2026-01-01,B+,2,True,New Year travel period
USG006809,FAC035,Raichur,2026-01-03,A+,1,False,
USG006810,FAC035,Raichur,2026-01-16,O+,1,False,
USG006811,FAC035,Raichur,2026-01-29,A+,1,False,
USG006812,FAC035,Raichur,2026-01-29,O-,2,False,
USG006813,FAC035,Raichur,2026-02-12,A+,1,False,
USG006814,FAC035,Raichur,2026-02-19,O+,1,False,
USG006815,FAC035,Raichur,2026-02-22,B+,2,False,
USG006816,FAC035,Raichur,2026-03-05,A+,2,False,
USG006817,FAC035,Raichur,2026-03-10,B+,1,False,
USG006818,FAC035,Raichur,2026-03-20,A+,1,False,
USG006819,FAC035,Raichur,2026-04-20,B+,2,False,
USG006820,FAC035,Raichur,2026-04-22,B+,2,False,
USG006821,FAC035,Raichur,2026-05-09,O+,2,False,
USG006822,FAC035,Raichur,2026-05-20,O+,2,False,
USG006823,FAC035,Raichur,2026-06-02,B+,2,False,
USG006824,FAC035,Raichur,2026-06-30,B+,2,False,
USG006825,FAC035,Raichur,2026-07-12,B+,1,False,
USG006826,FAC035,Raichur,2026-07-16,A+,2,True,Monsoon peak flood-risk weeks
USG006827,FAC035,Raichur,2026-07-19,A+,3,True,Monsoon peak flood-risk weeks
USG006828,FAC035,Raichur,2026-07-28,A+,4,True,Monsoon peak flood-risk weeks
USG006829,FAC036,Raichur,2025-08-04,B+,3,True,Monsoon peak flood-risk weeks
USG006830,FAC036,Raichur,2025-08-07,O-,1,False,
USG006831,FAC036,Raichur,2025-08-10,B+,2,False,
USG006832,FAC036,Raichur,2025-08-15,A+,2,False,
USG006833,FAC036,Raichur,2025-08-19,A+,1,False,
USG006834,FAC036,Raichur,2025-08-23,A+,1,True,Local incident spike
USG006835,FAC036,Raichur,2025-08-31,O+,1,False,
USG006836,FAC036,Raichur,2025-09-01,B+,1,False,
USG006837,FAC036,Raichur,2025-09-07,O+,2,False,
USG006838,FAC036,Raichur,2025-09-27,O+,3,True,Festival travel peak (Dasara)
USG006839,FAC036,Raichur,2025-10-05,B+,3,True,Festival travel peak (Dasara)
USG006840,FAC036,Raichur,2025-10-07,A+,3,True,Festival travel peak (Dasara)
USG006841,FAC036,Raichur,2025-10-19,B+,1,False,
USG006842,FAC036,Raichur,2025-11-24,O+,1,False,
USG006843,FAC036,Raichur,2025-11-26,O+,2,False,
USG006844,FAC036,Raichur,2025-12-08,B+,2,False,
USG006845,FAC036,Raichur,2026-01-03,A+,2,False,
USG006846,FAC036,Raichur,2026-01-06,O-,2,False,
USG006847,FAC036,Raichur,2026-01-07,O+,2,False,
USG006848,FAC036,Raichur,2026-01-11,O+,2,False,
USG006849,FAC036,Raichur,2026-02-02,B+,1,False,
USG006850,FAC036,Raichur,2026-02-13,A+,1,False,
USG006851,FAC036,Raichur,2026-03-02,O-,1,False,
USG006852,FAC036,Raichur,2026-03-06,B+,2,False,
USG006853,FAC036,Raichur,2026-03-17,O+,2,False,
USG006854,FAC036,Raichur,2026-04-06,A+,2,True,Local incident spike
USG006855,FAC036,Raichur,2026-04-13,B+,2,False,
USG006856,FAC036,Raichur,2026-04-27,B+,2,False,
USG006857,FAC036,Raichur,2026-04-28,A+,2,False,
USG006858,FAC036,Raichur,2026-05-05,O+,1,False,
USG006859,FAC036,Raichur,2026-05-06,B+,2,False,
USG006860,FAC036,Raichur,2026-05-15,O+,2,False,
USG006861,FAC036,Raichur,2026-05-18,O-,2,False,
USG006862,FAC036,Raichur,2026-05-21,A+,1,False,
USG006863,FAC036,Raichur,2026-05-28,O+,1,False,
USG006864,FAC036,Raichur,2026-06-11,A+,2,False,
USG006865,FAC036,Raichur,2026-07-11,B+,2,False,
USG006866,FAC036,Raichur,2026-07-13,A+,2,False,
USG006867,FAC036,Raichur,2026-07-27,O+,3,True,Monsoon peak flood-risk weeks
USG006868,FAC037,Davangere,2025-08-02,A+,3,True,Monsoon peak flood-risk weeks
USG006869,FAC037,Davangere,2025-08-02,B-,3,True,Monsoon peak flood-risk weeks
USG006870,FAC037,Davangere,2025-08-04,O+,7,True,Monsoon peak flood-risk weeks
USG006871,FAC037,Davangere,2025-08-04,O-,5,True,Monsoon peak flood-risk weeks
USG006872,FAC037,Davangere,2025-08-04,AB-,7,True,Monsoon peak flood-risk weeks
USG006873,FAC037,Davangere,2025-08-05,O+,2,True,Monsoon peak flood-risk weeks
USG006874,FAC037,Davangere,2025-08-07,A-,3,False,
USG006875,FAC037,Davangere,2025-08-09,B+,1,False,
USG006876,FAC037,Davangere,2025-08-09,AB-,3,False,
USG006877,FAC037,Davangere,2025-08-10,O+,2,False,
USG006878,FAC037,Davangere,2025-08-10,B+,4,False,
USG006879,FAC037,Davangere,2025-08-10,O-,1,False,
USG006880,FAC037,Davangere,2025-08-11,O+,4,False,
USG006881,FAC037,Davangere,2025-08-12,AB+,3,False,
USG006882,FAC037,Davangere,2025-08-13,A+,3,False,
USG006883,FAC037,Davangere,2025-08-14,A+,1,False,
USG006884,FAC037,Davangere,2025-08-15,A-,3,False,
USG006885,FAC037,Davangere,2025-08-16,B+,1,False,
USG006886,FAC037,Davangere,2025-08-19,B-,2,False,
USG006887,FAC037,Davangere,2025-08-21,B+,4,False,
USG006888,FAC037,Davangere,2025-08-21,O-,2,False,
USG006889,FAC037,Davangere,2025-08-22,O+,1,False,
USG006890,FAC037,Davangere,2025-08-22,A+,4,False,
USG006891,FAC037,Davangere,2025-08-24,B+,4,False,
USG006892,FAC037,Davangere,2025-08-25,B+,2,False,
USG006893,FAC037,Davangere,2025-08-26,A+,2,False,
USG006894,FAC037,Davangere,2025-08-27,AB+,3,False,
USG006895,FAC037,Davangere,2025-08-28,B+,2,False,
USG006896,FAC037,Davangere,2025-08-29,B+,4,False,
USG006897,FAC037,Davangere,2025-08-30,AB+,3,False,
USG006898,FAC037,Davangere,2025-08-31,B+,4,False,
USG006899,FAC037,Davangere,2025-08-31,AB+,1,False,
USG006900,FAC037,Davangere,2025-09-01,A+,3,False,
USG006901,FAC037,Davangere,2025-09-02,O+,3,False,
USG006902,FAC037,Davangere,2025-09-02,A+,1,False,
USG006903,FAC037,Davangere,2025-09-05,AB+,2,False,
USG006904,FAC037,Davangere,2025-09-07,O+,2,False,
USG006905,FAC037,Davangere,2025-09-07,B+,3,False,
USG006906,FAC037,Davangere,2025-09-08,B+,2,False,
USG006907,FAC037,Davangere,2025-09-08,A+,2,False,
USG006908,FAC037,Davangere,2025-09-08,O-,4,False,
USG006909,FAC037,Davangere,2025-09-08,A-,3,False,
USG006910,FAC037,Davangere,2025-09-11,O+,3,False,
USG006911,FAC037,Davangere,2025-09-11,A-,2,False,
USG006912,FAC037,Davangere,2025-09-14,A+,1,False,
USG006913,FAC037,Davangere,2025-09-15,O+,3,False,
USG006914,FAC037,Davangere,2025-09-16,O+,6,True,Festival travel peak (Dasara)
USG006915,FAC037,Davangere,2025-09-16,B+,2,True,Festival travel peak (Dasara)
USG006916,FAC037,Davangere,2025-09-17,A+,3,True,Festival travel peak (Dasara)
USG006917,FAC037,Davangere,2025-09-17,AB-,3,True,Festival travel peak (Dasara)
USG006918,FAC037,Davangere,2025-09-18,B+,3,True,Festival travel peak (Dasara)
USG006919,FAC037,Davangere,2025-09-18,AB-,5,True,Festival travel peak (Dasara)
USG006920,FAC037,Davangere,2025-09-19,B+,7,True,Festival travel peak (Dasara)
USG006921,FAC037,Davangere,2025-09-19,AB-,3,True,Festival travel peak (Dasara)
USG006922,FAC037,Davangere,2025-09-20,A+,6,True,Festival travel peak (Dasara)
USG006923,FAC037,Davangere,2025-09-20,O-,3,True,Festival travel peak (Dasara)
USG006924,FAC037,Davangere,2025-09-21,B+,4,True,Festival travel peak (Dasara)
USG006925,FAC037,Davangere,2025-09-22,O-,3,True,Festival travel peak (Dasara)
USG006926,FAC037,Davangere,2025-09-23,O+,2,True,Festival travel peak (Dasara)
USG006927,FAC037,Davangere,2025-09-24,AB-,5,True,Festival travel peak (Dasara)
USG006928,FAC037,Davangere,2025-09-25,O+,2,True,Festival travel peak (Dasara)
USG006929,FAC037,Davangere,2025-09-25,A+,4,True,Festival travel peak (Dasara)
USG006930,FAC037,Davangere,2025-09-25,O-,1,True,Festival travel peak (Dasara)
USG006931,FAC037,Davangere,2025-09-25,AB-,3,True,Festival travel peak (Dasara)
USG006932,FAC037,Davangere,2025-09-26,O+,3,True,Festival travel peak (Dasara)
USG006933,FAC037,Davangere,2025-09-27,B+,3,True,Festival travel peak (Dasara)
USG006934,FAC037,Davangere,2025-09-27,O-,1,True,Festival travel peak (Dasara)
USG006935,FAC037,Davangere,2025-09-27,B-,2,True,Festival travel peak (Dasara)
USG006936,FAC037,Davangere,2025-09-28,O+,7,True,Festival travel peak (Dasara)
USG006937,FAC037,Davangere,2025-09-28,B+,5,True,Festival travel peak (Dasara)
USG006938,FAC037,Davangere,2025-09-28,AB+,5,True,Festival travel peak (Dasara)
USG006939,FAC037,Davangere,2025-09-29,B+,2,True,Festival travel peak (Dasara)
USG006940,FAC037,Davangere,2025-09-29,A-,3,True,Festival travel peak (Dasara)
USG006941,FAC037,Davangere,2025-09-30,B+,3,True,Festival travel peak (Dasara)
USG006942,FAC037,Davangere,2025-09-30,AB+,2,True,Festival travel peak (Dasara)
USG006943,FAC037,Davangere,2025-09-30,AB-,3,True,Festival travel peak (Dasara)
USG006944,FAC037,Davangere,2025-10-02,A+,7,True,Festival travel peak (Dasara)
USG006945,FAC037,Davangere,2025-10-05,A+,4,True,Festival travel peak (Dasara)
USG006946,FAC037,Davangere,2025-10-06,O+,2,True,Festival travel peak (Dasara)
USG006947,FAC037,Davangere,2025-10-07,B+,2,True,Festival travel peak (Dasara)
USG006948,FAC037,Davangere,2025-10-08,O+,4,True,Festival travel peak (Dasara)
USG006949,FAC037,Davangere,2025-10-08,B+,2,True,Festival travel peak (Dasara)
USG006950,FAC037,Davangere,2025-10-08,O-,2,True,Festival travel peak (Dasara)
USG006951,FAC037,Davangere,2025-10-10,B+,6,True,Festival travel peak (Dasara)
USG006952,FAC037,Davangere,2025-10-10,B-,3,True,Festival travel peak (Dasara)
USG006953,FAC037,Davangere,2025-10-10,AB-,4,True,Festival travel peak (Dasara)
USG006954,FAC037,Davangere,2025-10-11,O+,3,False,
USG006955,FAC037,Davangere,2025-10-13,O+,3,False,
USG006956,FAC037,Davangere,2025-10-13,A+,2,False,
USG006957,FAC037,Davangere,2025-10-14,O+,1,False,
USG006958,FAC037,Davangere,2025-10-14,A-,4,False,
USG006959,FAC037,Davangere,2025-10-15,O+,1,False,
USG006960,FAC037,Davangere,2025-10-15,AB+,2,False,
USG006961,FAC037,Davangere,2025-10-17,O+,3,False,
USG006962,FAC037,Davangere,2025-10-17,B-,3,False,
USG006963,FAC037,Davangere,2025-10-18,A-,1,False,
USG006964,FAC037,Davangere,2025-10-18,AB-,1,False,
USG006965,FAC037,Davangere,2025-10-20,A+,2,False,
USG006966,FAC037,Davangere,2025-10-21,B+,1,False,
USG006967,FAC037,Davangere,2025-10-24,O-,2,False,
USG006968,FAC037,Davangere,2025-10-26,A+,3,False,
USG006969,FAC037,Davangere,2025-10-27,A+,3,False,
USG006970,FAC037,Davangere,2025-10-27,AB+,1,False,
USG006971,FAC037,Davangere,2025-10-27,AB-,4,False,
USG006972,FAC037,Davangere,2025-10-28,O-,4,False,
USG006973,FAC037,Davangere,2025-10-29,AB+,3,False,
USG006974,FAC037,Davangere,2025-10-30,AB+,2,False,
USG006975,FAC037,Davangere,2025-10-31,B+,2,False,
USG006976,FAC037,Davangere,2025-11-03,B+,3,False,
USG006977,FAC037,Davangere,2025-11-03,AB+,2,False,
USG006978,FAC037,Davangere,2025-11-06,B+,3,True,Local incident spike
USG006979,FAC037,Davangere,2025-11-06,O-,2,True,Local incident spike
USG006980,FAC037,Davangere,2025-11-06,B-,5,True,Local incident spike
USG006981,FAC037,Davangere,2025-11-07,O+,4,False,
USG006982,FAC037,Davangere,2025-11-07,A+,1,False,
USG006983,FAC037,Davangere,2025-11-07,A-,1,False,
USG006984,FAC037,Davangere,2025-11-08,A-,2,False,
USG006985,FAC037,Davangere,2025-11-09,B+,1,False,
USG006986,FAC037,Davangere,2025-11-10,B+,3,False,
USG006987,FAC037,Davangere,2025-11-11,A-,4,False,
USG006988,FAC037,Davangere,2025-11-12,AB+,4,False,
USG006989,FAC037,Davangere,2025-11-13,O+,3,False,
USG006990,FAC037,Davangere,2025-11-13,A+,2,False,
USG006991,FAC037,Davangere,2025-11-14,O+,3,False,
USG006992,FAC037,Davangere,2025-11-14,AB-,2,False,
USG006993,FAC037,Davangere,2025-11-15,O+,3,False,
USG006994,FAC037,Davangere,2025-11-17,AB-,3,False,
USG006995,FAC037,Davangere,2025-11-18,AB-,3,False,
USG006996,FAC037,Davangere,2025-11-21,A+,3,False,
USG006997,FAC037,Davangere,2025-11-22,A+,4,False,
USG006998,FAC037,Davangere,2025-11-23,A+,2,False,
USG006999,FAC037,Davangere,2025-11-24,A+,2,False,
USG007000,FAC037,Davangere,2025-11-25,AB-,4,False,
USG007001,FAC037,Davangere,2025-11-26,O+,4,False,
USG007002,FAC037,Davangere,2025-11-28,O+,2,False,
USG007003,FAC037,Davangere,2025-11-29,O+,4,False,
USG007004,FAC037,Davangere,2025-12-02,O+,2,False,
USG007005,FAC037,Davangere,2025-12-02,A+,2,False,
USG007006,FAC037,Davangere,2025-12-04,AB-,2,False,
USG007007,FAC037,Davangere,2025-12-06,A+,1,False,
USG007008,FAC037,Davangere,2025-12-07,B-,2,False,
USG007009,FAC037,Davangere,2025-12-08,AB+,4,False,
USG007010,FAC037,Davangere,2025-12-09,A-,4,False,
USG007011,FAC037,Davangere,2025-12-10,O+,3,False,
USG007012,FAC037,Davangere,2025-12-10,B+,3,False,
USG007013,FAC037,Davangere,2025-12-10,A-,1,False,
USG007014,FAC037,Davangere,2025-12-11,B+,1,False,
USG007015,FAC037,Davangere,2025-12-11,A+,3,False,
USG007016,FAC037,Davangere,2025-12-12,AB-,4,False,
USG007017,FAC037,Davangere,2025-12-14,O-,2,False,
USG007018,FAC037,Davangere,2025-12-15,A+,1,False,
USG007019,FAC037,Davangere,2025-12-16,A+,2,False,
USG007020,FAC037,Davangere,2025-12-19,AB+,2,False,
USG007021,FAC037,Davangere,2025-12-22,O+,1,False,
USG007022,FAC037,Davangere,2025-12-23,O+,3,False,
USG007023,FAC037,Davangere,2025-12-24,B+,4,False,
USG007024,FAC037,Davangere,2025-12-25,O+,1,False,
USG007025,FAC037,Davangere,2025-12-27,O+,4,False,
USG007026,FAC037,Davangere,2025-12-27,B+,1,False,
USG007027,FAC037,Davangere,2025-12-27,A-,1,False,
USG007028,FAC037,Davangere,2025-12-29,O+,4,False,
USG007029,FAC037,Davangere,2025-12-31,O+,4,True,New Year travel period
USG007030,FAC037,Davangere,2025-12-31,B+,3,True,New Year travel period
USG007031,FAC037,Davangere,2026-01-01,B-,3,True,New Year travel period
USG007032,FAC037,Davangere,2026-01-02,O+,1,True,New Year travel period
USG007033,FAC037,Davangere,2026-01-03,B-,1,False,
USG007034,FAC037,Davangere,2026-01-05,O+,1,False,
USG007035,FAC037,Davangere,2026-01-06,O+,2,False,
USG007036,FAC037,Davangere,2026-01-07,AB+,2,False,
USG007037,FAC037,Davangere,2026-01-09,B+,3,False,
USG007038,FAC037,Davangere,2026-01-09,A-,1,False,
USG007039,FAC037,Davangere,2026-01-10,B+,4,False,
USG007040,FAC037,Davangere,2026-01-10,AB-,2,False,
USG007041,FAC037,Davangere,2026-01-11,AB+,1,False,
USG007042,FAC037,Davangere,2026-01-11,AB-,2,False,
USG007043,FAC037,Davangere,2026-01-12,O-,4,False,
USG007044,FAC037,Davangere,2026-01-13,O+,3,True,Local incident spike
USG007045,FAC037,Davangere,2026-01-13,B+,6,True,Local incident spike
USG007046,FAC037,Davangere,2026-01-13,AB+,1,True,Local incident spike
USG007047,FAC037,Davangere,2026-01-13,A-,1,True,Local incident spike
USG007048,FAC037,Davangere,2026-01-16,O+,2,False,
USG007049,FAC037,Davangere,2026-01-16,B+,4,False,
USG007050,FAC037,Davangere,2026-01-17,B+,1,False,
USG007051,FAC037,Davangere,2026-01-17,A+,3,False,
USG007052,FAC037,Davangere,2026-01-18,B-,3,False,
USG007053,FAC037,Davangere,2026-01-20,O+,1,False,
USG007054,FAC037,Davangere,2026-01-20,B+,4,False,
USG007055,FAC037,Davangere,2026-01-20,A+,3,False,
USG007056,FAC037,Davangere,2026-01-24,B+,2,False,
USG007057,FAC037,Davangere,2026-01-24,A+,3,False,
USG007058,FAC037,Davangere,2026-01-25,O+,3,False,
USG007059,FAC037,Davangere,2026-01-25,A+,2,False,
USG007060,FAC037,Davangere,2026-01-26,O+,1,False,
USG007061,FAC037,Davangere,2026-01-28,A+,2,False,
USG007062,FAC037,Davangere,2026-01-28,O-,4,False,
USG007063,FAC037,Davangere,2026-01-31,O+,4,False,
USG007064,FAC037,Davangere,2026-01-31,B+,3,False,
USG007065,FAC037,Davangere,2026-02-03,A+,1,False,
USG007066,FAC037,Davangere,2026-02-03,O-,2,False,
USG007067,FAC037,Davangere,2026-02-04,B+,3,False,
USG007068,FAC037,Davangere,2026-02-07,O+,3,False,
USG007069,FAC037,Davangere,2026-02-07,AB-,2,False,
USG007070,FAC037,Davangere,2026-02-08,O+,1,False,
USG007071,FAC037,Davangere,2026-02-08,B+,4,False,
USG007072,FAC037,Davangere,2026-02-08,AB-,3,False,
USG007073,FAC037,Davangere,2026-02-09,B-,2,False,
USG007074,FAC037,Davangere,2026-02-10,A-,2,False,
USG007075,FAC037,Davangere,2026-02-11,O-,1,False,
USG007076,FAC037,Davangere,2026-02-12,B+,1,False,
USG007077,FAC037,Davangere,2026-02-13,B+,1,False,
USG007078,FAC037,Davangere,2026-02-14,AB+,3,False,
USG007079,FAC037,Davangere,2026-02-15,O+,4,False,
USG007080,FAC037,Davangere,2026-02-15,O-,1,False,
USG007081,FAC037,Davangere,2026-02-17,AB+,4,False,
USG007082,FAC037,Davangere,2026-02-18,O+,3,False,
USG007083,FAC037,Davangere,2026-02-18,B+,3,False,
USG007084,FAC037,Davangere,2026-02-21,O+,2,False,
USG007085,FAC037,Davangere,2026-02-23,O-,2,False,
USG007086,FAC037,Davangere,2026-02-24,A+,1,False,
USG007087,FAC037,Davangere,2026-02-25,AB+,2,False,
USG007088,FAC037,Davangere,2026-02-26,O+,4,False,
USG007089,FAC037,Davangere,2026-02-27,B+,4,False,
USG007090,FAC037,Davangere,2026-02-28,AB+,3,False,
USG007091,FAC037,Davangere,2026-02-28,AB-,3,False,
USG007092,FAC037,Davangere,2026-03-03,O-,3,False,
USG007093,FAC037,Davangere,2026-03-04,A+,1,False,
USG007094,FAC037,Davangere,2026-03-05,A+,4,False,
USG007095,FAC037,Davangere,2026-03-08,AB+,2,False,
USG007096,FAC037,Davangere,2026-03-09,A+,2,False,
USG007097,FAC037,Davangere,2026-03-10,A+,1,False,
USG007098,FAC037,Davangere,2026-03-12,B+,2,False,
USG007099,FAC037,Davangere,2026-03-12,AB+,2,False,
USG007100,FAC037,Davangere,2026-03-12,A-,1,False,
USG007101,FAC037,Davangere,2026-03-13,B+,1,False,
USG007102,FAC037,Davangere,2026-03-13,A+,1,False,
USG007103,FAC037,Davangere,2026-03-14,AB+,4,False,
USG007104,FAC037,Davangere,2026-03-16,O-,1,False,
USG007105,FAC037,Davangere,2026-03-17,O+,3,False,
USG007106,FAC037,Davangere,2026-03-19,A-,1,False,
USG007107,FAC037,Davangere,2026-03-20,O+,3,False,
USG007108,FAC037,Davangere,2026-03-21,AB+,2,False,
USG007109,FAC037,Davangere,2026-03-24,O+,3,False,
USG007110,FAC037,Davangere,2026-03-25,AB+,1,False,
USG007111,FAC037,Davangere,2026-03-25,O-,1,False,
USG007112,FAC037,Davangere,2026-03-26,O+,4,False,
USG007113,FAC037,Davangere,2026-03-27,AB+,1,False,
USG007114,FAC037,Davangere,2026-03-27,O-,1,False,
USG007115,FAC037,Davangere,2026-03-28,O-,3,False,
USG007116,FAC037,Davangere,2026-03-29,A+,1,False,
USG007117,FAC037,Davangere,2026-03-31,A+,4,False,
USG007118,FAC037,Davangere,2026-03-31,AB-,1,False,
USG007119,FAC037,Davangere,2026-04-01,O+,2,False,
USG007120,FAC037,Davangere,2026-04-01,A+,2,False,
USG007121,FAC037,Davangere,2026-04-02,A+,4,False,
USG007122,FAC037,Davangere,2026-04-02,AB+,4,False,
USG007123,FAC037,Davangere,2026-04-03,B+,4,False,
USG007124,FAC037,Davangere,2026-04-06,B+,2,False,
USG007125,FAC037,Davangere,2026-04-06,A+,2,False,
USG007126,FAC037,Davangere,2026-04-13,O+,2,False,
USG007127,FAC037,Davangere,2026-04-13,A+,1,False,
USG007128,FAC037,Davangere,2026-04-13,AB-,4,False,
USG007129,FAC037,Davangere,2026-04-14,A+,1,False,
USG007130,FAC037,Davangere,2026-04-17,O+,1,False,
USG007131,FAC037,Davangere,2026-04-20,AB+,4,False,
USG007132,FAC037,Davangere,2026-04-21,O+,2,False,
USG007133,FAC037,Davangere,2026-04-22,B+,1,False,
USG007134,FAC037,Davangere,2026-04-23,O+,3,False,
USG007135,FAC037,Davangere,2026-04-23,B+,2,False,
USG007136,FAC037,Davangere,2026-04-24,B+,2,False,
USG007137,FAC037,Davangere,2026-04-27,O+,1,False,
USG007138,FAC037,Davangere,2026-04-28,B+,3,False,
USG007139,FAC037,Davangere,2026-04-29,B-,4,False,
USG007140,FAC037,Davangere,2026-04-30,O+,4,False,
USG007141,FAC037,Davangere,2026-04-30,A+,1,False,
USG007142,FAC037,Davangere,2026-05-01,A+,2,False,
USG007143,FAC037,Davangere,2026-05-01,B-,1,False,
USG007144,FAC037,Davangere,2026-05-02,B+,3,False,
USG007145,FAC037,Davangere,2026-05-03,A+,2,False,
USG007146,FAC037,Davangere,2026-05-03,O-,3,False,
USG007147,FAC037,Davangere,2026-05-04,B+,2,False,
USG007148,FAC037,Davangere,2026-05-06,O+,3,False,
USG007149,FAC037,Davangere,2026-05-06,O-,2,False,
USG007150,FAC037,Davangere,2026-05-07,B+,4,False,
USG007151,FAC037,Davangere,2026-05-08,O+,3,False,
USG007152,FAC037,Davangere,2026-05-09,AB+,4,False,
USG007153,FAC037,Davangere,2026-05-10,A+,3,False,
USG007154,FAC037,Davangere,2026-05-12,B+,1,False,
USG007155,FAC037,Davangere,2026-05-12,A+,4,False,
USG007156,FAC037,Davangere,2026-05-14,B+,3,False,
USG007157,FAC037,Davangere,2026-05-15,O+,2,False,
USG007158,FAC037,Davangere,2026-05-15,A-,3,False,
USG007159,FAC037,Davangere,2026-05-16,AB+,4,False,
USG007160,FAC037,Davangere,2026-05-17,O+,2,True,Local incident spike
USG007161,FAC037,Davangere,2026-05-18,O+,1,False,
USG007162,FAC037,Davangere,2026-05-18,B+,1,False,
USG007163,FAC037,Davangere,2026-05-18,A+,2,False,
USG007164,FAC037,Davangere,2026-05-19,O+,4,True,Local incident spike
USG007165,FAC037,Davangere,2026-05-19,A+,6,True,Local incident spike
USG007166,FAC037,Davangere,2026-05-19,A-,6,True,Local incident spike
USG007167,FAC037,Davangere,2026-05-19,B-,5,True,Local incident spike
USG007168,FAC037,Davangere,2026-05-20,B+,1,False,
USG007169,FAC037,Davangere,2026-05-20,A-,4,False,
USG007170,FAC037,Davangere,2026-05-21,B+,1,False,
USG007171,FAC037,Davangere,2026-05-24,B-,2,False,
USG007172,FAC037,Davangere,2026-05-25,A+,1,False,
USG007173,FAC037,Davangere,2026-05-26,A+,2,False,
USG007174,FAC037,Davangere,2026-05-26,O-,2,False,
USG007175,FAC037,Davangere,2026-05-26,AB-,3,False,
USG007176,FAC037,Davangere,2026-05-28,B-,3,False,
USG007177,FAC037,Davangere,2026-05-29,AB+,4,False,
USG007178,FAC037,Davangere,2026-05-30,O-,1,False,
USG007179,FAC037,Davangere,2026-05-31,B-,1,False,
USG007180,FAC037,Davangere,2026-06-04,A-,3,False,
USG007181,FAC037,Davangere,2026-06-05,B+,3,False,
USG007182,FAC037,Davangere,2026-06-06,O+,1,False,
USG007183,FAC037,Davangere,2026-06-06,A+,3,False,
USG007184,FAC037,Davangere,2026-06-08,AB-,2,False,
USG007185,FAC037,Davangere,2026-06-09,AB+,1,False,
USG007186,FAC037,Davangere,2026-06-11,AB+,2,False,
USG007187,FAC037,Davangere,2026-06-12,O+,1,False,
USG007188,FAC037,Davangere,2026-06-13,A-,4,False,
USG007189,FAC037,Davangere,2026-06-13,B-,4,False,
USG007190,FAC037,Davangere,2026-06-14,O+,2,False,
USG007191,FAC037,Davangere,2026-06-14,B+,4,False,
USG007192,FAC037,Davangere,2026-06-15,A-,1,False,
USG007193,FAC037,Davangere,2026-06-16,O+,1,False,
USG007194,FAC037,Davangere,2026-06-19,A+,2,False,
USG007195,FAC037,Davangere,2026-06-22,B+,2,False,
USG007196,FAC037,Davangere,2026-06-24,B+,2,False,
USG007197,FAC037,Davangere,2026-06-25,O+,2,False,
USG007198,FAC037,Davangere,2026-06-25,AB+,3,False,
USG007199,FAC037,Davangere,2026-06-28,O+,2,False,
USG007200,FAC037,Davangere,2026-06-28,A+,2,False,
USG007201,FAC037,Davangere,2026-06-29,B+,1,False,
USG007202,FAC037,Davangere,2026-06-30,B+,2,False,
USG007203,FAC037,Davangere,2026-06-30,A+,1,False,
USG007204,FAC037,Davangere,2026-07-01,O+,4,False,
USG007205,FAC037,Davangere,2026-07-02,B+,3,True,Local incident spike
USG007206,FAC037,Davangere,2026-07-02,A+,4,True,Local incident spike
USG007207,FAC037,Davangere,2026-07-03,O+,4,False,
USG007208,FAC037,Davangere,2026-07-03,B-,3,False,
USG007209,FAC037,Davangere,2026-07-06,A-,3,False,
USG007210,FAC037,Davangere,2026-07-07,A+,1,False,
USG007211,FAC037,Davangere,2026-07-12,A+,1,False,
USG007212,FAC037,Davangere,2026-07-13,O+,2,False,
USG007213,FAC037,Davangere,2026-07-13,B-,1,False,
USG007214,FAC037,Davangere,2026-07-15,B-,2,True,Monsoon peak flood-risk weeks
USG007215,FAC037,Davangere,2026-07-16,O+,3,True,Monsoon peak flood-risk weeks
USG007216,FAC037,Davangere,2026-07-16,B+,2,True,Monsoon peak flood-risk weeks
USG007217,FAC037,Davangere,2026-07-16,B-,3,True,Monsoon peak flood-risk weeks
USG007218,FAC037,Davangere,2026-07-17,O+,4,True,Monsoon peak flood-risk weeks
USG007219,FAC037,Davangere,2026-07-17,B-,5,True,Monsoon peak flood-risk weeks
USG007220,FAC037,Davangere,2026-07-18,B-,1,True,Monsoon peak flood-risk weeks
USG007221,FAC037,Davangere,2026-07-18,AB-,7,True,Monsoon peak flood-risk weeks
USG007222,FAC037,Davangere,2026-07-19,O+,7,True,Monsoon peak flood-risk weeks
USG007223,FAC037,Davangere,2026-07-19,B+,1,True,Monsoon peak flood-risk weeks
USG007224,FAC037,Davangere,2026-07-19,AB+,7,True,Monsoon peak flood-risk weeks
USG007225,FAC037,Davangere,2026-07-20,O+,3,True,Monsoon peak flood-risk weeks
USG007226,FAC037,Davangere,2026-07-20,A+,3,True,Monsoon peak flood-risk weeks
USG007227,FAC037,Davangere,2026-07-22,AB+,3,True,Monsoon peak flood-risk weeks
USG007228,FAC037,Davangere,2026-07-23,B+,1,True,Monsoon peak flood-risk weeks
USG007229,FAC037,Davangere,2026-07-25,B+,3,True,Monsoon peak flood-risk weeks
USG007230,FAC037,Davangere,2026-07-26,A+,5,True,Monsoon peak flood-risk weeks
USG007231,FAC037,Davangere,2026-07-28,B+,2,True,Monsoon peak flood-risk weeks
USG007232,FAC037,Davangere,2026-07-29,B+,4,True,Monsoon peak flood-risk weeks
USG007233,FAC037,Davangere,2026-07-30,O+,1,True,Monsoon peak flood-risk weeks
USG007234,FAC037,Davangere,2026-07-30,B+,2,True,Monsoon peak flood-risk weeks
USG007235,FAC037,Davangere,2026-07-30,A+,2,True,Monsoon peak flood-risk weeks
USG007236,FAC037,Davangere,2026-07-30,AB-,2,True,Monsoon peak flood-risk weeks
USG007237,FAC037,Davangere,2026-07-31,A+,3,True,Monsoon peak flood-risk weeks
USG007238,FAC037,Davangere,2026-07-31,O-,6,True,Monsoon peak flood-risk weeks
USG007239,FAC037,Davangere,2026-08-01,A+,3,True,Monsoon peak flood-risk weeks
USG007240,FAC038,Davangere,2025-08-02,AB+,5,True,Monsoon peak flood-risk weeks
USG007241,FAC038,Davangere,2025-08-02,AB-,2,True,Monsoon peak flood-risk weeks
USG007242,FAC038,Davangere,2025-08-03,O+,7,True,Monsoon peak flood-risk weeks
USG007243,FAC038,Davangere,2025-08-04,O-,5,True,Monsoon peak flood-risk weeks
USG007244,FAC038,Davangere,2025-08-05,AB+,2,True,Monsoon peak flood-risk weeks
USG007245,FAC038,Davangere,2025-08-06,A+,1,False,
USG007246,FAC038,Davangere,2025-08-07,A+,1,False,
USG007247,FAC038,Davangere,2025-08-08,B+,4,False,
USG007248,FAC038,Davangere,2025-08-09,AB+,4,False,
USG007249,FAC038,Davangere,2025-08-11,O+,2,False,
USG007250,FAC038,Davangere,2025-08-11,B+,3,False,
USG007251,FAC038,Davangere,2025-08-11,AB+,1,False,
USG007252,FAC038,Davangere,2025-08-11,B-,3,False,
USG007253,FAC038,Davangere,2025-08-13,O-,3,False,
USG007254,FAC038,Davangere,2025-08-14,O+,4,False,
USG007255,FAC038,Davangere,2025-08-14,A+,2,False,
USG007256,FAC038,Davangere,2025-08-15,O-,4,False,
USG007257,FAC038,Davangere,2025-08-19,O-,3,False,
USG007258,FAC038,Davangere,2025-08-20,A+,3,False,
USG007259,FAC038,Davangere,2025-08-22,B+,2,False,
USG007260,FAC038,Davangere,2025-08-23,A+,1,False,
USG007261,FAC038,Davangere,2025-08-24,AB-,4,False,
USG007262,FAC038,Davangere,2025-08-25,B+,3,False,
USG007263,FAC038,Davangere,2025-08-28,A+,2,False,
USG007264,FAC038,Davangere,2025-09-01,AB-,3,False,
USG007265,FAC038,Davangere,2025-09-02,B+,3,False,
USG007266,FAC038,Davangere,2025-09-04,B+,2,False,
USG007267,FAC038,Davangere,2025-09-05,O+,3,False,
USG007268,FAC038,Davangere,2025-09-06,B-,1,False,
USG007269,FAC038,Davangere,2025-09-07,B-,1,False,
USG007270,FAC038,Davangere,2025-09-08,O+,2,False,
USG007271,FAC038,Davangere,2025-09-08,O-,1,False,
USG007272,FAC038,Davangere,2025-09-10,O+,1,False,
USG007273,FAC038,Davangere,2025-09-12,B+,1,False,
USG007274,FAC038,Davangere,2025-09-12,AB-,2,False,
USG007275,FAC038,Davangere,2025-09-14,O-,1,False,
USG007276,FAC038,Davangere,2025-09-14,A-,2,False,
USG007277,FAC038,Davangere,2025-09-15,AB-,4,False,
USG007278,FAC038,Davangere,2025-09-16,O+,3,True,Festival travel peak (Dasara)
USG007279,FAC038,Davangere,2025-09-17,O+,3,True,Festival travel peak (Dasara)
USG007280,FAC038,Davangere,2025-09-17,B+,3,True,Festival travel peak (Dasara)
USG007281,FAC038,Davangere,2025-09-17,O-,3,True,Festival travel peak (Dasara)
USG007282,FAC038,Davangere,2025-09-18,O+,3,True,Festival travel peak (Dasara)
USG007283,FAC038,Davangere,2025-09-19,O+,6,True,Festival travel peak (Dasara)
USG007284,FAC038,Davangere,2025-09-19,B+,2,True,Festival travel peak (Dasara)
USG007285,FAC038,Davangere,2025-09-19,A+,2,True,Festival travel peak (Dasara)
USG007286,FAC038,Davangere,2025-09-20,O+,4,True,Festival travel peak (Dasara)
USG007287,FAC038,Davangere,2025-09-22,AB+,3,True,Festival travel peak (Dasara)
USG007288,FAC038,Davangere,2025-09-23,A+,3,True,Festival travel peak (Dasara)
USG007289,FAC038,Davangere,2025-09-24,O+,3,True,Festival travel peak (Dasara)
USG007290,FAC038,Davangere,2025-09-24,A+,2,True,Festival travel peak (Dasara)
USG007291,FAC038,Davangere,2025-09-28,O+,3,True,Festival travel peak (Dasara)
USG007292,FAC038,Davangere,2025-09-30,O+,5,True,Festival travel peak (Dasara)
USG007293,FAC038,Davangere,2025-09-30,B+,1,True,Festival travel peak (Dasara)
USG007294,FAC038,Davangere,2025-09-30,O-,6,True,Festival travel peak (Dasara)
USG007295,FAC038,Davangere,2025-10-01,O+,5,True,Festival travel peak (Dasara)
USG007296,FAC038,Davangere,2025-10-02,B+,2,True,Festival travel peak (Dasara)
USG007297,FAC038,Davangere,2025-10-02,AB+,3,True,Festival travel peak (Dasara)
USG007298,FAC038,Davangere,2025-10-02,B-,3,True,Festival travel peak (Dasara)
USG007299,FAC038,Davangere,2025-10-03,B-,5,True,Festival travel peak (Dasara)
USG007300,FAC038,Davangere,2025-10-04,O+,3,True,Festival travel peak (Dasara)
USG007301,FAC038,Davangere,2025-10-05,B+,1,True,Festival travel peak (Dasara)
USG007302,FAC038,Davangere,2025-10-05,AB+,5,True,Festival travel peak (Dasara)
USG007303,FAC038,Davangere,2025-10-06,O+,3,True,Festival travel peak (Dasara)
USG007304,FAC038,Davangere,2025-10-09,A+,5,True,Festival travel peak (Dasara)
USG007305,FAC038,Davangere,2025-10-09,A-,4,True,Festival travel peak (Dasara)
USG007306,FAC038,Davangere,2025-10-10,B+,7,True,Festival travel peak (Dasara)
USG007307,FAC038,Davangere,2025-10-11,B+,3,False,
USG007308,FAC038,Davangere,2025-10-12,O-,4,False,
USG007309,FAC038,Davangere,2025-10-14,O+,3,False,
USG007310,FAC038,Davangere,2025-10-14,B-,1,False,
USG007311,FAC038,Davangere,2025-10-16,A+,1,False,
USG007312,FAC038,Davangere,2025-10-16,B-,3,False,
USG007313,FAC038,Davangere,2025-10-17,B+,1,False,
USG007314,FAC038,Davangere,2025-10-20,O-,4,False,
USG007315,FAC038,Davangere,2025-10-23,O+,1,False,
USG007316,FAC038,Davangere,2025-10-24,A+,3,False,
USG007317,FAC038,Davangere,2025-10-26,O-,4,False,
USG007318,FAC038,Davangere,2025-10-27,O+,3,False,
USG007319,FAC038,Davangere,2025-10-27,B+,1,False,
USG007320,FAC038,Davangere,2025-10-28,B+,2,False,
USG007321,FAC038,Davangere,2025-10-30,A+,3,False,
USG007322,FAC038,Davangere,2025-10-30,AB-,4,False,
USG007323,FAC038,Davangere,2025-10-31,AB+,1,False,
USG007324,FAC038,Davangere,2025-11-03,A+,2,False,
USG007325,FAC038,Davangere,2025-11-03,B-,1,False,
USG007326,FAC038,Davangere,2025-11-04,O+,2,False,
USG007327,FAC038,Davangere,2025-11-06,AB+,1,False,
USG007328,FAC038,Davangere,2025-11-07,B+,2,False,
USG007329,FAC038,Davangere,2025-11-08,B+,4,False,
USG007330,FAC038,Davangere,2025-11-08,O-,2,False,
USG007331,FAC038,Davangere,2025-11-09,A+,2,False,
USG007332,FAC038,Davangere,2025-11-12,A+,1,False,
USG007333,FAC038,Davangere,2025-11-13,O-,2,False,
USG007334,FAC038,Davangere,2025-11-13,B-,4,False,
USG007335,FAC038,Davangere,2025-11-14,O+,2,False,
USG007336,FAC038,Davangere,2025-11-14,B-,2,False,
USG007337,FAC038,Davangere,2025-11-15,O-,4,False,
USG007338,FAC038,Davangere,2025-11-15,A-,4,False,
USG007339,FAC038,Davangere,2025-11-15,B-,2,False,
USG007340,FAC038,Davangere,2025-11-16,AB+,3,False,
USG007341,FAC038,Davangere,2025-11-17,A+,1,False,
USG007342,FAC038,Davangere,2025-11-17,B-,1,False,
USG007343,FAC038,Davangere,2025-11-18,O+,4,False,
USG007344,FAC038,Davangere,2025-11-18,A+,1,False,
USG007345,FAC038,Davangere,2025-11-19,B+,3,True,Local incident spike
USG007346,FAC038,Davangere,2025-11-19,O-,3,True,Local incident spike
USG007347,FAC038,Davangere,2025-11-20,O+,2,False,
USG007348,FAC038,Davangere,2025-11-21,AB+,2,False,
USG007349,FAC038,Davangere,2025-11-22,B+,1,False,
USG007350,FAC038,Davangere,2025-11-22,AB+,2,False,
USG007351,FAC038,Davangere,2025-11-26,O+,2,False,
USG007352,FAC038,Davangere,2025-11-26,AB-,1,False,
USG007353,FAC038,Davangere,2025-11-27,O+,4,False,
USG007354,FAC038,Davangere,2025-11-27,B+,4,False,
USG007355,FAC038,Davangere,2025-11-28,O+,3,False,
USG007356,FAC038,Davangere,2025-11-28,AB+,3,False,
USG007357,FAC038,Davangere,2025-11-29,O+,3,False,
USG007358,FAC038,Davangere,2025-11-29,B+,4,False,
USG007359,FAC038,Davangere,2025-11-29,A-,1,False,
USG007360,FAC038,Davangere,2025-11-30,A+,4,False,
USG007361,FAC038,Davangere,2025-12-01,A+,2,False,
USG007362,FAC038,Davangere,2025-12-02,A+,3,False,
USG007363,FAC038,Davangere,2025-12-03,B+,3,True,Local incident spike
USG007364,FAC038,Davangere,2025-12-03,AB-,2,True,Local incident spike
USG007365,FAC038,Davangere,2025-12-04,O+,4,False,
USG007366,FAC038,Davangere,2025-12-04,A+,1,False,
USG007367,FAC038,Davangere,2025-12-05,O-,1,False,
USG007368,FAC038,Davangere,2025-12-07,A-,4,False,
USG007369,FAC038,Davangere,2025-12-08,A+,4,False,
USG007370,FAC038,Davangere,2025-12-10,B+,2,False,
USG007371,FAC038,Davangere,2025-12-11,O+,3,False,
USG007372,FAC038,Davangere,2025-12-16,O-,2,False,
USG007373,FAC038,Davangere,2025-12-17,O+,2,False,
USG007374,FAC038,Davangere,2025-12-18,B+,1,False,
USG007375,FAC038,Davangere,2025-12-19,B+,3,False,
USG007376,FAC038,Davangere,2025-12-19,A+,4,False,
USG007377,FAC038,Davangere,2025-12-21,AB+,3,False,
USG007378,FAC038,Davangere,2025-12-24,O+,2,False,
USG007379,FAC038,Davangere,2025-12-25,O+,4,False,
USG007380,FAC038,Davangere,2025-12-28,AB-,4,False,
USG007381,FAC038,Davangere,2025-12-29,O+,2,False,
USG007382,FAC038,Davangere,2025-12-29,B+,1,False,
USG007383,FAC038,Davangere,2025-12-30,A+,3,True,New Year travel period
USG007384,FAC038,Davangere,2025-12-31,O+,2,True,New Year travel period
USG007385,FAC038,Davangere,2025-12-31,B-,3,True,New Year travel period
USG007386,FAC038,Davangere,2026-01-01,O+,2,True,New Year travel period
USG007387,FAC038,Davangere,2026-01-01,B+,6,True,New Year travel period
USG007388,FAC038,Davangere,2026-01-02,A+,3,True,New Year travel period
USG007389,FAC038,Davangere,2026-01-02,AB+,7,True,New Year travel period
USG007390,FAC038,Davangere,2026-01-03,A+,1,False,
USG007391,FAC038,Davangere,2026-01-03,A-,3,False,
USG007392,FAC038,Davangere,2026-01-05,O-,4,False,
USG007393,FAC038,Davangere,2026-01-06,O+,3,False,
USG007394,FAC038,Davangere,2026-01-06,A+,4,False,
USG007395,FAC038,Davangere,2026-01-07,B+,3,False,
USG007396,FAC038,Davangere,2026-01-07,O-,3,False,
USG007397,FAC038,Davangere,2026-01-08,AB+,4,False,
USG007398,FAC038,Davangere,2026-01-10,B+,2,False,
USG007399,FAC038,Davangere,2026-01-10,B-,2,False,
USG007400,FAC038,Davangere,2026-01-13,O+,1,False,
USG007401,FAC038,Davangere,2026-01-13,AB-,4,False,
USG007402,FAC038,Davangere,2026-01-15,B-,2,False,
USG007403,FAC038,Davangere,2026-01-17,A+,4,False,
USG007404,FAC038,Davangere,2026-01-19,A+,4,False,
USG007405,FAC038,Davangere,2026-01-20,O+,2,False,
USG007406,FAC038,Davangere,2026-01-21,O+,4,False,
USG007407,FAC038,Davangere,2026-01-21,B+,4,False,
USG007408,FAC038,Davangere,2026-01-22,O+,2,False,
USG007409,FAC038,Davangere,2026-01-22,A+,1,False,
USG007410,FAC038,Davangere,2026-01-23,B+,3,False,
USG007411,FAC038,Davangere,2026-01-25,B+,2,False,
USG007412,FAC038,Davangere,2026-01-25,A+,2,False,
USG007413,FAC038,Davangere,2026-01-27,O+,1,False,
USG007414,FAC038,Davangere,2026-01-28,A+,4,False,
USG007415,FAC038,Davangere,2026-01-29,A-,2,False,
USG007416,FAC038,Davangere,2026-01-29,AB-,2,False,
USG007417,FAC038,Davangere,2026-01-30,AB-,1,False,
USG007418,FAC038,Davangere,2026-01-31,B+,3,False,
USG007419,FAC038,Davangere,2026-01-31,AB-,1,False,
USG007420,FAC038,Davangere,2026-02-01,A+,3,False,
USG007421,FAC038,Davangere,2026-02-03,O+,2,False,
USG007422,FAC038,Davangere,2026-02-03,B+,4,False,
USG007423,FAC038,Davangere,2026-02-04,A-,2,False,
USG007424,FAC038,Davangere,2026-02-08,O-,3,False,
USG007425,FAC038,Davangere,2026-02-09,B+,3,False,
USG007426,FAC038,Davangere,2026-02-11,O+,3,False,
USG007427,FAC038,Davangere,2026-02-11,O-,1,False,
USG007428,FAC038,Davangere,2026-02-12,A+,3,False,
USG007429,FAC038,Davangere,2026-02-12,A-,3,False,
USG007430,FAC038,Davangere,2026-02-13,B+,2,False,
USG007431,FAC038,Davangere,2026-02-13,A+,4,False,
USG007432,FAC038,Davangere,2026-02-13,A-,2,False,
USG007433,FAC038,Davangere,2026-02-14,A+,2,False,
USG007434,FAC038,Davangere,2026-02-14,O-,1,False,
USG007435,FAC038,Davangere,2026-02-15,O+,2,False,
USG007436,FAC038,Davangere,2026-02-16,B+,3,False,
USG007437,FAC038,Davangere,2026-02-17,B+,3,False,
USG007438,FAC038,Davangere,2026-02-17,A+,4,False,
USG007439,FAC038,Davangere,2026-02-17,AB-,3,False,
USG007440,FAC038,Davangere,2026-02-18,O+,3,False,
USG007441,FAC038,Davangere,2026-02-18,B-,2,False,
USG007442,FAC038,Davangere,2026-02-19,O+,2,False,
USG007443,FAC038,Davangere,2026-02-20,O-,2,False,
USG007444,FAC038,Davangere,2026-02-21,O+,2,False,
USG007445,FAC038,Davangere,2026-02-22,O-,4,False,
USG007446,FAC038,Davangere,2026-02-22,A-,2,False,
USG007447,FAC038,Davangere,2026-02-24,A+,1,False,
USG007448,FAC038,Davangere,2026-02-24,B-,3,False,
USG007449,FAC038,Davangere,2026-02-25,B+,4,False,
USG007450,FAC038,Davangere,2026-02-26,AB+,1,False,
USG007451,FAC038,Davangere,2026-03-01,O+,2,False,
USG007452,FAC038,Davangere,2026-03-01,AB+,3,False,
USG007453,FAC038,Davangere,2026-03-01,B-,2,False,
USG007454,FAC038,Davangere,2026-03-02,A+,4,False,
USG007455,FAC038,Davangere,2026-03-03,A-,4,False,
USG007456,FAC038,Davangere,2026-03-06,B-,3,False,
USG007457,FAC038,Davangere,2026-03-12,O+,2,False,
USG007458,FAC038,Davangere,2026-03-13,A+,4,False,
USG007459,FAC038,Davangere,2026-03-15,O+,4,False,
USG007460,FAC038,Davangere,2026-03-15,A+,4,False,
USG007461,FAC038,Davangere,2026-03-15,O-,4,False,
USG007462,FAC038,Davangere,2026-03-16,O+,3,False,
USG007463,FAC038,Davangere,2026-03-16,O-,3,False,
USG007464,FAC038,Davangere,2026-03-17,O+,2,False,
USG007465,FAC038,Davangere,2026-03-19,B+,2,False,
USG007466,FAC038,Davangere,2026-03-21,B+,2,False,
USG007467,FAC038,Davangere,2026-03-22,O+,4,False,
USG007468,FAC038,Davangere,2026-03-23,AB-,1,False,
USG007469,FAC038,Davangere,2026-03-24,O+,1,False,
USG007470,FAC038,Davangere,2026-03-24,A-,2,False,
USG007471,FAC038,Davangere,2026-03-25,A+,4,False,
USG007472,FAC038,Davangere,2026-03-25,AB+,4,False,
USG007473,FAC038,Davangere,2026-03-25,B-,1,False,
USG007474,FAC038,Davangere,2026-03-26,O+,2,False,
USG007475,FAC038,Davangere,2026-03-27,O+,2,False,
USG007476,FAC038,Davangere,2026-03-27,B+,2,False,
USG007477,FAC038,Davangere,2026-03-27,AB+,4,False,
USG007478,FAC038,Davangere,2026-03-30,O+,3,False,
USG007479,FAC038,Davangere,2026-03-30,A+,4,False,
USG007480,FAC038,Davangere,2026-04-01,B+,3,False,
USG007481,FAC038,Davangere,2026-04-01,AB+,1,False,
USG007482,FAC038,Davangere,2026-04-02,AB+,4,False,
USG007483,FAC038,Davangere,2026-04-03,B+,4,False,
USG007484,FAC038,Davangere,2026-04-03,A+,2,False,
USG007485,FAC038,Davangere,2026-04-03,B-,4,False,
USG007486,FAC038,Davangere,2026-04-04,O+,3,False,
USG007487,FAC038,Davangere,2026-04-04,B-,2,False,
USG007488,FAC038,Davangere,2026-04-05,O-,2,False,
USG007489,FAC038,Davangere,2026-04-07,O-,4,False,
USG007490,FAC038,Davangere,2026-04-08,O+,4,False,
USG007491,FAC038,Davangere,2026-04-09,A-,1,False,
USG007492,FAC038,Davangere,2026-04-10,B+,3,False,
USG007493,FAC038,Davangere,2026-04-11,A+,1,False,
USG007494,FAC038,Davangere,2026-04-11,A-,3,False,
USG007495,FAC038,Davangere,2026-04-11,AB-,3,False,
USG007496,FAC038,Davangere,2026-04-12,B+,4,False,
USG007497,FAC038,Davangere,2026-04-12,O-,1,False,
USG007498,FAC038,Davangere,2026-04-14,B+,3,False,
USG007499,FAC038,Davangere,2026-04-14,AB+,1,False,
USG007500,FAC038,Davangere,2026-04-15,A+,1,False,
USG007501,FAC038,Davangere,2026-04-16,B+,4,False,
USG007502,FAC038,Davangere,2026-04-17,A-,5,True,Local incident spike
USG007503,FAC038,Davangere,2026-04-18,B+,4,False,
USG007504,FAC038,Davangere,2026-04-18,AB+,4,False,
USG007505,FAC038,Davangere,2026-04-19,O+,2,False,
USG007506,FAC038,Davangere,2026-04-19,O-,4,False,
USG007507,FAC038,Davangere,2026-04-20,A+,4,False,
USG007508,FAC038,Davangere,2026-04-21,O+,3,False,
USG007509,FAC038,Davangere,2026-04-21,B+,1,False,
USG007510,FAC038,Davangere,2026-04-23,O+,4,False,
USG007511,FAC038,Davangere,2026-04-24,O+,4,False,
USG007512,FAC038,Davangere,2026-04-24,A+,3,False,
USG007513,FAC038,Davangere,2026-04-24,B-,4,False,
USG007514,FAC038,Davangere,2026-04-25,O+,1,False,
USG007515,FAC038,Davangere,2026-04-25,B+,3,False,
USG007516,FAC038,Davangere,2026-04-26,O+,3,False,
USG007517,FAC038,Davangere,2026-04-27,O-,3,False,
USG007518,FAC038,Davangere,2026-04-30,AB-,2,False,
USG007519,FAC038,Davangere,2026-05-01,B+,3,False,
USG007520,FAC038,Davangere,2026-05-02,O+,1,False,
USG007521,FAC038,Davangere,2026-05-02,B+,2,False,
USG007522,FAC038,Davangere,2026-05-02,A+,3,False,
USG007523,FAC038,Davangere,2026-05-03,O+,4,False,
USG007524,FAC038,Davangere,2026-05-04,B+,4,False,
USG007525,FAC038,Davangere,2026-05-06,B-,1,False,
USG007526,FAC038,Davangere,2026-05-07,A+,1,False,
USG007527,FAC038,Davangere,2026-05-07,B-,4,False,
USG007528,FAC038,Davangere,2026-05-08,A+,2,False,
USG007529,FAC038,Davangere,2026-05-09,O+,4,False,
USG007530,FAC038,Davangere,2026-05-09,B+,4,False,
USG007531,FAC038,Davangere,2026-05-09,AB+,2,False,
USG007532,FAC038,Davangere,2026-05-11,O+,3,False,
USG007533,FAC038,Davangere,2026-05-11,B+,3,False,
USG007534,FAC038,Davangere,2026-05-13,B-,4,False,
USG007535,FAC038,Davangere,2026-05-15,O+,2,False,
USG007536,FAC038,Davangere,2026-05-15,B+,2,False,
USG007537,FAC038,Davangere,2026-05-15,O-,3,False,
USG007538,FAC038,Davangere,2026-05-15,B-,3,False,
USG007539,FAC038,Davangere,2026-05-19,O+,4,False,
USG007540,FAC038,Davangere,2026-05-19,B+,4,False,
USG007541,FAC038,Davangere,2026-05-20,B+,2,False,
USG007542,FAC038,Davangere,2026-05-22,B-,4,False,
USG007543,FAC038,Davangere,2026-05-22,AB-,4,False,
USG007544,FAC038,Davangere,2026-05-24,A+,2,False,
USG007545,FAC038,Davangere,2026-05-24,AB+,1,False,
USG007546,FAC038,Davangere,2026-05-24,A-,1,False,
USG007547,FAC038,Davangere,2026-05-25,O+,1,False,
USG007548,FAC038,Davangere,2026-05-25,B+,4,False,
USG007549,FAC038,Davangere,2026-05-26,B+,3,False,
USG007550,FAC038,Davangere,2026-05-26,B-,1,False,
USG007551,FAC038,Davangere,2026-05-31,B+,1,False,
USG007552,FAC038,Davangere,2026-05-31,A+,3,False,
USG007553,FAC038,Davangere,2026-06-02,A+,2,False,
USG007554,FAC038,Davangere,2026-06-02,B-,2,False,
USG007555,FAC038,Davangere,2026-06-03,AB+,2,False,
USG007556,FAC038,Davangere,2026-06-04,O+,1,False,
USG007557,FAC038,Davangere,2026-06-04,A+,4,False,
USG007558,FAC038,Davangere,2026-06-04,B-,4,False,
USG007559,FAC038,Davangere,2026-06-05,B-,4,False,
USG007560,FAC038,Davangere,2026-06-06,O-,3,False,
USG007561,FAC038,Davangere,2026-06-09,B+,2,False,
USG007562,FAC038,Davangere,2026-06-10,A-,2,False,
USG007563,FAC038,Davangere,2026-06-11,O+,2,False,
USG007564,FAC038,Davangere,2026-06-11,A+,3,False,
USG007565,FAC038,Davangere,2026-06-13,AB+,2,False,
USG007566,FAC038,Davangere,2026-06-14,AB+,4,False,
USG007567,FAC038,Davangere,2026-06-15,B+,3,False,
USG007568,FAC038,Davangere,2026-06-16,O+,4,False,
USG007569,FAC038,Davangere,2026-06-16,B+,1,False,
USG007570,FAC038,Davangere,2026-06-18,O+,1,False,
USG007571,FAC038,Davangere,2026-06-19,A+,1,False,
USG007572,FAC038,Davangere,2026-06-21,O-,4,False,
USG007573,FAC038,Davangere,2026-06-22,B+,3,False,
USG007574,FAC038,Davangere,2026-06-23,B+,4,False,
USG007575,FAC038,Davangere,2026-06-23,AB+,4,False,
USG007576,FAC038,Davangere,2026-06-24,O+,1,False,
USG007577,FAC038,Davangere,2026-06-24,AB-,4,False,
USG007578,FAC038,Davangere,2026-06-26,A+,2,False,
USG007579,FAC038,Davangere,2026-06-29,B-,2,False,
USG007580,FAC038,Davangere,2026-07-01,B+,1,False,
USG007581,FAC038,Davangere,2026-07-07,A+,2,False,
USG007582,FAC038,Davangere,2026-07-08,B-,3,False,
USG007583,FAC038,Davangere,2026-07-10,AB-,4,False,
USG007584,FAC038,Davangere,2026-07-11,O+,3,False,
USG007585,FAC038,Davangere,2026-07-13,O+,4,False,
USG007586,FAC038,Davangere,2026-07-13,B+,1,False,
USG007587,FAC038,Davangere,2026-07-14,O+,4,True,Local incident spike
USG007588,FAC038,Davangere,2026-07-14,AB+,3,True,Local incident spike
USG007589,FAC038,Davangere,2026-07-15,B+,2,True,Monsoon peak flood-risk weeks
USG007590,FAC038,Davangere,2026-07-16,B+,2,True,Monsoon peak flood-risk weeks
USG007591,FAC038,Davangere,2026-07-16,AB+,4,True,Monsoon peak flood-risk weeks
USG007592,FAC038,Davangere,2026-07-17,A+,6,True,Monsoon peak flood-risk weeks
USG007593,FAC038,Davangere,2026-07-21,O+,5,True,Monsoon peak flood-risk weeks
USG007594,FAC038,Davangere,2026-07-22,O+,7,True,Monsoon peak flood-risk weeks
USG007595,FAC038,Davangere,2026-07-22,B+,3,True,Monsoon peak flood-risk weeks
USG007596,FAC038,Davangere,2026-07-23,B+,7,True,Monsoon peak flood-risk weeks
USG007597,FAC038,Davangere,2026-07-23,A+,5,True,Monsoon peak flood-risk weeks
USG007598,FAC038,Davangere,2026-07-23,AB+,3,True,Monsoon peak flood-risk weeks
USG007599,FAC038,Davangere,2026-07-25,O+,4,True,Monsoon peak flood-risk weeks
USG007600,FAC038,Davangere,2026-07-25,AB+,2,True,Monsoon peak flood-risk weeks
USG007601,FAC038,Davangere,2026-07-25,A-,7,True,Monsoon peak flood-risk weeks
USG007602,FAC038,Davangere,2026-07-26,O+,4,True,Monsoon peak flood-risk weeks
USG007603,FAC038,Davangere,2026-07-26,A+,6,True,Monsoon peak flood-risk weeks
USG007604,FAC038,Davangere,2026-07-29,B-,5,True,Monsoon peak flood-risk weeks
USG007605,FAC038,Davangere,2026-07-30,A+,5,True,Monsoon peak flood-risk weeks
USG007606,FAC038,Davangere,2026-07-31,A+,2,True,Monsoon peak flood-risk weeks
USG007607,FAC038,Davangere,2026-08-01,O+,6,True,Monsoon peak flood-risk weeks
USG007608,FAC038,Davangere,2026-08-01,A+,6,True,Monsoon peak flood-risk weeks
USG007609,FAC039,Davangere,2025-08-02,B+,2,True,Monsoon peak flood-risk weeks
USG007610,FAC039,Davangere,2025-08-02,AB-,7,True,Monsoon peak flood-risk weeks
USG007611,FAC039,Davangere,2025-08-04,O+,2,True,Monsoon peak flood-risk weeks
USG007612,FAC039,Davangere,2025-08-04,B+,2,True,Monsoon peak flood-risk weeks
USG007613,FAC039,Davangere,2025-08-04,A+,3,True,Monsoon peak flood-risk weeks
USG007614,FAC039,Davangere,2025-08-05,A+,3,True,Monsoon peak flood-risk weeks
USG007615,FAC039,Davangere,2025-08-05,AB-,7,True,Monsoon peak flood-risk weeks
USG007616,FAC039,Davangere,2025-08-08,A+,1,False,
USG007617,FAC039,Davangere,2025-08-09,AB+,3,False,
USG007618,FAC039,Davangere,2025-08-09,O-,2,False,
USG007619,FAC039,Davangere,2025-08-10,O-,3,False,
USG007620,FAC039,Davangere,2025-08-12,AB-,3,False,
USG007621,FAC039,Davangere,2025-08-13,AB+,4,False,
USG007622,FAC039,Davangere,2025-08-15,B+,3,False,
USG007623,FAC039,Davangere,2025-08-15,AB-,2,False,
USG007624,FAC039,Davangere,2025-08-16,O-,1,False,
USG007625,FAC039,Davangere,2025-08-17,B+,1,False,
USG007626,FAC039,Davangere,2025-08-17,AB+,3,False,
USG007627,FAC039,Davangere,2025-08-19,AB+,4,False,
USG007628,FAC039,Davangere,2025-08-20,B+,3,False,
USG007629,FAC039,Davangere,2025-08-23,O+,4,False,
USG007630,FAC039,Davangere,2025-08-25,AB-,2,False,
USG007631,FAC039,Davangere,2025-08-30,O+,2,False,
USG007632,FAC039,Davangere,2025-08-31,B+,2,False,
USG007633,FAC039,Davangere,2025-08-31,B-,2,False,
USG007634,FAC039,Davangere,2025-09-01,B+,1,False,
USG007635,FAC039,Davangere,2025-09-02,A+,1,False,
USG007636,FAC039,Davangere,2025-09-03,O+,1,False,
USG007637,FAC039,Davangere,2025-09-07,O+,3,False,
USG007638,FAC039,Davangere,2025-09-07,AB+,3,False,
USG007639,FAC039,Davangere,2025-09-07,O-,2,False,
USG007640,FAC039,Davangere,2025-09-11,O-,2,False,
USG007641,FAC039,Davangere,2025-09-12,O+,4,False,
USG007642,FAC039,Davangere,2025-09-12,B+,4,False,
USG007643,FAC039,Davangere,2025-09-13,B+,4,False,
USG007644,FAC039,Davangere,2025-09-15,AB+,2,False,
USG007645,FAC039,Davangere,2025-09-17,O+,2,True,Festival travel peak (Dasara)
USG007646,FAC039,Davangere,2025-09-17,B-,2,True,Festival travel peak (Dasara)
USG007647,FAC039,Davangere,2025-09-18,O+,6,True,Festival travel peak (Dasara)
USG007648,FAC039,Davangere,2025-09-18,B+,5,True,Festival travel peak (Dasara)
USG007649,FAC039,Davangere,2025-09-20,O+,2,True,Festival travel peak (Dasara)
USG007650,FAC039,Davangere,2025-09-20,O-,6,True,Festival travel peak (Dasara)
USG007651,FAC039,Davangere,2025-09-21,O+,3,True,Festival travel peak (Dasara)
USG007652,FAC039,Davangere,2025-09-22,B-,3,True,Festival travel peak (Dasara)
USG007653,FAC039,Davangere,2025-09-24,O+,7,True,Festival travel peak (Dasara)
USG007654,FAC039,Davangere,2025-09-24,A+,6,True,Festival travel peak (Dasara)
USG007655,FAC039,Davangere,2025-09-24,O-,2,True,Festival travel peak (Dasara)
USG007656,FAC039,Davangere,2025-09-25,O+,1,True,Festival travel peak (Dasara)
USG007657,FAC039,Davangere,2025-09-25,B+,4,True,Festival travel peak (Dasara)
USG007658,FAC039,Davangere,2025-09-26,B+,3,True,Festival travel peak (Dasara)
USG007659,FAC039,Davangere,2025-09-28,O+,6,True,Festival travel peak (Dasara)
USG007660,FAC039,Davangere,2025-09-29,O+,1,True,Festival travel peak (Dasara)
USG007661,FAC039,Davangere,2025-09-29,A+,6,True,Festival travel peak (Dasara)
USG007662,FAC039,Davangere,2025-09-29,AB+,3,True,Festival travel peak (Dasara)
USG007663,FAC039,Davangere,2025-10-01,O+,1,True,Festival travel peak (Dasara)
USG007664,FAC039,Davangere,2025-10-01,A+,5,True,Festival travel peak (Dasara)
USG007665,FAC039,Davangere,2025-10-04,O+,1,True,Festival travel peak (Dasara)
USG007666,FAC039,Davangere,2025-10-04,AB+,4,True,Festival travel peak (Dasara)
USG007667,FAC039,Davangere,2025-10-05,O+,5,True,Festival travel peak (Dasara)
USG007668,FAC039,Davangere,2025-10-05,A+,3,True,Festival travel peak (Dasara)
USG007669,FAC039,Davangere,2025-10-06,O+,5,True,Festival travel peak (Dasara)
USG007670,FAC039,Davangere,2025-10-06,AB+,2,True,Festival travel peak (Dasara)
USG007671,FAC039,Davangere,2025-10-06,B-,5,True,Festival travel peak (Dasara)
USG007672,FAC039,Davangere,2025-10-07,A+,3,True,Festival travel peak (Dasara)
USG007673,FAC039,Davangere,2025-10-08,A+,5,True,Festival travel peak (Dasara)
USG007674,FAC039,Davangere,2025-10-09,B+,5,True,Festival travel peak (Dasara)
USG007675,FAC039,Davangere,2025-10-10,O+,2,True,Festival travel peak (Dasara)
USG007676,FAC039,Davangere,2025-10-10,B+,5,True,Festival travel peak (Dasara)
USG007677,FAC039,Davangere,2025-10-10,A+,7,True,Festival travel peak (Dasara)
USG007678,FAC039,Davangere,2025-10-11,O+,4,False,
USG007679,FAC039,Davangere,2025-10-14,A-,1,False,
USG007680,FAC039,Davangere,2025-10-16,B+,2,False,
USG007681,FAC039,Davangere,2025-10-17,O+,3,False,
USG007682,FAC039,Davangere,2025-10-17,AB+,2,False,
USG007683,FAC039,Davangere,2025-10-18,O+,1,False,
USG007684,FAC039,Davangere,2025-10-18,O-,1,False,
USG007685,FAC039,Davangere,2025-10-19,O+,2,False,
USG007686,FAC039,Davangere,2025-10-19,A+,1,False,
USG007687,FAC039,Davangere,2025-10-20,A+,4,False,
USG007688,FAC039,Davangere,2025-10-21,A-,1,False,
USG007689,FAC039,Davangere,2025-10-24,AB+,4,False,
USG007690,FAC039,Davangere,2025-10-26,O+,4,False,
USG007691,FAC039,Davangere,2025-10-26,B-,2,False,
USG007692,FAC039,Davangere,2025-10-26,AB-,4,False,
USG007693,FAC039,Davangere,2025-10-27,B+,1,False,
USG007694,FAC039,Davangere,2025-10-29,O-,2,False,
USG007695,FAC039,Davangere,2025-10-29,B-,1,False,
USG007696,FAC039,Davangere,2025-10-30,B+,3,False,
USG007697,FAC039,Davangere,2025-10-30,O-,2,False,
USG007698,FAC039,Davangere,2025-10-31,O+,2,False,
USG007699,FAC039,Davangere,2025-10-31,B+,4,False,
USG007700,FAC039,Davangere,2025-11-03,A+,4,True,Local incident spike
USG007701,FAC039,Davangere,2025-11-03,O-,2,True,Local incident spike
USG007702,FAC039,Davangere,2025-11-03,B-,3,True,Local incident spike
USG007703,FAC039,Davangere,2025-11-03,AB-,5,True,Local incident spike
USG007704,FAC039,Davangere,2025-11-05,A-,3,False,
USG007705,FAC039,Davangere,2025-11-07,A+,1,False,
USG007706,FAC039,Davangere,2025-11-10,B+,2,False,
USG007707,FAC039,Davangere,2025-11-10,O-,2,False,
USG007708,FAC039,Davangere,2025-11-12,O-,4,False,
USG007709,FAC039,Davangere,2025-11-14,O+,4,False,
USG007710,FAC039,Davangere,2025-11-14,B-,1,False,
USG007711,FAC039,Davangere,2025-11-14,AB-,2,False,
USG007712,FAC039,Davangere,2025-11-15,O+,3,False,
USG007713,FAC039,Davangere,2025-11-15,A-,4,False,
USG007714,FAC039,Davangere,2025-11-17,A+,2,False,
USG007715,FAC039,Davangere,2025-11-17,AB-,2,False,
USG007716,FAC039,Davangere,2025-11-18,O+,3,False,
USG007717,FAC039,Davangere,2025-11-20,B+,4,False,
USG007718,FAC039,Davangere,2025-11-21,AB-,3,False,
USG007719,FAC039,Davangere,2025-11-22,O+,4,False,
USG007720,FAC039,Davangere,2025-11-23,O+,2,False,
USG007721,FAC039,Davangere,2025-11-23,A+,4,False,
USG007722,FAC039,Davangere,2025-11-23,AB+,1,False,
USG007723,FAC039,Davangere,2025-11-24,O-,4,False,
USG007724,FAC039,Davangere,2025-11-24,B-,3,False,
USG007725,FAC039,Davangere,2025-11-25,O+,4,False,
USG007726,FAC039,Davangere,2025-11-26,B+,3,False,
USG007727,FAC039,Davangere,2025-11-27,O+,2,False,
USG007728,FAC039,Davangere,2025-11-27,A+,2,False,
USG007729,FAC039,Davangere,2025-11-27,O-,2,False,
USG007730,FAC039,Davangere,2025-11-28,O+,4,False,
USG007731,FAC039,Davangere,2025-11-28,A+,3,False,
USG007732,FAC039,Davangere,2025-11-30,O+,4,False,
USG007733,FAC039,Davangere,2025-11-30,A+,3,False,
USG007734,FAC039,Davangere,2025-12-01,A-,4,False,
USG007735,FAC039,Davangere,2025-12-03,O+,4,False,
USG007736,FAC039,Davangere,2025-12-03,AB+,3,False,
USG007737,FAC039,Davangere,2025-12-06,O+,4,False,
USG007738,FAC039,Davangere,2025-12-06,B-,2,False,
USG007739,FAC039,Davangere,2025-12-07,B+,1,False,
USG007740,FAC039,Davangere,2025-12-09,O+,1,False,
USG007741,FAC039,Davangere,2025-12-09,A+,1,False,
USG007742,FAC039,Davangere,2025-12-09,AB-,4,False,
USG007743,FAC039,Davangere,2025-12-10,A+,4,False,
USG007744,FAC039,Davangere,2025-12-12,B-,2,False,
USG007745,FAC039,Davangere,2025-12-13,O+,3,False,
USG007746,FAC039,Davangere,2025-12-13,A+,4,False,
USG007747,FAC039,Davangere,2025-12-14,O+,1,False,
USG007748,FAC039,Davangere,2025-12-15,O+,3,False,
USG007749,FAC039,Davangere,2025-12-15,A+,4,False,
USG007750,FAC039,Davangere,2025-12-16,B+,3,False,
USG007751,FAC039,Davangere,2025-12-17,AB+,1,False,
USG007752,FAC039,Davangere,2025-12-19,B+,3,False,
USG007753,FAC039,Davangere,2025-12-19,AB+,3,False,
USG007754,FAC039,Davangere,2025-12-20,B-,2,False,
USG007755,FAC039,Davangere,2025-12-21,B+,1,False,
USG007756,FAC039,Davangere,2025-12-22,O-,3,False,
USG007757,FAC039,Davangere,2025-12-27,A+,2,False,
USG007758,FAC039,Davangere,2025-12-28,B+,4,False,
USG007759,FAC039,Davangere,2025-12-30,AB+,2,True,New Year travel period
USG007760,FAC039,Davangere,2025-12-31,B+,3,True,New Year travel period
USG007761,FAC039,Davangere,2026-01-01,B+,5,True,New Year travel period
USG007762,FAC039,Davangere,2026-01-01,A+,7,True,New Year travel period
USG007763,FAC039,Davangere,2026-01-02,A+,4,True,New Year travel period
USG007764,FAC039,Davangere,2026-01-02,AB+,4,True,New Year travel period
USG007765,FAC039,Davangere,2026-01-03,B+,4,False,
USG007766,FAC039,Davangere,2026-01-03,O-,4,False,
USG007767,FAC039,Davangere,2026-01-05,B+,4,False,
USG007768,FAC039,Davangere,2026-01-06,O+,1,False,
USG007769,FAC039,Davangere,2026-01-08,B+,1,False,
USG007770,FAC039,Davangere,2026-01-08,A+,2,False,
USG007771,FAC039,Davangere,2026-01-08,O-,2,False,
USG007772,FAC039,Davangere,2026-01-08,AB-,4,False,
USG007773,FAC039,Davangere,2026-01-10,O+,2,False,
USG007774,FAC039,Davangere,2026-01-10,B+,2,False,
USG007775,FAC039,Davangere,2026-01-10,A-,2,False,
USG007776,FAC039,Davangere,2026-01-12,O+,4,False,
USG007777,FAC039,Davangere,2026-01-13,AB+,4,False,
USG007778,FAC039,Davangere,2026-01-13,AB-,1,False,
USG007779,FAC039,Davangere,2026-01-14,O+,2,False,
USG007780,FAC039,Davangere,2026-01-14,AB+,4,False,
USG007781,FAC039,Davangere,2026-01-15,O+,1,False,
USG007782,FAC039,Davangere,2026-01-16,O+,1,False,
USG007783,FAC039,Davangere,2026-01-16,B+,3,False,
USG007784,FAC039,Davangere,2026-01-17,A+,1,False,
USG007785,FAC039,Davangere,2026-01-19,B+,2,False,
USG007786,FAC039,Davangere,2026-01-22,A-,3,False,
USG007787,FAC039,Davangere,2026-01-24,O+,1,False,
USG007788,FAC039,Davangere,2026-01-24,AB+,2,False,
USG007789,FAC039,Davangere,2026-01-26,O+,2,False,
USG007790,FAC039,Davangere,2026-01-26,B+,1,False,
USG007791,FAC039,Davangere,2026-01-27,O+,3,False,
USG007792,FAC039,Davangere,2026-01-27,B+,2,False,
USG007793,FAC039,Davangere,2026-01-27,B-,2,False,
USG007794,FAC039,Davangere,2026-01-29,O+,1,False,
USG007795,FAC039,Davangere,2026-01-30,O+,3,False,
USG007796,FAC039,Davangere,2026-02-02,B+,4,False,
USG007797,FAC039,Davangere,2026-02-03,B+,1,False,
USG007798,FAC039,Davangere,2026-02-05,A+,1,False,
USG007799,FAC039,Davangere,2026-02-05,AB+,1,False,
USG007800,FAC039,Davangere,2026-02-06,A+,4,False,
USG007801,FAC039,Davangere,2026-02-07,B+,4,False,
USG007802,FAC039,Davangere,2026-02-07,B-,4,False,
USG007803,FAC039,Davangere,2026-02-09,AB+,4,False,
USG007804,FAC039,Davangere,2026-02-10,O+,1,False,
USG007805,FAC039,Davangere,2026-02-12,O-,3,False,
USG007806,FAC039,Davangere,2026-02-13,O+,3,False,
USG007807,FAC039,Davangere,2026-02-15,A+,4,False,
USG007808,FAC039,Davangere,2026-02-18,O+,4,False,
USG007809,FAC039,Davangere,2026-02-19,A+,1,False,
USG007810,FAC039,Davangere,2026-02-19,AB+,3,False,
USG007811,FAC039,Davangere,2026-02-19,B-,4,False,
USG007812,FAC039,Davangere,2026-02-20,O-,2,False,
USG007813,FAC039,Davangere,2026-02-21,A+,4,False,
USG007814,FAC039,Davangere,2026-02-22,A+,1,False,
USG007815,FAC039,Davangere,2026-02-23,AB+,4,False,
USG007816,FAC039,Davangere,2026-02-26,O-,2,False,
USG007817,FAC039,Davangere,2026-02-27,O+,2,False,
USG007818,FAC039,Davangere,2026-02-27,A+,1,False,
USG007819,FAC039,Davangere,2026-02-28,O+,3,False,
USG007820,FAC039,Davangere,2026-02-28,B+,1,False,
USG007821,FAC039,Davangere,2026-03-01,O+,7,True,Local incident spike
USG007822,FAC039,Davangere,2026-03-01,A+,6,True,Local incident spike
USG007823,FAC039,Davangere,2026-03-01,AB+,5,True,Local incident spike
USG007824,FAC039,Davangere,2026-03-02,O-,1,False,
USG007825,FAC039,Davangere,2026-03-02,B-,1,False,
USG007826,FAC039,Davangere,2026-03-03,A+,1,False,
USG007827,FAC039,Davangere,2026-03-04,AB+,2,False,
USG007828,FAC039,Davangere,2026-03-05,O+,2,False,
USG007829,FAC039,Davangere,2026-03-07,O+,3,False,
USG007830,FAC039,Davangere,2026-03-09,O+,1,False,
USG007831,FAC039,Davangere,2026-03-10,O+,4,False,
USG007832,FAC039,Davangere,2026-03-10,B-,3,False,
USG007833,FAC039,Davangere,2026-03-11,A+,4,False,
USG007834,FAC039,Davangere,2026-03-12,O+,4,False,
USG007835,FAC039,Davangere,2026-03-13,B+,1,False,
USG007836,FAC039,Davangere,2026-03-14,B+,2,False,
USG007837,FAC039,Davangere,2026-03-14,A+,1,False,
USG007838,FAC039,Davangere,2026-03-15,B+,4,False,
USG007839,FAC039,Davangere,2026-03-16,B-,3,False,
USG007840,FAC039,Davangere,2026-03-17,O+,1,False,
USG007841,FAC039,Davangere,2026-03-17,B+,3,False,
USG007842,FAC039,Davangere,2026-03-20,B+,2,False,
USG007843,FAC039,Davangere,2026-03-21,O-,2,False,
USG007844,FAC039,Davangere,2026-03-21,AB-,4,False,
USG007845,FAC039,Davangere,2026-03-23,O+,3,False,
USG007846,FAC039,Davangere,2026-03-26,O+,1,False,
USG007847,FAC039,Davangere,2026-03-27,O+,3,True,Local incident spike
USG007848,FAC039,Davangere,2026-03-27,B+,3,True,Local incident spike
USG007849,FAC039,Davangere,2026-03-28,O+,4,False,
USG007850,FAC039,Davangere,2026-03-28,B+,3,False,
USG007851,FAC039,Davangere,2026-03-28,A+,3,False,
USG007852,FAC039,Davangere,2026-03-28,AB+,3,False,
USG007853,FAC039,Davangere,2026-03-28,O-,2,False,
USG007854,FAC039,Davangere,2026-03-30,O+,3,False,
USG007855,FAC039,Davangere,2026-03-30,A+,1,False,
USG007856,FAC039,Davangere,2026-03-31,O+,1,False,
USG007857,FAC039,Davangere,2026-04-01,B+,2,False,
USG007858,FAC039,Davangere,2026-04-02,AB-,3,False,
USG007859,FAC039,Davangere,2026-04-03,AB+,4,False,
USG007860,FAC039,Davangere,2026-04-04,O+,3,False,
USG007861,FAC039,Davangere,2026-04-05,A+,1,False,
USG007862,FAC039,Davangere,2026-04-06,O+,3,False,
USG007863,FAC039,Davangere,2026-04-06,AB-,4,False,
USG007864,FAC039,Davangere,2026-04-07,AB+,2,False,
USG007865,FAC039,Davangere,2026-04-08,B+,2,False,
USG007866,FAC039,Davangere,2026-04-11,AB+,1,False,
USG007867,FAC039,Davangere,2026-04-11,A-,1,False,
USG007868,FAC039,Davangere,2026-04-12,A+,1,False,
USG007869,FAC039,Davangere,2026-04-12,AB-,3,False,
USG007870,FAC039,Davangere,2026-04-14,O+,1,False,
USG007871,FAC039,Davangere,2026-04-15,A+,2,False,
USG007872,FAC039,Davangere,2026-04-15,AB+,2,False,
USG007873,FAC039,Davangere,2026-04-16,O+,2,False,
USG007874,FAC039,Davangere,2026-04-17,B+,4,False,
USG007875,FAC039,Davangere,2026-04-17,O-,3,False,
USG007876,FAC039,Davangere,2026-04-17,B-,3,False,
USG007877,FAC039,Davangere,2026-04-19,A+,4,False,
USG007878,FAC039,Davangere,2026-04-20,A+,3,False,
USG007879,FAC039,Davangere,2026-04-21,B+,4,False,
USG007880,FAC039,Davangere,2026-04-22,O+,3,False,
USG007881,FAC039,Davangere,2026-04-22,A+,3,False,
USG007882,FAC039,Davangere,2026-04-23,O-,1,False,
USG007883,FAC039,Davangere,2026-04-23,B-,3,False,
USG007884,FAC039,Davangere,2026-04-25,O+,4,False,
USG007885,FAC039,Davangere,2026-04-25,B-,1,False,
USG007886,FAC039,Davangere,2026-04-28,O+,3,False,
USG007887,FAC039,Davangere,2026-04-28,A+,1,False,
USG007888,FAC039,Davangere,2026-04-28,B-,1,False,
USG007889,FAC039,Davangere,2026-04-28,AB-,3,False,
USG007890,FAC039,Davangere,2026-05-01,O+,2,False,
USG007891,FAC039,Davangere,2026-05-02,O+,2,False,
USG007892,FAC039,Davangere,2026-05-02,B+,4,False,
USG007893,FAC039,Davangere,2026-05-03,B-,1,False,
USG007894,FAC039,Davangere,2026-05-06,A+,2,False,
USG007895,FAC039,Davangere,2026-05-07,AB-,2,False,
USG007896,FAC039,Davangere,2026-05-08,B+,4,False,
USG007897,FAC039,Davangere,2026-05-10,A-,2,False,
USG007898,FAC039,Davangere,2026-05-11,AB+,3,False,
USG007899,FAC039,Davangere,2026-05-11,A-,2,False,
USG007900,FAC039,Davangere,2026-05-13,O+,3,True,Local incident spike
USG007901,FAC039,Davangere,2026-05-13,A+,3,True,Local incident spike
USG007902,FAC039,Davangere,2026-05-17,AB+,3,False,
USG007903,FAC039,Davangere,2026-05-18,A+,3,False,
USG007904,FAC039,Davangere,2026-05-18,A-,4,False,
USG007905,FAC039,Davangere,2026-05-19,O+,1,False,
USG007906,FAC039,Davangere,2026-05-19,B-,1,False,
USG007907,FAC039,Davangere,2026-05-21,B+,2,False,
USG007908,FAC039,Davangere,2026-05-22,B+,1,False,
USG007909,FAC039,Davangere,2026-05-22,AB+,3,False,
USG007910,FAC039,Davangere,2026-05-24,O+,2,False,
USG007911,FAC039,Davangere,2026-05-24,AB+,3,False,
USG007912,FAC039,Davangere,2026-05-26,A-,4,False,
USG007913,FAC039,Davangere,2026-05-26,AB-,2,False,
USG007914,FAC039,Davangere,2026-05-27,B+,1,False,
USG007915,FAC039,Davangere,2026-05-29,O-,4,False,
USG007916,FAC039,Davangere,2026-05-30,B-,4,False,
USG007917,FAC039,Davangere,2026-06-01,B+,2,False,
USG007918,FAC039,Davangere,2026-06-02,A+,1,False,
USG007919,FAC039,Davangere,2026-06-03,AB+,2,False,
USG007920,FAC039,Davangere,2026-06-03,A-,1,False,
USG007921,FAC039,Davangere,2026-06-04,B-,1,False,
USG007922,FAC039,Davangere,2026-06-05,AB-,3,False,
USG007923,FAC039,Davangere,2026-06-06,AB-,4,False,
USG007924,FAC039,Davangere,2026-06-07,O+,2,False,
USG007925,FAC039,Davangere,2026-06-07,B+,2,False,
USG007926,FAC039,Davangere,2026-06-07,A+,2,False,
USG007927,FAC039,Davangere,2026-06-09,AB-,3,False,
USG007928,FAC039,Davangere,2026-06-10,O+,3,False,
USG007929,FAC039,Davangere,2026-06-10,AB-,3,False,
USG007930,FAC039,Davangere,2026-06-13,AB+,2,False,
USG007931,FAC039,Davangere,2026-06-13,A-,1,False,
USG007932,FAC039,Davangere,2026-06-14,A+,2,False,
USG007933,FAC039,Davangere,2026-06-14,AB-,1,False,
USG007934,FAC039,Davangere,2026-06-16,O+,4,False,
USG007935,FAC039,Davangere,2026-06-16,B-,1,False,
USG007936,FAC039,Davangere,2026-06-17,B+,2,False,
USG007937,FAC039,Davangere,2026-06-17,AB+,4,False,
USG007938,FAC039,Davangere,2026-06-18,B+,2,False,
USG007939,FAC039,Davangere,2026-06-19,O-,3,False,
USG007940,FAC039,Davangere,2026-06-20,O+,1,False,
USG007941,FAC039,Davangere,2026-06-21,AB+,1,False,
USG007942,FAC039,Davangere,2026-06-21,O-,2,False,
USG007943,FAC039,Davangere,2026-06-21,A-,4,False,
USG007944,FAC039,Davangere,2026-06-22,O+,2,False,
USG007945,FAC039,Davangere,2026-06-23,O+,2,False,
USG007946,FAC039,Davangere,2026-06-23,B+,3,False,
USG007947,FAC039,Davangere,2026-06-27,O+,4,False,
USG007948,FAC039,Davangere,2026-06-30,B+,3,False,
USG007949,FAC039,Davangere,2026-07-01,B+,4,False,
USG007950,FAC039,Davangere,2026-07-02,B+,3,False,
USG007951,FAC039,Davangere,2026-07-03,O+,2,False,
USG007952,FAC039,Davangere,2026-07-03,B+,1,False,
USG007953,FAC039,Davangere,2026-07-03,AB+,4,False,
USG007954,FAC039,Davangere,2026-07-04,O+,4,False,
USG007955,FAC039,Davangere,2026-07-06,B+,4,False,
USG007956,FAC039,Davangere,2026-07-07,AB+,4,False,
USG007957,FAC039,Davangere,2026-07-08,O+,1,False,
USG007958,FAC039,Davangere,2026-07-08,A+,4,False,
USG007959,FAC039,Davangere,2026-07-12,O+,4,False,
USG007960,FAC039,Davangere,2026-07-13,B+,4,False,
USG007961,FAC039,Davangere,2026-07-13,O-,3,False,
USG007962,FAC039,Davangere,2026-07-13,AB-,1,False,
USG007963,FAC039,Davangere,2026-07-15,B+,4,True,Monsoon peak flood-risk weeks
USG007964,FAC039,Davangere,2026-07-15,AB+,1,True,Monsoon peak flood-risk weeks
USG007965,FAC039,Davangere,2026-07-16,O+,3,True,Monsoon peak flood-risk weeks
USG007966,FAC039,Davangere,2026-07-17,B+,3,True,Monsoon peak flood-risk weeks
USG007967,FAC039,Davangere,2026-07-17,O-,4,True,Monsoon peak flood-risk weeks
USG007968,FAC039,Davangere,2026-07-20,A+,4,True,Monsoon peak flood-risk weeks
USG007969,FAC039,Davangere,2026-07-21,B-,4,True,Monsoon peak flood-risk weeks
USG007970,FAC039,Davangere,2026-07-22,O+,3,True,Monsoon peak flood-risk weeks
USG007971,FAC039,Davangere,2026-07-22,A+,2,True,Monsoon peak flood-risk weeks
USG007972,FAC039,Davangere,2026-07-23,O+,5,True,Monsoon peak flood-risk weeks
USG007973,FAC039,Davangere,2026-07-23,O-,2,True,Monsoon peak flood-risk weeks
USG007974,FAC039,Davangere,2026-07-25,B-,2,True,Monsoon peak flood-risk weeks
USG007975,FAC039,Davangere,2026-07-29,B-,3,True,Monsoon peak flood-risk weeks
USG007976,FAC039,Davangere,2026-07-29,AB-,3,True,Monsoon peak flood-risk weeks
USG007977,FAC039,Davangere,2026-07-30,B+,3,True,Monsoon peak flood-risk weeks
USG007978,FAC039,Davangere,2026-07-31,AB+,1,True,Monsoon peak flood-risk weeks
USG007979,FAC039,Davangere,2026-07-31,AB-,7,True,Monsoon peak flood-risk weeks
USG007980,FAC039,Davangere,2026-08-01,B+,6,True,Monsoon peak flood-risk weeks
USG007981,FAC039,Davangere,2026-08-01,B-,7,True,Monsoon peak flood-risk weeks
USG007982,FAC040,Davangere,2025-08-05,A+,5,True,Monsoon peak flood-risk weeks
USG007983,FAC040,Davangere,2025-08-06,A-,2,False,
USG007984,FAC040,Davangere,2025-08-07,A-,3,False,
USG007985,FAC040,Davangere,2025-08-12,O+,1,False,
USG007986,FAC040,Davangere,2025-08-15,A+,3,False,
USG007987,FAC040,Davangere,2025-08-21,A-,2,False,
USG007988,FAC040,Davangere,2025-08-23,B+,3,False,
USG007989,FAC040,Davangere,2025-08-27,O-,3,False,
USG007990,FAC040,Davangere,2025-08-28,O-,2,False,
USG007991,FAC040,Davangere,2025-08-30,O-,2,False,
USG007992,FAC040,Davangere,2025-08-31,O+,2,False,
USG007993,FAC040,Davangere,2025-09-05,AB+,2,False,
USG007994,FAC040,Davangere,2025-09-07,A+,3,False,
USG007995,FAC040,Davangere,2025-09-12,O+,2,False,
USG007996,FAC040,Davangere,2025-09-14,A+,3,False,
USG007997,FAC040,Davangere,2025-09-14,O-,1,False,
USG007998,FAC040,Davangere,2025-09-15,A-,3,False,
USG007999,FAC040,Davangere,2025-09-16,B+,5,True,Festival travel peak (Dasara)
USG008000,FAC040,Davangere,2025-09-16,A+,1,True,Festival travel peak (Dasara)
USG008001,FAC040,Davangere,2025-09-20,B+,1,True,Festival travel peak (Dasara)
USG008002,FAC040,Davangere,2025-09-21,A+,2,True,Festival travel peak (Dasara)
USG008003,FAC040,Davangere,2025-09-23,AB-,5,True,Festival travel peak (Dasara)
USG008004,FAC040,Davangere,2025-09-24,B+,2,True,Festival travel peak (Dasara)
USG008005,FAC040,Davangere,2025-09-29,AB+,4,True,Festival travel peak (Dasara)
USG008006,FAC040,Davangere,2025-09-30,B+,4,True,Festival travel peak (Dasara)
USG008007,FAC040,Davangere,2025-09-30,O-,2,True,Festival travel peak (Dasara)
USG008008,FAC040,Davangere,2025-10-02,A-,3,True,Festival travel peak (Dasara)
USG008009,FAC040,Davangere,2025-10-06,O+,5,True,Festival travel peak (Dasara)
USG008010,FAC040,Davangere,2025-10-06,A+,3,True,Festival travel peak (Dasara)
USG008011,FAC040,Davangere,2025-10-07,O+,5,True,Festival travel peak (Dasara)
USG008012,FAC040,Davangere,2025-10-09,O+,2,True,Festival travel peak (Dasara)
USG008013,FAC040,Davangere,2025-10-09,B+,2,True,Festival travel peak (Dasara)
USG008014,FAC040,Davangere,2025-10-10,B+,1,True,Festival travel peak (Dasara)
USG008015,FAC040,Davangere,2025-10-24,A+,2,False,
USG008016,FAC040,Davangere,2025-10-27,O+,2,False,
USG008017,FAC040,Davangere,2025-10-28,A+,1,False,
USG008018,FAC040,Davangere,2025-11-02,AB+,2,False,
USG008019,FAC040,Davangere,2025-11-03,B+,1,False,
USG008020,FAC040,Davangere,2025-11-04,A+,3,False,
USG008021,FAC040,Davangere,2025-11-04,A-,1,False,
USG008022,FAC040,Davangere,2025-11-09,O+,1,False,
USG008023,FAC040,Davangere,2025-11-09,B+,1,False,
USG008024,FAC040,Davangere,2025-11-09,AB-,1,False,
USG008025,FAC040,Davangere,2025-11-13,O+,3,False,
USG008026,FAC040,Davangere,2025-11-14,O+,3,False,
USG008027,FAC040,Davangere,2025-11-15,O+,2,False,
USG008028,FAC040,Davangere,2025-11-15,O-,3,False,
USG008029,FAC040,Davangere,2025-11-16,AB-,2,False,
USG008030,FAC040,Davangere,2025-11-22,A+,2,False,
USG008031,FAC040,Davangere,2025-11-23,O+,4,True,Local incident spike
USG008032,FAC040,Davangere,2025-11-23,B+,3,True,Local incident spike
USG008033,FAC040,Davangere,2025-11-28,B+,2,False,
USG008034,FAC040,Davangere,2025-11-28,A-,2,False,
USG008035,FAC040,Davangere,2025-11-29,AB+,2,False,
USG008036,FAC040,Davangere,2025-11-30,B+,1,False,
USG008037,FAC040,Davangere,2025-11-30,AB+,1,False,
USG008038,FAC040,Davangere,2025-12-10,B+,3,False,
USG008039,FAC040,Davangere,2025-12-12,B+,2,False,
USG008040,FAC040,Davangere,2025-12-13,A+,2,False,
USG008041,FAC040,Davangere,2025-12-14,B+,2,False,
USG008042,FAC040,Davangere,2025-12-16,O+,1,False,
USG008043,FAC040,Davangere,2025-12-18,O+,2,False,
USG008044,FAC040,Davangere,2025-12-20,A+,2,False,
USG008045,FAC040,Davangere,2025-12-22,O+,3,False,
USG008046,FAC040,Davangere,2025-12-26,O+,2,False,
USG008047,FAC040,Davangere,2025-12-30,AB+,5,True,New Year travel period
USG008048,FAC040,Davangere,2026-01-01,B+,1,True,New Year travel period
USG008049,FAC040,Davangere,2026-01-03,B+,1,False,
USG008050,FAC040,Davangere,2026-01-04,O+,3,False,
USG008051,FAC040,Davangere,2026-01-09,A+,3,False,
USG008052,FAC040,Davangere,2026-01-10,A-,3,False,
USG008053,FAC040,Davangere,2026-01-14,A+,2,False,
USG008054,FAC040,Davangere,2026-01-15,O-,3,False,
USG008055,FAC040,Davangere,2026-01-16,O+,2,False,
USG008056,FAC040,Davangere,2026-01-16,AB+,3,False,
USG008057,FAC040,Davangere,2026-01-19,O-,3,False,
USG008058,FAC040,Davangere,2026-01-20,AB+,1,False,
USG008059,FAC040,Davangere,2026-01-23,O+,3,False,
USG008060,FAC040,Davangere,2026-01-26,B+,3,False,
USG008061,FAC040,Davangere,2026-01-31,A+,3,False,
USG008062,FAC040,Davangere,2026-01-31,AB-,1,False,
USG008063,FAC040,Davangere,2026-02-03,O-,1,False,
USG008064,FAC040,Davangere,2026-02-14,A+,1,False,
USG008065,FAC040,Davangere,2026-02-15,AB-,3,False,
USG008066,FAC040,Davangere,2026-02-24,A+,3,False,
USG008067,FAC040,Davangere,2026-02-26,A+,2,False,
USG008068,FAC040,Davangere,2026-02-28,A-,1,False,
USG008069,FAC040,Davangere,2026-03-04,B+,2,False,
USG008070,FAC040,Davangere,2026-03-17,AB+,2,False,
USG008071,FAC040,Davangere,2026-03-19,O+,1,False,
USG008072,FAC040,Davangere,2026-03-20,O+,1,True,Local incident spike
USG008073,FAC040,Davangere,2026-03-23,B+,1,False,
USG008074,FAC040,Davangere,2026-03-24,A+,1,False,
USG008075,FAC040,Davangere,2026-03-26,A+,2,False,
USG008076,FAC040,Davangere,2026-04-02,B+,1,False,
USG008077,FAC040,Davangere,2026-04-04,A-,3,False,
USG008078,FAC040,Davangere,2026-04-05,B+,1,False,
USG008079,FAC040,Davangere,2026-04-08,AB+,3,False,
USG008080,FAC040,Davangere,2026-04-13,B+,2,False,
USG008081,FAC040,Davangere,2026-04-15,O+,3,False,
USG008082,FAC040,Davangere,2026-04-16,O+,2,False,
USG008083,FAC040,Davangere,2026-04-16,A+,3,False,
USG008084,FAC040,Davangere,2026-04-19,O+,2,False,
USG008085,FAC040,Davangere,2026-04-20,A-,2,False,
USG008086,FAC040,Davangere,2026-04-21,A-,2,False,
USG008087,FAC040,Davangere,2026-04-23,A+,1,False,
USG008088,FAC040,Davangere,2026-05-06,B+,3,False,
USG008089,FAC040,Davangere,2026-05-10,A+,3,False,
USG008090,FAC040,Davangere,2026-05-11,A+,3,False,
USG008091,FAC040,Davangere,2026-05-16,O+,1,False,
USG008092,FAC040,Davangere,2026-05-16,B+,3,False,
USG008093,FAC040,Davangere,2026-05-17,AB-,1,False,
USG008094,FAC040,Davangere,2026-05-18,B+,3,False,
USG008095,FAC040,Davangere,2026-05-25,A+,1,False,
USG008096,FAC040,Davangere,2026-05-25,AB-,1,False,
USG008097,FAC040,Davangere,2026-05-29,B+,1,False,
USG008098,FAC040,Davangere,2026-05-30,O+,3,False,
USG008099,FAC040,Davangere,2026-05-30,B+,1,False,
USG008100,FAC040,Davangere,2026-06-02,O+,1,False,
USG008101,FAC040,Davangere,2026-06-04,A+,1,False,
USG008102,FAC040,Davangere,2026-06-04,AB-,1,False,
USG008103,FAC040,Davangere,2026-06-14,O+,2,False,
USG008104,FAC040,Davangere,2026-06-19,A+,5,True,Local incident spike
USG008105,FAC040,Davangere,2026-06-22,AB+,1,False,
USG008106,FAC040,Davangere,2026-06-23,O+,2,False,
USG008107,FAC040,Davangere,2026-06-23,AB+,3,False,
USG008108,FAC040,Davangere,2026-06-26,A+,1,False,
USG008109,FAC040,Davangere,2026-06-28,O+,1,False,
USG008110,FAC040,Davangere,2026-06-29,A+,2,False,
USG008111,FAC040,Davangere,2026-07-02,B+,3,False,
USG008112,FAC040,Davangere,2026-07-02,A+,2,False,
USG008113,FAC040,Davangere,2026-07-04,AB-,3,False,
USG008114,FAC040,Davangere,2026-07-08,O+,3,False,
USG008115,FAC040,Davangere,2026-07-08,O-,2,False,
USG008116,FAC040,Davangere,2026-07-10,B+,3,False,
USG008117,FAC040,Davangere,2026-07-17,O-,4,True,Monsoon peak flood-risk weeks
USG008118,FAC040,Davangere,2026-07-18,O+,3,True,Monsoon peak flood-risk weeks
USG008119,FAC040,Davangere,2026-07-18,A-,4,True,Monsoon peak flood-risk weeks
USG008120,FAC040,Davangere,2026-07-21,B+,4,True,Monsoon peak flood-risk weeks
USG008121,FAC040,Davangere,2026-07-25,O+,4,True,Monsoon peak flood-risk weeks
USG008122,FAC040,Davangere,2026-07-26,A+,2,True,Monsoon peak flood-risk weeks
USG008123,FAC040,Davangere,2026-07-26,AB-,2,True,Monsoon peak flood-risk weeks
USG008124,FAC040,Davangere,2026-07-30,A-,2,True,Monsoon peak flood-risk weeks
USG008125,FAC041,Davangere,2025-08-03,A+,3,True,Monsoon peak flood-risk weeks
USG008126,FAC041,Davangere,2025-08-05,O+,3,True,Monsoon peak flood-risk weeks
USG008127,FAC041,Davangere,2025-08-05,A+,4,True,Monsoon peak flood-risk weeks
USG008128,FAC041,Davangere,2025-08-06,A+,3,False,
USG008129,FAC041,Davangere,2025-08-13,O+,3,False,
USG008130,FAC041,Davangere,2025-08-21,AB-,2,False,
USG008131,FAC041,Davangere,2025-08-22,A+,2,False,
USG008132,FAC041,Davangere,2025-08-24,O+,1,False,
USG008133,FAC041,Davangere,2025-08-24,A+,3,False,
USG008134,FAC041,Davangere,2025-08-26,O+,1,False,
USG008135,FAC041,Davangere,2025-08-28,O+,2,False,
USG008136,FAC041,Davangere,2025-08-31,O-,1,False,
USG008137,FAC041,Davangere,2025-09-03,A+,1,False,
USG008138,FAC041,Davangere,2025-09-03,B-,1,False,
USG008139,FAC041,Davangere,2025-09-07,B-,2,False,
USG008140,FAC041,Davangere,2025-09-12,A+,1,False,
USG008141,FAC041,Davangere,2025-09-13,A+,3,False,
USG008142,FAC041,Davangere,2025-09-13,B-,2,False,
USG008143,FAC041,Davangere,2025-09-18,O+,3,True,Festival travel peak (Dasara)
USG008144,FAC041,Davangere,2025-09-19,O-,3,True,Festival travel peak (Dasara)
USG008145,FAC041,Davangere,2025-09-20,A+,1,True,Festival travel peak (Dasara)
USG008146,FAC041,Davangere,2025-09-22,O+,5,True,Festival travel peak (Dasara)
USG008147,FAC041,Davangere,2025-09-23,A+,3,True,Festival travel peak (Dasara)
USG008148,FAC041,Davangere,2025-09-24,O+,2,True,Festival travel peak (Dasara)
USG008149,FAC041,Davangere,2025-09-25,O+,4,True,Festival travel peak (Dasara)
USG008150,FAC041,Davangere,2025-09-27,O+,5,True,Festival travel peak (Dasara)
USG008151,FAC041,Davangere,2025-09-30,O+,2,True,Festival travel peak (Dasara)
USG008152,FAC041,Davangere,2025-09-30,A+,1,True,Festival travel peak (Dasara)
USG008153,FAC041,Davangere,2025-10-01,O-,2,True,Festival travel peak (Dasara)
USG008154,FAC041,Davangere,2025-10-02,O+,2,True,Festival travel peak (Dasara)
USG008155,FAC041,Davangere,2025-10-04,O+,3,True,Festival travel peak (Dasara)
USG008156,FAC041,Davangere,2025-10-05,B-,5,True,Festival travel peak (Dasara)
USG008157,FAC041,Davangere,2025-10-06,O+,4,True,Festival travel peak (Dasara)
USG008158,FAC041,Davangere,2025-10-07,O+,5,True,Festival travel peak (Dasara)
USG008159,FAC041,Davangere,2025-10-09,AB-,1,True,Festival travel peak (Dasara)
USG008160,FAC041,Davangere,2025-10-14,B-,3,False,
USG008161,FAC041,Davangere,2025-10-17,A+,1,False,
USG008162,FAC041,Davangere,2025-10-22,O+,1,False,
USG008163,FAC041,Davangere,2025-10-23,AB-,2,False,
USG008164,FAC041,Davangere,2025-11-02,AB-,1,False,
USG008165,FAC041,Davangere,2025-11-07,O-,3,False,
USG008166,FAC041,Davangere,2025-11-10,O+,1,False,
USG008167,FAC041,Davangere,2025-11-11,O+,2,False,
USG008168,FAC041,Davangere,2025-11-13,AB-,1,False,
USG008169,FAC041,Davangere,2025-11-16,O+,1,False,
USG008170,FAC041,Davangere,2025-11-16,O-,1,False,
USG008171,FAC041,Davangere,2025-11-19,O+,3,False,
USG008172,FAC041,Davangere,2025-11-26,O+,2,False,
USG008173,FAC041,Davangere,2025-11-26,A+,1,False,
USG008174,FAC041,Davangere,2025-11-27,A+,3,False,
USG008175,FAC041,Davangere,2025-11-29,A+,2,False,
USG008176,FAC041,Davangere,2025-12-01,B-,3,False,
USG008177,FAC041,Davangere,2025-12-04,O+,3,False,
USG008178,FAC041,Davangere,2025-12-07,A+,3,False,
USG008179,FAC041,Davangere,2025-12-09,O+,2,False,
USG008180,FAC041,Davangere,2025-12-20,O+,3,False,
USG008181,FAC041,Davangere,2025-12-21,O+,2,False,
USG008182,FAC041,Davangere,2025-12-22,A+,2,False,
USG008183,FAC041,Davangere,2026-01-02,O-,3,True,New Year travel period
USG008184,FAC041,Davangere,2026-01-03,A+,5,True,Local incident spike
USG008185,FAC041,Davangere,2026-01-04,B-,1,False,
USG008186,FAC041,Davangere,2026-01-07,O-,1,False,
USG008187,FAC041,Davangere,2026-01-12,O+,2,False,
USG008188,FAC041,Davangere,2026-01-14,O+,3,False,
USG008189,FAC041,Davangere,2026-01-20,O+,2,False,
USG008190,FAC041,Davangere,2026-01-21,O+,1,False,
USG008191,FAC041,Davangere,2026-01-22,A+,2,False,
USG008192,FAC041,Davangere,2026-01-23,O-,1,False,
USG008193,FAC041,Davangere,2026-01-30,O+,3,False,
USG008194,FAC041,Davangere,2026-01-31,O+,2,False,
USG008195,FAC041,Davangere,2026-02-02,A+,1,False,
USG008196,FAC041,Davangere,2026-02-10,O-,1,False,
USG008197,FAC041,Davangere,2026-02-22,O-,2,False,
USG008198,FAC041,Davangere,2026-02-23,O-,2,False,
USG008199,FAC041,Davangere,2026-03-06,O-,3,False,
USG008200,FAC041,Davangere,2026-03-11,O+,2,False,
USG008201,FAC041,Davangere,2026-03-11,AB-,3,False,
USG008202,FAC041,Davangere,2026-03-14,AB-,1,False,
USG008203,FAC041,Davangere,2026-03-16,O+,2,False,
USG008204,FAC041,Davangere,2026-03-16,AB-,1,False,
USG008205,FAC041,Davangere,2026-03-19,O+,3,False,
USG008206,FAC041,Davangere,2026-03-23,O-,1,False,
USG008207,FAC041,Davangere,2026-03-26,O+,2,False,
USG008208,FAC041,Davangere,2026-03-29,A+,2,False,
USG008209,FAC041,Davangere,2026-04-02,B-,2,False,
USG008210,FAC041,Davangere,2026-04-10,O+,2,False,
USG008211,FAC041,Davangere,2026-04-10,A+,1,False,
USG008212,FAC041,Davangere,2026-04-13,A+,3,False,
USG008213,FAC041,Davangere,2026-04-17,AB-,3,False,
USG008214,FAC041,Davangere,2026-04-18,A+,2,False,
USG008215,FAC041,Davangere,2026-04-20,O-,1,False,
USG008216,FAC041,Davangere,2026-04-26,O+,2,False,
USG008217,FAC041,Davangere,2026-04-27,O+,1,False,
USG008218,FAC041,Davangere,2026-04-28,O+,1,False,
USG008219,FAC041,Davangere,2026-04-30,O+,2,False,
USG008220,FAC041,Davangere,2026-05-02,AB-,3,False,
USG008221,FAC041,Davangere,2026-05-08,A+,2,False,
USG008222,FAC041,Davangere,2026-05-09,O-,2,False,
USG008223,FAC041,Davangere,2026-05-14,AB-,3,False,
USG008224,FAC041,Davangere,2026-05-15,A+,3,False,
USG008225,FAC041,Davangere,2026-05-21,O+,1,False,
USG008226,FAC041,Davangere,2026-05-21,A+,3,False,
USG008227,FAC041,Davangere,2026-05-25,AB-,3,False,
USG008228,FAC041,Davangere,2026-05-28,B-,3,False,
USG008229,FAC041,Davangere,2026-06-01,A+,3,False,
USG008230,FAC041,Davangere,2026-06-05,AB-,3,False,
USG008231,FAC041,Davangere,2026-06-06,AB-,1,False,
USG008232,FAC041,Davangere,2026-06-07,O+,2,False,
USG008233,FAC041,Davangere,2026-06-08,A+,1,False,
USG008234,FAC041,Davangere,2026-06-11,AB-,3,False,
USG008235,FAC041,Davangere,2026-06-12,O+,3,False,
USG008236,FAC041,Davangere,2026-06-14,AB-,2,False,
USG008237,FAC041,Davangere,2026-06-15,A+,1,False,
USG008238,FAC041,Davangere,2026-06-19,B-,2,False,
USG008239,FAC041,Davangere,2026-06-23,O+,1,False,
USG008240,FAC041,Davangere,2026-06-28,O-,1,False,
USG008241,FAC041,Davangere,2026-06-29,O+,3,False,
USG008242,FAC041,Davangere,2026-07-01,B-,3,False,
USG008243,FAC041,Davangere,2026-07-10,A+,2,False,
USG008244,FAC041,Davangere,2026-07-11,O+,1,False,
USG008245,FAC041,Davangere,2026-07-14,O-,1,False,
USG008246,FAC041,Davangere,2026-07-16,O+,1,True,Monsoon peak flood-risk weeks
USG008247,FAC041,Davangere,2026-07-17,O+,4,True,Monsoon peak flood-risk weeks
USG008248,FAC041,Davangere,2026-07-24,O+,1,True,Monsoon peak flood-risk weeks
USG008249,FAC041,Davangere,2026-07-29,O+,3,True,Monsoon peak flood-risk weeks
USG008250,FAC042,Davangere,2025-08-02,O-,3,True,Monsoon peak flood-risk weeks
USG008251,FAC042,Davangere,2025-08-04,O-,3,True,Monsoon peak flood-risk weeks
USG008252,FAC042,Davangere,2025-08-05,B+,3,True,Monsoon peak flood-risk weeks
USG008253,FAC042,Davangere,2025-08-10,A+,4,True,Local incident spike
USG008254,FAC042,Davangere,2025-08-10,AB+,1,True,Local incident spike
USG008255,FAC042,Davangere,2025-08-13,A-,2,False,
USG008256,FAC042,Davangere,2025-08-16,A+,2,False,
USG008257,FAC042,Davangere,2025-08-17,B+,1,False,
USG008258,FAC042,Davangere,2025-08-19,A+,2,False,
USG008259,FAC042,Davangere,2025-08-22,B+,1,False,
USG008260,FAC042,Davangere,2025-08-28,B+,3,False,
USG008261,FAC042,Davangere,2025-08-28,AB+,1,False,
USG008262,FAC042,Davangere,2025-08-29,B+,3,False,
USG008263,FAC042,Davangere,2025-08-29,A+,1,False,
USG008264,FAC042,Davangere,2025-09-16,A+,3,True,Festival travel peak (Dasara)
USG008265,FAC042,Davangere,2025-09-17,A+,1,True,Festival travel peak (Dasara)
USG008266,FAC042,Davangere,2025-09-18,A+,1,True,Festival travel peak (Dasara)
USG008267,FAC042,Davangere,2025-09-19,A-,3,True,Festival travel peak (Dasara)
USG008268,FAC042,Davangere,2025-09-23,AB+,3,True,Festival travel peak (Dasara)
USG008269,FAC042,Davangere,2025-09-25,B+,5,True,Festival travel peak (Dasara)
USG008270,FAC042,Davangere,2025-09-27,A+,4,True,Festival travel peak (Dasara)
USG008271,FAC042,Davangere,2025-09-28,A-,5,True,Festival travel peak (Dasara)
USG008272,FAC042,Davangere,2025-09-30,A-,5,True,Festival travel peak (Dasara)
USG008273,FAC042,Davangere,2025-10-02,AB-,5,True,Festival travel peak (Dasara)
USG008274,FAC042,Davangere,2025-10-03,A+,1,True,Festival travel peak (Dasara)
USG008275,FAC042,Davangere,2025-10-03,O-,3,True,Festival travel peak (Dasara)
USG008276,FAC042,Davangere,2025-10-07,AB+,3,True,Festival travel peak (Dasara)
USG008277,FAC042,Davangere,2025-10-10,B+,3,True,Festival travel peak (Dasara)
USG008278,FAC042,Davangere,2025-10-12,O-,3,False,
USG008279,FAC042,Davangere,2025-10-19,A-,1,False,
USG008280,FAC042,Davangere,2025-10-20,AB-,3,False,
USG008281,FAC042,Davangere,2025-10-22,AB-,1,False,
USG008282,FAC042,Davangere,2025-10-27,AB+,2,False,
USG008283,FAC042,Davangere,2025-11-11,A+,1,False,
USG008284,FAC042,Davangere,2025-11-15,B+,1,False,
USG008285,FAC042,Davangere,2025-11-19,A+,3,False,
USG008286,FAC042,Davangere,2025-11-20,B+,3,False,
USG008287,FAC042,Davangere,2025-11-22,AB-,5,True,Local incident spike
USG008288,FAC042,Davangere,2025-11-23,AB-,2,False,
USG008289,FAC042,Davangere,2025-11-24,B+,2,False,
USG008290,FAC042,Davangere,2025-11-28,A+,2,False,
USG008291,FAC042,Davangere,2025-12-04,A+,1,False,
USG008292,FAC042,Davangere,2025-12-07,B+,2,False,
USG008293,FAC042,Davangere,2025-12-11,B+,3,False,
USG008294,FAC042,Davangere,2025-12-12,A+,3,False,
USG008295,FAC042,Davangere,2025-12-13,B+,3,False,
USG008296,FAC042,Davangere,2025-12-13,O-,1,False,
USG008297,FAC042,Davangere,2025-12-14,A+,2,False,
USG008298,FAC042,Davangere,2025-12-25,A-,2,False,
USG008299,FAC042,Davangere,2026-01-03,B+,2,False,
USG008300,FAC042,Davangere,2026-01-06,B+,2,False,
USG008301,FAC042,Davangere,2026-01-06,AB-,2,False,
USG008302,FAC042,Davangere,2026-01-09,B+,3,False,
USG008303,FAC042,Davangere,2026-01-12,AB+,3,False,
USG008304,FAC042,Davangere,2026-01-15,AB+,1,False,
USG008305,FAC042,Davangere,2026-01-21,AB+,2,False,
USG008306,FAC042,Davangere,2026-01-25,B+,1,False,
USG008307,FAC042,Davangere,2026-01-26,O-,3,False,
USG008308,FAC042,Davangere,2026-01-31,A-,1,False,
USG008309,FAC042,Davangere,2026-02-01,A-,3,False,
USG008310,FAC042,Davangere,2026-02-07,AB-,1,False,
USG008311,FAC042,Davangere,2026-02-09,AB+,2,False,
USG008312,FAC042,Davangere,2026-02-18,A-,1,False,
USG008313,FAC042,Davangere,2026-02-22,AB+,1,False,
USG008314,FAC042,Davangere,2026-02-25,A-,1,False,
USG008315,FAC042,Davangere,2026-03-05,AB+,3,False,
USG008316,FAC042,Davangere,2026-03-08,O-,1,False,
USG008317,FAC042,Davangere,2026-03-09,A+,1,False,
USG008318,FAC042,Davangere,2026-03-10,B+,2,False,
USG008319,FAC042,Davangere,2026-03-10,A+,2,False,
USG008320,FAC042,Davangere,2026-03-12,A+,2,False,
USG008321,FAC042,Davangere,2026-03-13,AB-,3,False,
USG008322,FAC042,Davangere,2026-03-16,B+,2,False,
USG008323,FAC042,Davangere,2026-03-18,AB-,3,False,
USG008324,FAC042,Davangere,2026-03-20,A-,3,False,
USG008325,FAC042,Davangere,2026-03-28,A+,3,False,
USG008326,FAC042,Davangere,2026-03-31,AB-,2,False,
USG008327,FAC042,Davangere,2026-04-01,A+,2,False,
USG008328,FAC042,Davangere,2026-04-03,A-,1,False,
USG008329,FAC042,Davangere,2026-04-09,AB-,3,False,
USG008330,FAC042,Davangere,2026-04-18,B+,1,False,
USG008331,FAC042,Davangere,2026-04-24,AB+,3,False,
USG008332,FAC042,Davangere,2026-04-28,B+,1,False,
USG008333,FAC042,Davangere,2026-04-29,B+,2,False,
USG008334,FAC042,Davangere,2026-05-03,AB+,2,False,
USG008335,FAC042,Davangere,2026-05-09,B+,3,False,
USG008336,FAC042,Davangere,2026-05-18,A-,2,False,
USG008337,FAC042,Davangere,2026-05-20,A+,3,False,
USG008338,FAC042,Davangere,2026-05-26,B+,1,False,
USG008339,FAC042,Davangere,2026-05-26,A-,3,False,
USG008340,FAC042,Davangere,2026-05-27,O-,3,False,
USG008341,FAC042,Davangere,2026-05-31,AB+,3,False,
USG008342,FAC042,Davangere,2026-05-31,O-,1,False,
USG008343,FAC042,Davangere,2026-06-01,B+,2,False,
USG008344,FAC042,Davangere,2026-06-01,A+,2,False,
USG008345,FAC042,Davangere,2026-06-01,AB-,3,False,
USG008346,FAC042,Davangere,2026-06-02,A+,3,False,
USG008347,FAC042,Davangere,2026-06-04,A+,3,False,
USG008348,FAC042,Davangere,2026-06-04,AB+,1,False,
USG008349,FAC042,Davangere,2026-06-05,B+,2,False,
USG008350,FAC042,Davangere,2026-06-15,B+,2,False,
USG008351,FAC042,Davangere,2026-06-16,AB-,1,False,
USG008352,FAC042,Davangere,2026-06-18,A-,2,False,
USG008353,FAC042,Davangere,2026-07-01,B+,3,False,
USG008354,FAC042,Davangere,2026-07-04,A+,1,False,
USG008355,FAC042,Davangere,2026-07-15,AB+,5,True,Monsoon peak flood-risk weeks
USG008356,FAC042,Davangere,2026-07-17,B+,3,True,Monsoon peak flood-risk weeks
USG008357,FAC042,Davangere,2026-07-18,B+,4,True,Monsoon peak flood-risk weeks
USG008358,FAC042,Davangere,2026-07-18,A+,5,True,Monsoon peak flood-risk weeks
USG008359,FAC042,Davangere,2026-07-22,A+,4,True,Monsoon peak flood-risk weeks
USG008360,FAC042,Davangere,2026-07-23,A+,3,True,Monsoon peak flood-risk weeks
USG008361,FAC042,Davangere,2026-07-25,B+,3,True,Monsoon peak flood-risk weeks
USG008362,FAC042,Davangere,2026-07-26,B+,5,True,Monsoon peak flood-risk weeks
USG008363,FAC042,Davangere,2026-07-26,AB+,5,True,Monsoon peak flood-risk weeks
USG008364,FAC042,Davangere,2026-07-27,B+,3,True,Monsoon peak flood-risk weeks
USG008365,FAC042,Davangere,2026-07-27,A+,4,True,Monsoon peak flood-risk weeks
USG008366,FAC042,Davangere,2026-07-29,A+,2,True,Monsoon peak flood-risk weeks
USG008367,FAC042,Davangere,2026-07-31,B+,5,True,Monsoon peak flood-risk weeks
USG008368,FAC043,Davangere,2025-08-25,O-,1,False,
USG008369,FAC043,Davangere,2025-09-30,O+,3,True,Festival travel peak (Dasara)
USG008370,FAC043,Davangere,2025-10-01,O+,1,True,Festival travel peak (Dasara)
USG008371,FAC043,Davangere,2025-10-07,O+,1,True,Festival travel peak (Dasara)
USG008372,FAC043,Davangere,2025-10-10,O+,4,True,Festival travel peak (Dasara)
USG008373,FAC043,Davangere,2025-10-28,B+,1,False,
USG008374,FAC043,Davangere,2025-11-20,A+,1,False,
USG008375,FAC043,Davangere,2025-11-24,B+,2,False,
USG008376,FAC043,Davangere,2025-11-27,O+,1,False,
USG008377,FAC043,Davangere,2025-12-15,O+,2,False,
USG008378,FAC043,Davangere,2025-12-15,O-,1,False,
USG008379,FAC043,Davangere,2025-12-17,A+,2,False,
USG008380,FAC043,Davangere,2025-12-20,B+,2,False,
USG008381,FAC043,Davangere,2025-12-25,B+,1,False,
USG008382,FAC043,Davangere,2026-01-02,O+,3,True,New Year travel period
USG008383,FAC043,Davangere,2026-01-16,O+,1,False,
USG008384,FAC043,Davangere,2026-01-17,O+,2,False,
USG008385,FAC043,Davangere,2026-01-21,B+,2,False,
USG008386,FAC043,Davangere,2026-02-19,O+,2,False,
USG008387,FAC043,Davangere,2026-02-22,O+,1,False,
USG008388,FAC043,Davangere,2026-02-23,O+,2,False,
USG008389,FAC043,Davangere,2026-02-27,O-,2,False,
USG008390,FAC043,Davangere,2026-03-06,B+,2,False,
USG008391,FAC043,Davangere,2026-04-01,B+,1,False,
USG008392,FAC043,Davangere,2026-04-01,O-,1,False,
USG008393,FAC043,Davangere,2026-04-13,O-,2,False,
USG008394,FAC043,Davangere,2026-05-10,O+,2,False,
USG008395,FAC043,Davangere,2026-05-13,B+,2,False,
USG008396,FAC043,Davangere,2026-06-08,A+,2,False,
USG008397,FAC043,Davangere,2026-06-17,A+,1,False,
USG008398,FAC043,Davangere,2026-06-27,O-,2,False,
USG008399,FAC043,Davangere,2026-07-06,A+,2,False,
USG008400,FAC043,Davangere,2026-07-14,O+,1,False,
USG008401,FAC043,Davangere,2026-07-16,B+,3,True,Monsoon peak flood-risk weeks
USG008402,FAC043,Davangere,2026-07-19,O+,3,True,Monsoon peak flood-risk weeks
USG008403,FAC043,Davangere,2026-07-20,O+,2,True,Monsoon peak flood-risk weeks
USG008404,FAC043,Davangere,2026-07-22,O+,1,True,Monsoon peak flood-risk weeks
USG008405,FAC044,Davangere,2025-08-02,A+,2,True,Monsoon peak flood-risk weeks
USG008406,FAC044,Davangere,2025-08-31,O-,2,False,
USG008407,FAC044,Davangere,2025-09-07,O+,2,False,
USG008408,FAC044,Davangere,2025-09-10,O+,1,False,
USG008409,FAC044,Davangere,2025-09-19,A+,2,True,Festival travel peak (Dasara)
USG008410,FAC044,Davangere,2025-09-22,O+,3,True,Festival travel peak (Dasara)
USG008411,FAC044,Davangere,2025-09-24,B+,3,True,Festival travel peak (Dasara)
USG008412,FAC044,Davangere,2025-09-28,A+,3,True,Festival travel peak (Dasara)
USG008413,FAC044,Davangere,2025-09-30,A+,2,True,Festival travel peak (Dasara)
USG008414,FAC044,Davangere,2025-09-30,O+,3,True,Festival travel peak (Dasara)
USG008415,FAC044,Davangere,2025-09-30,O-,2,True,Festival travel peak (Dasara)
USG008416,FAC044,Davangere,2025-10-11,O-,1,False,
USG008417,FAC044,Davangere,2025-10-12,A+,2,False,
USG008418,FAC044,Davangere,2025-10-17,A+,2,False,
USG008419,FAC044,Davangere,2025-11-05,A+,1,False,
USG008420,FAC044,Davangere,2025-11-12,A+,1,False,
USG008421,FAC044,Davangere,2025-11-16,B+,2,False,
USG008422,FAC044,Davangere,2025-11-18,O+,1,False,
USG008423,FAC044,Davangere,2025-11-25,O-,1,False,
USG008424,FAC044,Davangere,2025-12-13,B+,2,False,
USG008425,FAC044,Davangere,2026-01-03,B+,2,False,
USG008426,FAC044,Davangere,2026-01-06,O-,2,False,
USG008427,FAC044,Davangere,2026-02-03,O+,1,False,
USG008428,FAC044,Davangere,2026-02-17,A+,1,False,
USG008429,FAC044,Davangere,2026-02-18,B+,1,False,
USG008430,FAC044,Davangere,2026-02-24,B+,1,False,
USG008431,FAC044,Davangere,2026-03-16,B+,2,False,
USG008432,FAC044,Davangere,2026-03-29,B+,2,False,
USG008433,FAC044,Davangere,2026-04-05,O-,2,False,
USG008434,FAC044,Davangere,2026-04-12,O+,2,False,
USG008435,FAC044,Davangere,2026-04-17,B+,2,False,
USG008436,FAC044,Davangere,2026-05-04,A+,1,False,
USG008437,FAC044,Davangere,2026-05-19,B+,1,False,
USG008438,FAC044,Davangere,2026-05-25,A+,1,False,
USG008439,FAC044,Davangere,2026-05-29,A+,3,True,Local incident spike
USG008440,FAC044,Davangere,2026-06-19,A+,1,False,
USG008441,FAC044,Davangere,2026-06-24,B+,2,False,
USG008442,FAC044,Davangere,2026-06-25,A+,1,False,
USG008443,FAC044,Davangere,2026-07-15,B+,3,True,Monsoon peak flood-risk weeks
USG008444,FAC044,Davangere,2026-07-29,B+,1,True,Monsoon peak flood-risk weeks
USG008445,FAC044,Davangere,2026-07-31,O+,1,True,Monsoon peak flood-risk weeks
USG008446,FAC044,Davangere,2026-07-31,O-,1,True,Monsoon peak flood-risk weeks
USG008447,FAC045,Davangere,2025-08-05,A+,3,True,Monsoon peak flood-risk weeks
USG008448,FAC045,Davangere,2025-08-11,O+,2,False,
USG008449,FAC045,Davangere,2025-08-15,O+,2,False,
USG008450,FAC045,Davangere,2025-08-17,O+,2,False,
USG008451,FAC045,Davangere,2025-09-22,O-,3,True,Festival travel peak (Dasara)
USG008452,FAC045,Davangere,2025-09-24,B+,3,True,Festival travel peak (Dasara)
USG008453,FAC045,Davangere,2025-10-02,O-,2,True,Festival travel peak (Dasara)
USG008454,FAC045,Davangere,2025-10-06,O+,3,True,Festival travel peak (Dasara)
USG008455,FAC045,Davangere,2025-10-11,A+,1,False,
USG008456,FAC045,Davangere,2025-10-20,O-,2,False,
USG008457,FAC045,Davangere,2025-10-27,O+,1,False,
USG008458,FAC045,Davangere,2025-11-18,B+,2,False,
USG008459,FAC045,Davangere,2025-12-14,A+,1,False,
USG008460,FAC045,Davangere,2025-12-17,A+,2,False,
USG008461,FAC045,Davangere,2025-12-23,O+,2,False,
USG008462,FAC045,Davangere,2026-01-01,O-,3,True,New Year travel period
USG008463,FAC045,Davangere,2026-01-21,O+,1,False,
USG008464,FAC045,Davangere,2026-01-28,A+,2,False,
USG008465,FAC045,Davangere,2026-01-28,O+,1,False,
USG008466,FAC045,Davangere,2026-02-14,O+,2,False,
USG008467,FAC045,Davangere,2026-02-20,O+,1,False,
USG008468,FAC045,Davangere,2026-02-22,B+,1,False,
USG008469,FAC045,Davangere,2026-03-10,A+,2,False,
USG008470,FAC045,Davangere,2026-03-13,O+,1,False,
USG008471,FAC045,Davangere,2026-03-16,A+,2,False,
USG008472,FAC045,Davangere,2026-04-03,A+,1,False,
USG008473,FAC045,Davangere,2026-04-04,A+,1,False,
USG008474,FAC045,Davangere,2026-04-09,B+,2,False,
USG008475,FAC045,Davangere,2026-04-21,A+,2,False,
USG008476,FAC045,Davangere,2026-04-25,B+,2,False,
USG008477,FAC045,Davangere,2026-05-04,O+,2,False,
USG008478,FAC045,Davangere,2026-05-10,O+,2,False,
USG008479,FAC045,Davangere,2026-05-23,A+,3,True,Local incident spike
USG008480,FAC045,Davangere,2026-05-31,B+,2,False,
USG008481,FAC045,Davangere,2026-06-03,O+,1,False,
USG008482,FAC045,Davangere,2026-07-03,A+,1,False,
USG008483,FAC045,Davangere,2026-07-25,A+,2,True,Monsoon peak flood-risk weeks
USG008484,FAC046,Chitradurga,2025-08-02,O+,3,True,Monsoon peak flood-risk weeks
USG008485,FAC046,Chitradurga,2025-08-02,B+,1,True,Monsoon peak flood-risk weeks
USG008486,FAC046,Chitradurga,2025-08-02,A+,5,True,Monsoon peak flood-risk weeks
USG008487,FAC046,Chitradurga,2025-08-02,O-,1,True,Monsoon peak flood-risk weeks
USG008488,FAC046,Chitradurga,2025-08-03,O+,7,True,Monsoon peak flood-risk weeks
USG008489,FAC046,Chitradurga,2025-08-04,O+,2,True,Monsoon peak flood-risk weeks
USG008490,FAC046,Chitradurga,2025-08-07,B+,1,False,
USG008491,FAC046,Chitradurga,2025-08-07,B-,1,False,
USG008492,FAC046,Chitradurga,2025-08-07,AB-,4,False,
USG008493,FAC046,Chitradurga,2025-08-08,B+,4,False,
USG008494,FAC046,Chitradurga,2025-08-09,A+,4,False,
USG008495,FAC046,Chitradurga,2025-08-09,O-,4,False,
USG008496,FAC046,Chitradurga,2025-08-11,O+,3,False,
USG008497,FAC046,Chitradurga,2025-08-12,O+,3,False,
USG008498,FAC046,Chitradurga,2025-08-13,AB-,1,False,
USG008499,FAC046,Chitradurga,2025-08-15,B+,3,False,
USG008500,FAC046,Chitradurga,2025-08-15,A+,4,False,
USG008501,FAC046,Chitradurga,2025-08-15,A-,2,False,
USG008502,FAC046,Chitradurga,2025-08-17,AB+,2,False,
USG008503,FAC046,Chitradurga,2025-08-17,B-,3,False,
USG008504,FAC046,Chitradurga,2025-08-18,B+,2,False,
USG008505,FAC046,Chitradurga,2025-08-20,O+,4,False,
USG008506,FAC046,Chitradurga,2025-08-22,O-,3,False,
USG008507,FAC046,Chitradurga,2025-08-23,O+,1,False,
USG008508,FAC046,Chitradurga,2025-08-23,AB-,3,False,
USG008509,FAC046,Chitradurga,2025-08-24,O+,4,False,
USG008510,FAC046,Chitradurga,2025-08-24,B+,3,False,
USG008511,FAC046,Chitradurga,2025-08-24,A+,3,False,
USG008512,FAC046,Chitradurga,2025-08-24,AB-,1,False,
USG008513,FAC046,Chitradurga,2025-08-25,O+,2,False,
USG008514,FAC046,Chitradurga,2025-08-25,A+,3,False,
USG008515,FAC046,Chitradurga,2025-08-26,A+,3,False,
USG008516,FAC046,Chitradurga,2025-08-27,AB+,4,False,
USG008517,FAC046,Chitradurga,2025-08-29,A-,4,False,
USG008518,FAC046,Chitradurga,2025-08-30,B+,4,False,
USG008519,FAC046,Chitradurga,2025-08-30,A+,4,False,
USG008520,FAC046,Chitradurga,2025-08-31,O+,2,False,
USG008521,FAC046,Chitradurga,2025-09-01,B+,1,False,
USG008522,FAC046,Chitradurga,2025-09-01,AB+,4,False,
USG008523,FAC046,Chitradurga,2025-09-01,O-,2,False,
USG008524,FAC046,Chitradurga,2025-09-03,B+,1,False,
USG008525,FAC046,Chitradurga,2025-09-04,O+,3,False,
USG008526,FAC046,Chitradurga,2025-09-04,B+,2,False,
USG008527,FAC046,Chitradurga,2025-09-05,O+,4,False,
USG008528,FAC046,Chitradurga,2025-09-05,AB+,4,False,
USG008529,FAC046,Chitradurga,2025-09-06,O+,4,False,
USG008530,FAC046,Chitradurga,2025-09-06,B+,2,False,
USG008531,FAC046,Chitradurga,2025-09-10,O+,3,False,
USG008532,FAC046,Chitradurga,2025-09-12,AB+,1,False,
USG008533,FAC046,Chitradurga,2025-09-14,A+,2,False,
USG008534,FAC046,Chitradurga,2025-09-14,O-,4,False,
USG008535,FAC046,Chitradurga,2025-09-17,O-,6,True,Festival travel peak (Dasara)
USG008536,FAC046,Chitradurga,2025-09-17,A-,5,True,Festival travel peak (Dasara)
USG008537,FAC046,Chitradurga,2025-09-18,B+,7,True,Festival travel peak (Dasara)
USG008538,FAC046,Chitradurga,2025-09-18,AB+,2,True,Festival travel peak (Dasara)
USG008539,FAC046,Chitradurga,2025-09-18,O-,2,True,Festival travel peak (Dasara)
USG008540,FAC046,Chitradurga,2025-09-19,A-,7,True,Festival travel peak (Dasara)
USG008541,FAC046,Chitradurga,2025-09-21,O+,3,True,Festival travel peak (Dasara)
USG008542,FAC046,Chitradurga,2025-09-21,B+,6,True,Festival travel peak (Dasara)
USG008543,FAC046,Chitradurga,2025-09-21,AB-,1,True,Festival travel peak (Dasara)
USG008544,FAC046,Chitradurga,2025-09-22,A-,2,True,Festival travel peak (Dasara)
USG008545,FAC046,Chitradurga,2025-09-23,O+,2,True,Festival travel peak (Dasara)
USG008546,FAC046,Chitradurga,2025-09-23,A+,4,True,Festival travel peak (Dasara)
USG008547,FAC046,Chitradurga,2025-09-24,O+,3,True,Festival travel peak (Dasara)
USG008548,FAC046,Chitradurga,2025-09-24,B+,4,True,Festival travel peak (Dasara)
USG008549,FAC046,Chitradurga,2025-09-25,O+,6,True,Festival travel peak (Dasara)
USG008550,FAC046,Chitradurga,2025-09-26,A+,1,True,Festival travel peak (Dasara)
USG008551,FAC046,Chitradurga,2025-09-27,O+,3,True,Festival travel peak (Dasara)
USG008552,FAC046,Chitradurga,2025-09-27,O-,1,True,Festival travel peak (Dasara)
USG008553,FAC046,Chitradurga,2025-09-29,B+,1,True,Festival travel peak (Dasara)
USG008554,FAC046,Chitradurga,2025-09-29,B-,5,True,Festival travel peak (Dasara)
USG008555,FAC046,Chitradurga,2025-09-30,B+,2,True,Festival travel peak (Dasara)
USG008556,FAC046,Chitradurga,2025-10-02,O+,4,True,Festival travel peak (Dasara)
USG008557,FAC046,Chitradurga,2025-10-02,A+,3,True,Festival travel peak (Dasara)
USG008558,FAC046,Chitradurga,2025-10-02,AB+,3,True,Festival travel peak (Dasara)
USG008559,FAC046,Chitradurga,2025-10-03,A+,1,True,Festival travel peak (Dasara)
USG008560,FAC046,Chitradurga,2025-10-03,AB+,2,True,Festival travel peak (Dasara)
USG008561,FAC046,Chitradurga,2025-10-05,O+,5,True,Festival travel peak (Dasara)
USG008562,FAC046,Chitradurga,2025-10-05,O-,6,True,Festival travel peak (Dasara)
USG008563,FAC046,Chitradurga,2025-10-06,B+,1,True,Festival travel peak (Dasara)
USG008564,FAC046,Chitradurga,2025-10-07,O+,2,True,Festival travel peak (Dasara)
USG008565,FAC046,Chitradurga,2025-10-07,B+,3,True,Festival travel peak (Dasara)
USG008566,FAC046,Chitradurga,2025-10-07,A+,2,True,Festival travel peak (Dasara)
USG008567,FAC046,Chitradurga,2025-10-08,B+,5,True,Festival travel peak (Dasara)
USG008568,FAC046,Chitradurga,2025-10-08,A+,3,True,Festival travel peak (Dasara)
USG008569,FAC046,Chitradurga,2025-10-08,AB+,3,True,Festival travel peak (Dasara)
USG008570,FAC046,Chitradurga,2025-10-08,A-,1,True,Festival travel peak (Dasara)
USG008571,FAC046,Chitradurga,2025-10-09,B+,5,True,Festival travel peak (Dasara)
USG008572,FAC046,Chitradurga,2025-10-09,AB+,7,True,Festival travel peak (Dasara)
USG008573,FAC046,Chitradurga,2025-10-10,B-,3,True,Festival travel peak (Dasara)
USG008574,FAC046,Chitradurga,2025-10-13,A+,4,False,
USG008575,FAC046,Chitradurga,2025-10-13,O-,1,False,
USG008576,FAC046,Chitradurga,2025-10-13,B-,3,False,
USG008577,FAC046,Chitradurga,2025-10-14,O-,4,False,
USG008578,FAC046,Chitradurga,2025-10-16,O-,1,False,
USG008579,FAC046,Chitradurga,2025-10-18,A+,2,False,
USG008580,FAC046,Chitradurga,2025-10-18,A-,4,False,
USG008581,FAC046,Chitradurga,2025-10-18,AB-,1,False,
USG008582,FAC046,Chitradurga,2025-10-19,B+,2,False,
USG008583,FAC046,Chitradurga,2025-10-19,A-,1,False,
USG008584,FAC046,Chitradurga,2025-10-20,O+,2,False,
USG008585,FAC046,Chitradurga,2025-10-22,B+,4,False,
USG008586,FAC046,Chitradurga,2025-10-23,B+,7,True,Local incident spike
USG008587,FAC046,Chitradurga,2025-10-23,AB+,2,True,Local incident spike
USG008588,FAC046,Chitradurga,2025-10-23,AB-,3,True,Local incident spike
USG008589,FAC046,Chitradurga,2025-10-27,O+,2,False,
USG008590,FAC046,Chitradurga,2025-10-27,A+,4,False,
USG008591,FAC046,Chitradurga,2025-10-28,O+,4,False,
USG008592,FAC046,Chitradurga,2025-10-30,O+,2,False,
USG008593,FAC046,Chitradurga,2025-11-01,A+,3,False,
USG008594,FAC046,Chitradurga,2025-11-01,O-,3,False,
USG008595,FAC046,Chitradurga,2025-11-01,A-,3,False,
USG008596,FAC046,Chitradurga,2025-11-03,B+,3,False,
USG008597,FAC046,Chitradurga,2025-11-04,O+,1,False,
USG008598,FAC046,Chitradurga,2025-11-07,B-,1,False,
USG008599,FAC046,Chitradurga,2025-11-09,O+,4,False,
USG008600,FAC046,Chitradurga,2025-11-12,B+,3,False,
USG008601,FAC046,Chitradurga,2025-11-12,A+,1,False,
USG008602,FAC046,Chitradurga,2025-11-12,B-,3,False,
USG008603,FAC046,Chitradurga,2025-11-13,O+,4,False,
USG008604,FAC046,Chitradurga,2025-11-13,B+,2,False,
USG008605,FAC046,Chitradurga,2025-11-14,AB+,1,False,
USG008606,FAC046,Chitradurga,2025-11-14,O-,1,False,
USG008607,FAC046,Chitradurga,2025-11-14,A-,2,False,
USG008608,FAC046,Chitradurga,2025-11-15,AB-,1,False,
USG008609,FAC046,Chitradurga,2025-11-17,B-,3,False,
USG008610,FAC046,Chitradurga,2025-11-18,B+,3,False,
USG008611,FAC046,Chitradurga,2025-11-18,AB+,3,False,
USG008612,FAC046,Chitradurga,2025-11-19,B+,1,False,
USG008613,FAC046,Chitradurga,2025-11-24,AB+,4,False,
USG008614,FAC046,Chitradurga,2025-11-25,O+,3,False,
USG008615,FAC046,Chitradurga,2025-11-26,AB+,2,False,
USG008616,FAC046,Chitradurga,2025-11-27,B+,1,False,
USG008617,FAC046,Chitradurga,2025-11-27,AB+,2,False,
USG008618,FAC046,Chitradurga,2025-11-27,O-,4,False,
USG008619,FAC046,Chitradurga,2025-11-28,A+,1,False,
USG008620,FAC046,Chitradurga,2025-11-28,B-,1,False,
USG008621,FAC046,Chitradurga,2025-11-30,B+,2,False,
USG008622,FAC046,Chitradurga,2025-11-30,A+,3,False,
USG008623,FAC046,Chitradurga,2025-11-30,AB+,4,False,
USG008624,FAC046,Chitradurga,2025-12-02,O+,1,False,
USG008625,FAC046,Chitradurga,2025-12-02,O-,3,False,
USG008626,FAC046,Chitradurga,2025-12-03,AB-,3,False,
USG008627,FAC046,Chitradurga,2025-12-04,A+,2,False,
USG008628,FAC046,Chitradurga,2025-12-04,AB+,3,False,
USG008629,FAC046,Chitradurga,2025-12-07,O+,4,False,
USG008630,FAC046,Chitradurga,2025-12-08,O+,4,False,
USG008631,FAC046,Chitradurga,2025-12-09,AB+,2,False,
USG008632,FAC046,Chitradurga,2025-12-10,O+,2,False,
USG008633,FAC046,Chitradurga,2025-12-10,AB+,3,False,
USG008634,FAC046,Chitradurga,2025-12-11,AB-,1,False,
USG008635,FAC046,Chitradurga,2025-12-15,O+,2,False,
USG008636,FAC046,Chitradurga,2025-12-15,A+,3,False,
USG008637,FAC046,Chitradurga,2025-12-16,A+,4,False,
USG008638,FAC046,Chitradurga,2025-12-17,O+,3,False,
USG008639,FAC046,Chitradurga,2025-12-18,A+,3,False,
USG008640,FAC046,Chitradurga,2025-12-18,B-,4,False,
USG008641,FAC046,Chitradurga,2025-12-18,AB-,2,False,
USG008642,FAC046,Chitradurga,2025-12-20,B-,3,False,
USG008643,FAC046,Chitradurga,2025-12-21,B+,2,False,
USG008644,FAC046,Chitradurga,2025-12-21,A+,2,False,
USG008645,FAC046,Chitradurga,2025-12-22,B+,1,False,
USG008646,FAC046,Chitradurga,2025-12-22,O-,4,False,
USG008647,FAC046,Chitradurga,2025-12-23,AB-,4,False,
USG008648,FAC046,Chitradurga,2025-12-24,A-,1,False,
USG008649,FAC046,Chitradurga,2025-12-26,A+,2,False,
USG008650,FAC046,Chitradurga,2025-12-27,O+,2,False,
USG008651,FAC046,Chitradurga,2025-12-27,B+,3,False,
USG008652,FAC046,Chitradurga,2025-12-27,A-,1,False,
USG008653,FAC046,Chitradurga,2025-12-30,O+,3,True,New Year travel period
USG008654,FAC046,Chitradurga,2025-12-30,B+,1,True,New Year travel period
USG008655,FAC046,Chitradurga,2025-12-30,AB-,6,True,New Year travel period
USG008656,FAC046,Chitradurga,2025-12-31,O+,6,True,New Year travel period
USG008657,FAC046,Chitradurga,2026-01-01,B+,6,True,New Year travel period
USG008658,FAC046,Chitradurga,2026-01-04,A-,2,False,
USG008659,FAC046,Chitradurga,2026-01-05,O+,2,False,
USG008660,FAC046,Chitradurga,2026-01-07,B+,4,False,
USG008661,FAC046,Chitradurga,2026-01-08,B-,4,False,
USG008662,FAC046,Chitradurga,2026-01-09,O+,1,False,
USG008663,FAC046,Chitradurga,2026-01-09,A+,3,False,
USG008664,FAC046,Chitradurga,2026-01-10,O+,3,False,
USG008665,FAC046,Chitradurga,2026-01-11,B-,3,False,
USG008666,FAC046,Chitradurga,2026-01-12,AB+,1,False,
USG008667,FAC046,Chitradurga,2026-01-12,B-,4,False,
USG008668,FAC046,Chitradurga,2026-01-13,AB+,2,False,
USG008669,FAC046,Chitradurga,2026-01-20,O+,4,False,
USG008670,FAC046,Chitradurga,2026-01-20,A+,1,False,
USG008671,FAC046,Chitradurga,2026-01-21,AB+,1,False,
USG008672,FAC046,Chitradurga,2026-01-23,O+,1,True,Local incident spike
USG008673,FAC046,Chitradurga,2026-01-24,O+,4,False,
USG008674,FAC046,Chitradurga,2026-01-26,O-,1,False,
USG008675,FAC046,Chitradurga,2026-01-28,O+,2,False,
USG008676,FAC046,Chitradurga,2026-01-29,B+,4,False,
USG008677,FAC046,Chitradurga,2026-01-31,A+,3,False,
USG008678,FAC046,Chitradurga,2026-02-02,B+,2,False,
USG008679,FAC046,Chitradurga,2026-02-02,B-,3,False,
USG008680,FAC046,Chitradurga,2026-02-03,B+,3,True,Local incident spike
USG008681,FAC046,Chitradurga,2026-02-03,AB-,3,True,Local incident spike
USG008682,FAC046,Chitradurga,2026-02-06,B+,1,False,
USG008683,FAC046,Chitradurga,2026-02-06,A+,1,False,
USG008684,FAC046,Chitradurga,2026-02-08,O+,4,False,
USG008685,FAC046,Chitradurga,2026-02-08,A+,3,False,
USG008686,FAC046,Chitradurga,2026-02-08,O-,3,False,
USG008687,FAC046,Chitradurga,2026-02-09,O-,1,False,
USG008688,FAC046,Chitradurga,2026-02-10,A+,4,False,
USG008689,FAC046,Chitradurga,2026-02-11,AB+,3,False,
USG008690,FAC046,Chitradurga,2026-02-12,O+,2,False,
USG008691,FAC046,Chitradurga,2026-02-15,O+,1,False,
USG008692,FAC046,Chitradurga,2026-02-16,O+,2,False,
USG008693,FAC046,Chitradurga,2026-02-16,B+,4,False,
USG008694,FAC046,Chitradurga,2026-02-16,A+,4,False,
USG008695,FAC046,Chitradurga,2026-02-18,B+,1,False,
USG008696,FAC046,Chitradurga,2026-02-19,O+,4,False,
USG008697,FAC046,Chitradurga,2026-02-19,A+,2,False,
USG008698,FAC046,Chitradurga,2026-02-19,A-,2,False,
USG008699,FAC046,Chitradurga,2026-02-23,AB+,3,False,
USG008700,FAC046,Chitradurga,2026-02-23,B-,3,False,
USG008701,FAC046,Chitradurga,2026-02-24,O+,2,False,
USG008702,FAC046,Chitradurga,2026-02-25,A-,3,False,
USG008703,FAC046,Chitradurga,2026-02-26,A+,2,False,
USG008704,FAC046,Chitradurga,2026-03-01,B+,3,False,
USG008705,FAC046,Chitradurga,2026-03-02,O+,3,False,
USG008706,FAC046,Chitradurga,2026-03-03,O+,3,True,Local incident spike
USG008707,FAC046,Chitradurga,2026-03-04,B+,4,False,
USG008708,FAC046,Chitradurga,2026-03-05,AB+,4,False,
USG008709,FAC046,Chitradurga,2026-03-07,B+,1,False,
USG008710,FAC046,Chitradurga,2026-03-08,O+,3,False,
USG008711,FAC046,Chitradurga,2026-03-09,B+,1,False,
USG008712,FAC046,Chitradurga,2026-03-10,O+,2,False,
USG008713,FAC046,Chitradurga,2026-03-12,AB+,3,False,
USG008714,FAC046,Chitradurga,2026-03-15,O+,3,False,
USG008715,FAC046,Chitradurga,2026-03-16,O+,1,False,
USG008716,FAC046,Chitradurga,2026-03-16,B-,1,False,
USG008717,FAC046,Chitradurga,2026-03-21,B+,2,False,
USG008718,FAC046,Chitradurga,2026-03-22,B+,3,False,
USG008719,FAC046,Chitradurga,2026-03-23,B+,4,False,
USG008720,FAC046,Chitradurga,2026-03-23,A+,4,False,
USG008721,FAC046,Chitradurga,2026-03-26,O+,3,False,
USG008722,FAC046,Chitradurga,2026-03-26,AB+,3,False,
USG008723,FAC046,Chitradurga,2026-03-28,A+,1,False,
USG008724,FAC046,Chitradurga,2026-03-29,B+,1,False,
USG008725,FAC046,Chitradurga,2026-03-30,O+,3,False,
USG008726,FAC046,Chitradurga,2026-03-30,B-,1,False,
USG008727,FAC046,Chitradurga,2026-04-01,B-,3,False,
USG008728,FAC046,Chitradurga,2026-04-03,A+,3,False,
USG008729,FAC046,Chitradurga,2026-04-05,B+,4,False,
USG008730,FAC046,Chitradurga,2026-04-05,O-,2,False,
USG008731,FAC046,Chitradurga,2026-04-06,O+,2,False,
USG008732,FAC046,Chitradurga,2026-04-06,A+,3,False,
USG008733,FAC046,Chitradurga,2026-04-07,B+,4,False,
USG008734,FAC046,Chitradurga,2026-04-07,AB+,2,False,
USG008735,FAC046,Chitradurga,2026-04-08,A+,4,False,
USG008736,FAC046,Chitradurga,2026-04-08,A-,4,False,
USG008737,FAC046,Chitradurga,2026-04-09,O+,4,False,
USG008738,FAC046,Chitradurga,2026-04-10,O+,4,False,
USG008739,FAC046,Chitradurga,2026-04-10,A+,1,False,
USG008740,FAC046,Chitradurga,2026-04-10,O-,2,False,
USG008741,FAC046,Chitradurga,2026-04-12,A+,3,False,
USG008742,FAC046,Chitradurga,2026-04-14,O+,1,False,
USG008743,FAC046,Chitradurga,2026-04-14,A+,1,False,
USG008744,FAC046,Chitradurga,2026-04-15,AB+,3,False,
USG008745,FAC046,Chitradurga,2026-04-15,AB-,1,False,
USG008746,FAC046,Chitradurga,2026-04-16,B-,4,False,
USG008747,FAC046,Chitradurga,2026-04-17,B-,4,False,
USG008748,FAC046,Chitradurga,2026-04-18,O-,4,False,
USG008749,FAC046,Chitradurga,2026-04-19,B+,2,False,
USG008750,FAC046,Chitradurga,2026-04-19,A+,3,False,
USG008751,FAC046,Chitradurga,2026-04-20,AB+,2,False,
USG008752,FAC046,Chitradurga,2026-04-23,O+,2,False,
USG008753,FAC046,Chitradurga,2026-04-23,B+,4,False,
USG008754,FAC046,Chitradurga,2026-04-24,O+,4,False,
USG008755,FAC046,Chitradurga,2026-04-25,A+,2,False,
USG008756,FAC046,Chitradurga,2026-04-27,B+,3,False,
USG008757,FAC046,Chitradurga,2026-04-28,O+,3,False,
USG008758,FAC046,Chitradurga,2026-04-30,O-,1,False,
USG008759,FAC046,Chitradurga,2026-05-01,O+,3,False,
USG008760,FAC046,Chitradurga,2026-05-01,A-,2,False,
USG008761,FAC046,Chitradurga,2026-05-03,B+,3,False,
USG008762,FAC046,Chitradurga,2026-05-05,B+,3,False,
USG008763,FAC046,Chitradurga,2026-05-05,AB-,3,False,
USG008764,FAC046,Chitradurga,2026-05-06,B+,2,False,
USG008765,FAC046,Chitradurga,2026-05-06,A+,3,False,
USG008766,FAC046,Chitradurga,2026-05-07,O+,2,False,
USG008767,FAC046,Chitradurga,2026-05-08,B-,2,False,
USG008768,FAC046,Chitradurga,2026-05-09,AB+,3,False,
USG008769,FAC046,Chitradurga,2026-05-09,AB-,3,False,
USG008770,FAC046,Chitradurga,2026-05-10,O+,3,False,
USG008771,FAC046,Chitradurga,2026-05-12,A-,3,False,
USG008772,FAC046,Chitradurga,2026-05-13,AB+,1,False,
USG008773,FAC046,Chitradurga,2026-05-14,O+,1,False,
USG008774,FAC046,Chitradurga,2026-05-14,B+,2,False,
USG008775,FAC046,Chitradurga,2026-05-14,A+,3,False,
USG008776,FAC046,Chitradurga,2026-05-15,B+,3,False,
USG008777,FAC046,Chitradurga,2026-05-16,B-,1,False,
USG008778,FAC046,Chitradurga,2026-05-17,O-,2,False,
USG008779,FAC046,Chitradurga,2026-05-21,B+,3,False,
USG008780,FAC046,Chitradurga,2026-05-22,O+,4,False,
USG008781,FAC046,Chitradurga,2026-05-23,O-,3,False,
USG008782,FAC046,Chitradurga,2026-05-25,A+,2,False,
USG008783,FAC046,Chitradurga,2026-05-25,AB-,1,False,
USG008784,FAC046,Chitradurga,2026-05-26,O+,2,False,
USG008785,FAC046,Chitradurga,2026-05-30,O-,4,False,
USG008786,FAC046,Chitradurga,2026-05-30,AB-,2,False,
USG008787,FAC046,Chitradurga,2026-05-31,AB+,4,False,
USG008788,FAC046,Chitradurga,2026-06-01,O+,4,False,
USG008789,FAC046,Chitradurga,2026-06-03,O+,2,False,
USG008790,FAC046,Chitradurga,2026-06-03,O-,3,False,
USG008791,FAC046,Chitradurga,2026-06-05,O+,1,False,
USG008792,FAC046,Chitradurga,2026-06-05,A+,3,False,
USG008793,FAC046,Chitradurga,2026-06-05,B-,1,False,
USG008794,FAC046,Chitradurga,2026-06-06,O+,1,False,
USG008795,FAC046,Chitradurga,2026-06-06,AB+,2,False,
USG008796,FAC046,Chitradurga,2026-06-09,O+,3,False,
USG008797,FAC046,Chitradurga,2026-06-09,AB+,1,False,
USG008798,FAC046,Chitradurga,2026-06-10,A+,1,False,
USG008799,FAC046,Chitradurga,2026-06-10,A-,2,False,
USG008800,FAC046,Chitradurga,2026-06-11,B+,4,False,
USG008801,FAC046,Chitradurga,2026-06-11,AB+,2,False,
USG008802,FAC046,Chitradurga,2026-06-12,B+,4,False,
USG008803,FAC046,Chitradurga,2026-06-12,A+,1,False,
USG008804,FAC046,Chitradurga,2026-06-12,A-,4,False,
USG008805,FAC046,Chitradurga,2026-06-13,B+,2,False,
USG008806,FAC046,Chitradurga,2026-06-15,A+,4,False,
USG008807,FAC046,Chitradurga,2026-06-15,AB+,3,False,
USG008808,FAC046,Chitradurga,2026-06-16,B+,3,False,
USG008809,FAC046,Chitradurga,2026-06-17,O+,1,False,
USG008810,FAC046,Chitradurga,2026-06-19,B+,4,False,
USG008811,FAC046,Chitradurga,2026-06-19,A+,2,False,
USG008812,FAC046,Chitradurga,2026-06-20,B+,2,False,
USG008813,FAC046,Chitradurga,2026-06-20,A+,3,False,
USG008814,FAC046,Chitradurga,2026-06-20,AB-,3,False,
USG008815,FAC046,Chitradurga,2026-06-22,AB-,3,False,
USG008816,FAC046,Chitradurga,2026-06-23,A+,4,False,
USG008817,FAC046,Chitradurga,2026-06-24,A-,4,False,
USG008818,FAC046,Chitradurga,2026-06-25,AB-,4,False,
USG008819,FAC046,Chitradurga,2026-06-26,AB+,4,False,
USG008820,FAC046,Chitradurga,2026-06-27,AB+,4,False,
USG008821,FAC046,Chitradurga,2026-06-27,B-,4,False,
USG008822,FAC046,Chitradurga,2026-06-28,A+,1,False,
USG008823,FAC046,Chitradurga,2026-06-29,B+,4,False,
USG008824,FAC046,Chitradurga,2026-06-30,B-,4,False,
USG008825,FAC046,Chitradurga,2026-07-04,O+,2,False,
USG008826,FAC046,Chitradurga,2026-07-04,AB+,2,False,
USG008827,FAC046,Chitradurga,2026-07-04,O-,2,False,
USG008828,FAC046,Chitradurga,2026-07-06,O-,1,False,
USG008829,FAC046,Chitradurga,2026-07-07,AB-,4,False,
USG008830,FAC046,Chitradurga,2026-07-09,B+,3,False,
USG008831,FAC046,Chitradurga,2026-07-12,A+,3,False,
USG008832,FAC046,Chitradurga,2026-07-13,AB-,1,False,
USG008833,FAC046,Chitradurga,2026-07-15,B+,2,True,Monsoon peak flood-risk weeks
USG008834,FAC046,Chitradurga,2026-07-16,O+,5,True,Monsoon peak flood-risk weeks
USG008835,FAC046,Chitradurga,2026-07-17,O+,3,True,Monsoon peak flood-risk weeks
USG008836,FAC046,Chitradurga,2026-07-17,B+,3,True,Monsoon peak flood-risk weeks
USG008837,FAC046,Chitradurga,2026-07-19,O+,4,True,Monsoon peak flood-risk weeks
USG008838,FAC046,Chitradurga,2026-07-20,O+,2,True,Monsoon peak flood-risk weeks
USG008839,FAC046,Chitradurga,2026-07-20,AB-,6,True,Monsoon peak flood-risk weeks
USG008840,FAC046,Chitradurga,2026-07-21,O+,2,True,Monsoon peak flood-risk weeks
USG008841,FAC046,Chitradurga,2026-07-21,AB+,3,True,Monsoon peak flood-risk weeks
USG008842,FAC046,Chitradurga,2026-07-21,A-,6,True,Monsoon peak flood-risk weeks
USG008843,FAC046,Chitradurga,2026-07-22,B+,3,True,Monsoon peak flood-risk weeks
USG008844,FAC046,Chitradurga,2026-07-22,AB+,3,True,Monsoon peak flood-risk weeks
USG008845,FAC046,Chitradurga,2026-07-22,AB-,3,True,Monsoon peak flood-risk weeks
USG008846,FAC046,Chitradurga,2026-07-23,A-,5,True,Monsoon peak flood-risk weeks
USG008847,FAC046,Chitradurga,2026-07-24,A+,5,True,Monsoon peak flood-risk weeks
USG008848,FAC046,Chitradurga,2026-07-24,A-,2,True,Monsoon peak flood-risk weeks
USG008849,FAC046,Chitradurga,2026-07-27,O+,2,True,Monsoon peak flood-risk weeks
USG008850,FAC046,Chitradurga,2026-07-28,O-,2,True,Monsoon peak flood-risk weeks
USG008851,FAC046,Chitradurga,2026-07-29,A+,6,True,Monsoon peak flood-risk weeks
USG008852,FAC046,Chitradurga,2026-07-30,O+,4,True,Monsoon peak flood-risk weeks
USG008853,FAC046,Chitradurga,2026-07-30,B+,4,True,Monsoon peak flood-risk weeks
USG008854,FAC046,Chitradurga,2026-08-01,A+,7,True,Monsoon peak flood-risk weeks
USG008855,FAC047,Chitradurga,2025-08-02,O+,4,True,Monsoon peak flood-risk weeks
USG008856,FAC047,Chitradurga,2025-08-03,B+,5,True,Monsoon peak flood-risk weeks
USG008857,FAC047,Chitradurga,2025-08-03,O-,5,True,Monsoon peak flood-risk weeks
USG008858,FAC047,Chitradurga,2025-08-04,O+,1,True,Monsoon peak flood-risk weeks
USG008859,FAC047,Chitradurga,2025-08-04,B-,5,True,Monsoon peak flood-risk weeks
USG008860,FAC047,Chitradurga,2025-08-04,AB-,5,True,Monsoon peak flood-risk weeks
USG008861,FAC047,Chitradurga,2025-08-05,A+,5,True,Monsoon peak flood-risk weeks
USG008862,FAC047,Chitradurga,2025-08-09,O+,4,False,
USG008863,FAC047,Chitradurga,2025-08-09,B+,2,False,
USG008864,FAC047,Chitradurga,2025-08-09,O-,1,False,
USG008865,FAC047,Chitradurga,2025-08-10,B+,4,False,
USG008866,FAC047,Chitradurga,2025-08-12,O+,4,False,
USG008867,FAC047,Chitradurga,2025-08-12,B+,2,False,
USG008868,FAC047,Chitradurga,2025-08-13,B-,2,False,
USG008869,FAC047,Chitradurga,2025-08-14,A+,4,False,
USG008870,FAC047,Chitradurga,2025-08-14,B-,4,False,
USG008871,FAC047,Chitradurga,2025-08-16,A+,1,False,
USG008872,FAC047,Chitradurga,2025-08-17,A+,1,False,
USG008873,FAC047,Chitradurga,2025-08-17,O-,4,False,
USG008874,FAC047,Chitradurga,2025-08-18,O+,1,False,
USG008875,FAC047,Chitradurga,2025-08-18,B+,3,False,
USG008876,FAC047,Chitradurga,2025-08-18,A+,4,False,
USG008877,FAC047,Chitradurga,2025-08-22,B+,3,False,
USG008878,FAC047,Chitradurga,2025-08-23,AB+,4,False,
USG008879,FAC047,Chitradurga,2025-08-25,B+,2,False,
USG008880,FAC047,Chitradurga,2025-08-26,B+,2,False,
USG008881,FAC047,Chitradurga,2025-08-28,B+,4,False,
USG008882,FAC047,Chitradurga,2025-08-31,O+,4,False,
USG008883,FAC047,Chitradurga,2025-09-01,A-,4,False,
USG008884,FAC047,Chitradurga,2025-09-03,O+,4,False,
USG008885,FAC047,Chitradurga,2025-09-04,A+,1,False,
USG008886,FAC047,Chitradurga,2025-09-05,B+,1,False,
USG008887,FAC047,Chitradurga,2025-09-08,B+,1,False,
USG008888,FAC047,Chitradurga,2025-09-09,O-,4,False,
USG008889,FAC047,Chitradurga,2025-09-10,B-,1,False,
USG008890,FAC047,Chitradurga,2025-09-13,AB-,1,False,
USG008891,FAC047,Chitradurga,2025-09-16,B+,5,True,Festival travel peak (Dasara)
USG008892,FAC047,Chitradurga,2025-09-16,A+,4,True,Festival travel peak (Dasara)
USG008893,FAC047,Chitradurga,2025-09-17,O+,1,True,Festival travel peak (Dasara)
USG008894,FAC047,Chitradurga,2025-09-17,B+,3,True,Festival travel peak (Dasara)
USG008895,FAC047,Chitradurga,2025-09-17,A+,7,True,Festival travel peak (Dasara)
USG008896,FAC047,Chitradurga,2025-09-19,A+,4,True,Festival travel peak (Dasara)
USG008897,FAC047,Chitradurga,2025-09-19,A-,3,True,Festival travel peak (Dasara)
USG008898,FAC047,Chitradurga,2025-09-19,B-,7,True,Festival travel peak (Dasara)
USG008899,FAC047,Chitradurga,2025-09-20,B+,5,True,Festival travel peak (Dasara)
USG008900,FAC047,Chitradurga,2025-09-21,O+,3,True,Festival travel peak (Dasara)
USG008901,FAC047,Chitradurga,2025-09-23,O-,5,True,Festival travel peak (Dasara)
USG008902,FAC047,Chitradurga,2025-09-23,B-,7,True,Festival travel peak (Dasara)
USG008903,FAC047,Chitradurga,2025-09-24,O+,6,True,Festival travel peak (Dasara)
USG008904,FAC047,Chitradurga,2025-09-24,A+,4,True,Festival travel peak (Dasara)
USG008905,FAC047,Chitradurga,2025-09-25,A+,4,True,Festival travel peak (Dasara)
USG008906,FAC047,Chitradurga,2025-09-25,AB+,1,True,Festival travel peak (Dasara)
USG008907,FAC047,Chitradurga,2025-09-26,O+,3,True,Festival travel peak (Dasara)
USG008908,FAC047,Chitradurga,2025-09-27,B+,5,True,Festival travel peak (Dasara)
USG008909,FAC047,Chitradurga,2025-09-28,O+,4,True,Festival travel peak (Dasara)
USG008910,FAC047,Chitradurga,2025-09-28,B+,2,True,Festival travel peak (Dasara)
USG008911,FAC047,Chitradurga,2025-09-28,B-,6,True,Festival travel peak (Dasara)
USG008912,FAC047,Chitradurga,2025-09-29,B+,5,True,Festival travel peak (Dasara)
USG008913,FAC047,Chitradurga,2025-09-30,A+,1,True,Festival travel peak (Dasara)
USG008914,FAC047,Chitradurga,2025-10-01,O+,3,True,Festival travel peak (Dasara)
USG008915,FAC047,Chitradurga,2025-10-01,B+,3,True,Festival travel peak (Dasara)
USG008916,FAC047,Chitradurga,2025-10-01,O-,5,True,Festival travel peak (Dasara)
USG008917,FAC047,Chitradurga,2025-10-01,B-,5,True,Festival travel peak (Dasara)
USG008918,FAC047,Chitradurga,2025-10-02,A+,3,True,Festival travel peak (Dasara)
USG008919,FAC047,Chitradurga,2025-10-02,B-,2,True,Festival travel peak (Dasara)
USG008920,FAC047,Chitradurga,2025-10-03,B+,4,True,Festival travel peak (Dasara)
USG008921,FAC047,Chitradurga,2025-10-03,O-,2,True,Festival travel peak (Dasara)
USG008922,FAC047,Chitradurga,2025-10-03,B-,6,True,Festival travel peak (Dasara)
USG008923,FAC047,Chitradurga,2025-10-04,O+,3,True,Festival travel peak (Dasara)
USG008924,FAC047,Chitradurga,2025-10-04,B+,3,True,Festival travel peak (Dasara)
USG008925,FAC047,Chitradurga,2025-10-05,O+,2,True,Festival travel peak (Dasara)
USG008926,FAC047,Chitradurga,2025-10-05,B+,3,True,Festival travel peak (Dasara)
USG008927,FAC047,Chitradurga,2025-10-05,A+,5,True,Festival travel peak (Dasara)
USG008928,FAC047,Chitradurga,2025-10-05,O-,5,True,Festival travel peak (Dasara)
USG008929,FAC047,Chitradurga,2025-10-06,O+,4,True,Festival travel peak (Dasara)
USG008930,FAC047,Chitradurga,2025-10-06,B-,4,True,Festival travel peak (Dasara)
USG008931,FAC047,Chitradurga,2025-10-07,A+,5,True,Festival travel peak (Dasara)
USG008932,FAC047,Chitradurga,2025-10-07,AB-,3,True,Festival travel peak (Dasara)
USG008933,FAC047,Chitradurga,2025-10-08,AB+,3,True,Festival travel peak (Dasara)
USG008934,FAC047,Chitradurga,2025-10-08,AB-,5,True,Festival travel peak (Dasara)
USG008935,FAC047,Chitradurga,2025-10-09,AB+,3,True,Festival travel peak (Dasara)
USG008936,FAC047,Chitradurga,2025-10-10,O-,3,True,Festival travel peak (Dasara)
USG008937,FAC047,Chitradurga,2025-10-10,AB-,6,True,Festival travel peak (Dasara)
USG008938,FAC047,Chitradurga,2025-10-11,A+,3,False,
USG008939,FAC047,Chitradurga,2025-10-12,AB+,1,False,
USG008940,FAC047,Chitradurga,2025-10-13,B+,2,False,
USG008941,FAC047,Chitradurga,2025-10-13,AB+,2,False,
USG008942,FAC047,Chitradurga,2025-10-14,B+,2,False,
USG008943,FAC047,Chitradurga,2025-10-14,AB+,2,False,
USG008944,FAC047,Chitradurga,2025-10-15,B-,4,False,
USG008945,FAC047,Chitradurga,2025-10-16,O+,2,False,
USG008946,FAC047,Chitradurga,2025-10-16,A+,3,False,
USG008947,FAC047,Chitradurga,2025-10-16,B-,4,False,
USG008948,FAC047,Chitradurga,2025-10-18,AB-,2,False,
USG008949,FAC047,Chitradurga,2025-10-19,A-,1,False,
USG008950,FAC047,Chitradurga,2025-10-20,O+,3,False,
USG008951,FAC047,Chitradurga,2025-10-20,A-,1,False,
USG008952,FAC047,Chitradurga,2025-10-21,B+,2,False,
USG008953,FAC047,Chitradurga,2025-10-21,AB+,1,False,
USG008954,FAC047,Chitradurga,2025-10-21,A-,4,False,
USG008955,FAC047,Chitradurga,2025-10-22,AB-,1,False,
USG008956,FAC047,Chitradurga,2025-10-26,A-,3,False,
USG008957,FAC047,Chitradurga,2025-10-27,O-,2,False,
USG008958,FAC047,Chitradurga,2025-10-27,A-,1,False,
USG008959,FAC047,Chitradurga,2025-10-30,B+,4,False,
USG008960,FAC047,Chitradurga,2025-10-31,A+,2,False,
USG008961,FAC047,Chitradurga,2025-10-31,A-,1,False,
USG008962,FAC047,Chitradurga,2025-10-31,AB-,4,False,
USG008963,FAC047,Chitradurga,2025-11-02,O+,3,False,
USG008964,FAC047,Chitradurga,2025-11-02,A-,1,False,
USG008965,FAC047,Chitradurga,2025-11-03,O-,1,False,
USG008966,FAC047,Chitradurga,2025-11-05,O+,4,False,
USG008967,FAC047,Chitradurga,2025-11-05,B+,3,False,
USG008968,FAC047,Chitradurga,2025-11-06,AB+,2,False,
USG008969,FAC047,Chitradurga,2025-11-08,O+,1,False,
USG008970,FAC047,Chitradurga,2025-11-08,A-,3,False,
USG008971,FAC047,Chitradurga,2025-11-09,AB-,4,False,
USG008972,FAC047,Chitradurga,2025-11-11,B-,2,False,
USG008973,FAC047,Chitradurga,2025-11-11,AB-,3,False,
USG008974,FAC047,Chitradurga,2025-11-12,O+,1,False,
USG008975,FAC047,Chitradurga,2025-11-12,B+,2,False,
USG008976,FAC047,Chitradurga,2025-11-12,B-,3,False,
USG008977,FAC047,Chitradurga,2025-11-13,A+,4,False,
USG008978,FAC047,Chitradurga,2025-11-15,B+,3,False,
USG008979,FAC047,Chitradurga,2025-11-16,B+,4,False,
USG008980,FAC047,Chitradurga,2025-11-16,AB-,1,False,
USG008981,FAC047,Chitradurga,2025-11-17,O+,1,False,
USG008982,FAC047,Chitradurga,2025-11-17,AB+,4,False,
USG008983,FAC047,Chitradurga,2025-11-18,O+,4,False,
USG008984,FAC047,Chitradurga,2025-11-18,B+,3,False,
USG008985,FAC047,Chitradurga,2025-11-20,A+,1,False,
USG008986,FAC047,Chitradurga,2025-11-21,A+,1,False,
USG008987,FAC047,Chitradurga,2025-11-21,B-,4,False,
USG008988,FAC047,Chitradurga,2025-11-23,A+,4,False,
USG008989,FAC047,Chitradurga,2025-11-23,AB+,3,False,
USG008990,FAC047,Chitradurga,2025-11-23,O-,3,False,
USG008991,FAC047,Chitradurga,2025-11-24,A+,2,False,
USG008992,FAC047,Chitradurga,2025-11-24,AB-,1,False,
USG008993,FAC047,Chitradurga,2025-11-26,B+,4,False,
USG008994,FAC047,Chitradurga,2025-11-27,A+,2,False,
USG008995,FAC047,Chitradurga,2025-11-30,O+,3,False,
USG008996,FAC047,Chitradurga,2025-11-30,B+,4,False,
USG008997,FAC047,Chitradurga,2025-12-02,O+,4,False,
USG008998,FAC047,Chitradurga,2025-12-02,AB-,1,False,
USG008999,FAC047,Chitradurga,2025-12-04,B+,1,False,
USG009000,FAC047,Chitradurga,2025-12-04,A+,4,False,
USG009001,FAC047,Chitradurga,2025-12-06,A+,3,False,
USG009002,FAC047,Chitradurga,2025-12-06,AB-,4,False,
USG009003,FAC047,Chitradurga,2025-12-12,O+,3,False,
USG009004,FAC047,Chitradurga,2025-12-12,B+,3,False,
USG009005,FAC047,Chitradurga,2025-12-13,O-,2,False,
USG009006,FAC047,Chitradurga,2025-12-15,A+,4,False,
USG009007,FAC047,Chitradurga,2025-12-15,AB+,2,False,
USG009008,FAC047,Chitradurga,2025-12-16,O+,1,False,
USG009009,FAC047,Chitradurga,2025-12-17,O+,4,False,
USG009010,FAC047,Chitradurga,2025-12-17,A+,2,False,
USG009011,FAC047,Chitradurga,2025-12-18,AB-,3,False,
USG009012,FAC047,Chitradurga,2025-12-19,B+,1,False,
USG009013,FAC047,Chitradurga,2025-12-19,A+,4,False,
USG009014,FAC047,Chitradurga,2025-12-19,AB+,1,False,
USG009015,FAC047,Chitradurga,2025-12-19,AB-,2,False,
USG009016,FAC047,Chitradurga,2025-12-22,O+,1,False,
USG009017,FAC047,Chitradurga,2025-12-24,A+,3,False,
USG009018,FAC047,Chitradurga,2025-12-24,B-,3,False,
USG009019,FAC047,Chitradurga,2025-12-26,A+,4,False,
USG009020,FAC047,Chitradurga,2025-12-27,B+,3,False,
USG009021,FAC047,Chitradurga,2025-12-28,A-,3,False,
USG009022,FAC047,Chitradurga,2025-12-29,O+,2,False,
USG009023,FAC047,Chitradurga,2025-12-29,AB+,4,False,
USG009024,FAC047,Chitradurga,2025-12-30,B+,4,True,New Year travel period
USG009025,FAC047,Chitradurga,2025-12-30,A+,6,True,New Year travel period
USG009026,FAC047,Chitradurga,2025-12-31,O+,5,True,New Year travel period
USG009027,FAC047,Chitradurga,2025-12-31,A+,3,True,New Year travel period
USG009028,FAC047,Chitradurga,2025-12-31,O-,5,True,New Year travel period
USG009029,FAC047,Chitradurga,2025-12-31,AB-,2,True,New Year travel period
USG009030,FAC047,Chitradurga,2026-01-01,B+,5,True,New Year travel period
USG009031,FAC047,Chitradurga,2026-01-01,A+,3,True,New Year travel period
USG009032,FAC047,Chitradurga,2026-01-01,AB+,2,True,New Year travel period
USG009033,FAC047,Chitradurga,2026-01-02,O-,3,True,New Year travel period
USG009034,FAC047,Chitradurga,2026-01-02,AB-,5,True,New Year travel period
USG009035,FAC047,Chitradurga,2026-01-03,O+,4,False,
USG009036,FAC047,Chitradurga,2026-01-03,B+,1,False,
USG009037,FAC047,Chitradurga,2026-01-03,A-,2,False,
USG009038,FAC047,Chitradurga,2026-01-03,B-,3,False,
USG009039,FAC047,Chitradurga,2026-01-04,B-,2,False,
USG009040,FAC047,Chitradurga,2026-01-05,AB+,1,False,
USG009041,FAC047,Chitradurga,2026-01-06,B+,4,False,
USG009042,FAC047,Chitradurga,2026-01-11,B-,3,False,
USG009043,FAC047,Chitradurga,2026-01-13,O-,4,False,
USG009044,FAC047,Chitradurga,2026-01-14,O+,3,False,
USG009045,FAC047,Chitradurga,2026-01-14,B+,3,False,
USG009046,FAC047,Chitradurga,2026-01-15,B+,4,False,
USG009047,FAC047,Chitradurga,2026-01-17,A+,3,False,
USG009048,FAC047,Chitradurga,2026-01-17,AB+,3,False,
USG009049,FAC047,Chitradurga,2026-01-17,A-,2,False,
USG009050,FAC047,Chitradurga,2026-01-18,O+,4,False,
USG009051,FAC047,Chitradurga,2026-01-18,AB-,1,False,
USG009052,FAC047,Chitradurga,2026-01-19,O+,1,False,
USG009053,FAC047,Chitradurga,2026-01-20,O+,1,False,
USG009054,FAC047,Chitradurga,2026-01-20,A+,4,False,
USG009055,FAC047,Chitradurga,2026-01-20,AB+,3,False,
USG009056,FAC047,Chitradurga,2026-01-22,A+,6,True,Local incident spike
USG009057,FAC047,Chitradurga,2026-01-24,B+,4,False,
USG009058,FAC047,Chitradurga,2026-01-24,A+,3,False,
USG009059,FAC047,Chitradurga,2026-01-25,O-,3,False,
USG009060,FAC047,Chitradurga,2026-01-26,A+,4,False,
USG009061,FAC047,Chitradurga,2026-01-28,O+,4,False,
USG009062,FAC047,Chitradurga,2026-01-28,A+,3,False,
USG009063,FAC047,Chitradurga,2026-01-28,O-,3,False,
USG009064,FAC047,Chitradurga,2026-02-03,A-,2,False,
USG009065,FAC047,Chitradurga,2026-02-05,B+,2,False,
USG009066,FAC047,Chitradurga,2026-02-07,B+,3,False,
USG009067,FAC047,Chitradurga,2026-02-08,A+,2,False,
USG009068,FAC047,Chitradurga,2026-02-09,O+,1,False,
USG009069,FAC047,Chitradurga,2026-02-09,AB+,1,False,
USG009070,FAC047,Chitradurga,2026-02-10,AB+,4,False,
USG009071,FAC047,Chitradurga,2026-02-11,O+,1,False,
USG009072,FAC047,Chitradurga,2026-02-11,AB+,4,False,
USG009073,FAC047,Chitradurga,2026-02-12,A+,2,False,
USG009074,FAC047,Chitradurga,2026-02-13,B+,4,False,
USG009075,FAC047,Chitradurga,2026-02-14,B+,4,False,
USG009076,FAC047,Chitradurga,2026-02-15,B+,2,True,Local incident spike
USG009077,FAC047,Chitradurga,2026-02-15,A-,1,True,Local incident spike
USG009078,FAC047,Chitradurga,2026-02-20,AB+,4,False,
USG009079,FAC047,Chitradurga,2026-02-22,O+,2,False,
USG009080,FAC047,Chitradurga,2026-02-25,AB+,3,False,
USG009081,FAC047,Chitradurga,2026-02-26,O+,2,False,
USG009082,FAC047,Chitradurga,2026-02-27,O+,1,False,
USG009083,FAC047,Chitradurga,2026-02-27,B+,3,False,
USG009084,FAC047,Chitradurga,2026-02-28,B+,4,False,
USG009085,FAC047,Chitradurga,2026-03-01,O+,3,False,
USG009086,FAC047,Chitradurga,2026-03-05,O+,3,False,
USG009087,FAC047,Chitradurga,2026-03-05,A+,1,False,
USG009088,FAC047,Chitradurga,2026-03-05,B-,1,False,
USG009089,FAC047,Chitradurga,2026-03-06,O-,1,False,
USG009090,FAC047,Chitradurga,2026-03-07,B+,3,False,
USG009091,FAC047,Chitradurga,2026-03-08,AB+,1,False,
USG009092,FAC047,Chitradurga,2026-03-09,AB-,1,False,
USG009093,FAC047,Chitradurga,2026-03-10,O+,1,False,
USG009094,FAC047,Chitradurga,2026-03-12,O+,2,False,
USG009095,FAC047,Chitradurga,2026-03-12,B+,3,False,
USG009096,FAC047,Chitradurga,2026-03-13,B+,4,False,
USG009097,FAC047,Chitradurga,2026-03-16,AB+,4,False,
USG009098,FAC047,Chitradurga,2026-03-17,B+,4,False,
USG009099,FAC047,Chitradurga,2026-03-18,A+,4,False,
USG009100,FAC047,Chitradurga,2026-03-18,A-,4,False,
USG009101,FAC047,Chitradurga,2026-03-20,B+,3,True,Local incident spike
USG009102,FAC047,Chitradurga,2026-03-21,B+,2,False,
USG009103,FAC047,Chitradurga,2026-03-22,A+,4,False,
USG009104,FAC047,Chitradurga,2026-03-22,O-,4,False,
USG009105,FAC047,Chitradurga,2026-03-22,B-,4,False,
USG009106,FAC047,Chitradurga,2026-03-24,B+,3,False,
USG009107,FAC047,Chitradurga,2026-03-26,B+,4,True,Local incident spike
USG009108,FAC047,Chitradurga,2026-03-26,AB+,5,True,Local incident spike
USG009109,FAC047,Chitradurga,2026-03-28,O+,4,False,
USG009110,FAC047,Chitradurga,2026-03-29,O+,2,False,
USG009111,FAC047,Chitradurga,2026-03-29,B+,1,False,
USG009112,FAC047,Chitradurga,2026-03-30,O+,4,False,
USG009113,FAC047,Chitradurga,2026-03-31,B+,2,False,
USG009114,FAC047,Chitradurga,2026-04-01,O+,2,False,
USG009115,FAC047,Chitradurga,2026-04-01,B+,2,False,
USG009116,FAC047,Chitradurga,2026-04-02,A+,1,False,
USG009117,FAC047,Chitradurga,2026-04-05,AB-,1,False,
USG009118,FAC047,Chitradurga,2026-04-06,A+,3,False,
USG009119,FAC047,Chitradurga,2026-04-06,AB+,2,False,
USG009120,FAC047,Chitradurga,2026-04-06,B-,1,False,
USG009121,FAC047,Chitradurga,2026-04-06,AB-,1,False,
USG009122,FAC047,Chitradurga,2026-04-07,O+,4,False,
USG009123,FAC047,Chitradurga,2026-04-07,A-,3,False,
USG009124,FAC047,Chitradurga,2026-04-08,O+,2,False,
USG009125,FAC047,Chitradurga,2026-04-09,O+,3,False,
USG009126,FAC047,Chitradurga,2026-04-10,O+,2,False,
USG009127,FAC047,Chitradurga,2026-04-10,B+,3,False,
USG009128,FAC047,Chitradurga,2026-04-12,O+,1,False,
USG009129,FAC047,Chitradurga,2026-04-15,B+,2,False,
USG009130,FAC047,Chitradurga,2026-04-17,O+,3,False,
USG009131,FAC047,Chitradurga,2026-04-19,O+,2,False,
USG009132,FAC047,Chitradurga,2026-04-19,O-,2,False,
USG009133,FAC047,Chitradurga,2026-04-20,AB+,4,False,
USG009134,FAC047,Chitradurga,2026-04-21,A+,2,False,
USG009135,FAC047,Chitradurga,2026-04-22,O+,1,False,
USG009136,FAC047,Chitradurga,2026-04-22,B+,4,False,
USG009137,FAC047,Chitradurga,2026-04-23,B+,4,False,
USG009138,FAC047,Chitradurga,2026-04-24,O+,4,False,
USG009139,FAC047,Chitradurga,2026-04-24,B+,2,False,
USG009140,FAC047,Chitradurga,2026-04-26,AB+,2,False,
USG009141,FAC047,Chitradurga,2026-04-27,B+,2,False,
USG009142,FAC047,Chitradurga,2026-04-29,O+,4,False,
USG009143,FAC047,Chitradurga,2026-05-01,B+,3,False,
USG009144,FAC047,Chitradurga,2026-05-01,A+,3,False,
USG009145,FAC047,Chitradurga,2026-05-02,B+,3,False,
USG009146,FAC047,Chitradurga,2026-05-02,A+,3,False,
USG009147,FAC047,Chitradurga,2026-05-03,A+,1,False,
USG009148,FAC047,Chitradurga,2026-05-04,B+,2,False,
USG009149,FAC047,Chitradurga,2026-05-06,O+,1,False,
USG009150,FAC047,Chitradurga,2026-05-06,AB-,1,False,
USG009151,FAC047,Chitradurga,2026-05-07,B+,2,False,
USG009152,FAC047,Chitradurga,2026-05-12,O+,2,False,
USG009153,FAC047,Chitradurga,2026-05-12,B+,2,False,
USG009154,FAC047,Chitradurga,2026-05-13,O+,1,False,
USG009155,FAC047,Chitradurga,2026-05-14,A+,1,False,
USG009156,FAC047,Chitradurga,2026-05-16,B+,1,False,
USG009157,FAC047,Chitradurga,2026-05-16,O-,4,False,
USG009158,FAC047,Chitradurga,2026-05-16,B-,3,False,
USG009159,FAC047,Chitradurga,2026-05-17,O+,3,False,
USG009160,FAC047,Chitradurga,2026-05-17,A+,2,False,
USG009161,FAC047,Chitradurga,2026-05-18,A+,4,False,
USG009162,FAC047,Chitradurga,2026-05-19,O+,3,True,Local incident spike
USG009163,FAC047,Chitradurga,2026-05-20,A-,3,False,
USG009164,FAC047,Chitradurga,2026-05-20,AB-,4,False,
USG009165,FAC047,Chitradurga,2026-05-23,A-,4,False,
USG009166,FAC047,Chitradurga,2026-05-23,B-,1,False,
USG009167,FAC047,Chitradurga,2026-05-26,A+,1,False,
USG009168,FAC047,Chitradurga,2026-05-27,O-,2,False,
USG009169,FAC047,Chitradurga,2026-05-29,B+,1,False,
USG009170,FAC047,Chitradurga,2026-05-30,AB+,3,False,
USG009171,FAC047,Chitradurga,2026-05-31,AB+,2,False,
USG009172,FAC047,Chitradurga,2026-06-01,B+,3,False,
USG009173,FAC047,Chitradurga,2026-06-01,AB-,3,False,
USG009174,FAC047,Chitradurga,2026-06-04,A-,2,False,
USG009175,FAC047,Chitradurga,2026-06-05,O+,4,False,
USG009176,FAC047,Chitradurga,2026-06-05,A+,2,False,
USG009177,FAC047,Chitradurga,2026-06-05,AB+,1,False,
USG009178,FAC047,Chitradurga,2026-06-05,O-,3,False,
USG009179,FAC047,Chitradurga,2026-06-06,B+,3,False,
USG009180,FAC047,Chitradurga,2026-06-06,A+,3,False,
USG009181,FAC047,Chitradurga,2026-06-06,AB-,3,False,
USG009182,FAC047,Chitradurga,2026-06-08,O+,2,False,
USG009183,FAC047,Chitradurga,2026-06-09,O+,1,False,
USG009184,FAC047,Chitradurga,2026-06-10,O+,2,False,
USG009185,FAC047,Chitradurga,2026-06-11,B+,4,False,
USG009186,FAC047,Chitradurga,2026-06-12,O+,3,False,
USG009187,FAC047,Chitradurga,2026-06-13,B+,2,False,
USG009188,FAC047,Chitradurga,2026-06-13,A+,2,False,
USG009189,FAC047,Chitradurga,2026-06-15,A-,2,False,
USG009190,FAC047,Chitradurga,2026-06-17,O+,4,False,
USG009191,FAC047,Chitradurga,2026-06-17,A+,4,False,
USG009192,FAC047,Chitradurga,2026-06-17,A-,2,False,
USG009193,FAC047,Chitradurga,2026-06-17,AB-,1,False,
USG009194,FAC047,Chitradurga,2026-06-18,O+,2,False,
USG009195,FAC047,Chitradurga,2026-06-18,B+,1,False,
USG009196,FAC047,Chitradurga,2026-06-18,B-,3,False,
USG009197,FAC047,Chitradurga,2026-06-19,A+,4,False,
USG009198,FAC047,Chitradurga,2026-06-21,O+,2,False,
USG009199,FAC047,Chitradurga,2026-06-23,AB+,2,False,
USG009200,FAC047,Chitradurga,2026-06-23,A-,1,False,
USG009201,FAC047,Chitradurga,2026-06-23,AB-,1,False,
USG009202,FAC047,Chitradurga,2026-06-24,O+,1,False,
USG009203,FAC047,Chitradurga,2026-06-26,AB-,3,False,
USG009204,FAC047,Chitradurga,2026-06-27,AB+,4,False,
USG009205,FAC047,Chitradurga,2026-06-28,A+,3,False,
USG009206,FAC047,Chitradurga,2026-06-30,A+,1,False,
USG009207,FAC047,Chitradurga,2026-07-01,O-,2,False,
USG009208,FAC047,Chitradurga,2026-07-01,A-,3,False,
USG009209,FAC047,Chitradurga,2026-07-02,AB+,1,False,
USG009210,FAC047,Chitradurga,2026-07-04,A-,3,False,
USG009211,FAC047,Chitradurga,2026-07-07,A+,2,False,
USG009212,FAC047,Chitradurga,2026-07-07,B-,2,False,
USG009213,FAC047,Chitradurga,2026-07-12,B+,1,False,
USG009214,FAC047,Chitradurga,2026-07-13,B+,2,False,
USG009215,FAC047,Chitradurga,2026-07-14,O+,3,False,
USG009216,FAC047,Chitradurga,2026-07-15,B+,2,True,Monsoon peak flood-risk weeks
USG009217,FAC047,Chitradurga,2026-07-16,O+,2,True,Monsoon peak flood-risk weeks
USG009218,FAC047,Chitradurga,2026-07-18,B-,5,True,Monsoon peak flood-risk weeks
USG009219,FAC047,Chitradurga,2026-07-19,B+,3,True,Monsoon peak flood-risk weeks
USG009220,FAC047,Chitradurga,2026-07-19,A+,3,True,Monsoon peak flood-risk weeks
USG009221,FAC047,Chitradurga,2026-07-20,A+,3,True,Monsoon peak flood-risk weeks
USG009222,FAC047,Chitradurga,2026-07-20,O-,3,True,Monsoon peak flood-risk weeks
USG009223,FAC047,Chitradurga,2026-07-21,B+,3,True,Monsoon peak flood-risk weeks
USG009224,FAC047,Chitradurga,2026-07-21,A+,1,True,Monsoon peak flood-risk weeks
USG009225,FAC047,Chitradurga,2026-07-23,B+,4,True,Monsoon peak flood-risk weeks
USG009226,FAC047,Chitradurga,2026-07-24,A+,6,True,Monsoon peak flood-risk weeks
USG009227,FAC047,Chitradurga,2026-07-25,O-,3,True,Monsoon peak flood-risk weeks
USG009228,FAC047,Chitradurga,2026-07-26,O+,2,True,Monsoon peak flood-risk weeks
USG009229,FAC047,Chitradurga,2026-07-26,B+,4,True,Monsoon peak flood-risk weeks
USG009230,FAC047,Chitradurga,2026-07-27,B+,4,True,Monsoon peak flood-risk weeks
USG009231,FAC047,Chitradurga,2026-07-28,O+,4,True,Monsoon peak flood-risk weeks
USG009232,FAC047,Chitradurga,2026-07-28,A-,5,True,Monsoon peak flood-risk weeks
USG009233,FAC047,Chitradurga,2026-07-28,B-,5,True,Monsoon peak flood-risk weeks
USG009234,FAC047,Chitradurga,2026-07-29,A-,7,True,Monsoon peak flood-risk weeks
USG009235,FAC047,Chitradurga,2026-07-30,O+,3,True,Monsoon peak flood-risk weeks
USG009236,FAC047,Chitradurga,2026-07-30,B+,4,True,Monsoon peak flood-risk weeks
USG009237,FAC047,Chitradurga,2026-07-30,A+,5,True,Monsoon peak flood-risk weeks
USG009238,FAC047,Chitradurga,2026-07-31,B+,6,True,Monsoon peak flood-risk weeks
USG009239,FAC048,Chitradurga,2025-08-02,O+,7,True,Monsoon peak flood-risk weeks
USG009240,FAC048,Chitradurga,2025-08-03,B+,6,True,Monsoon peak flood-risk weeks
USG009241,FAC048,Chitradurga,2025-08-03,O-,4,True,Monsoon peak flood-risk weeks
USG009242,FAC048,Chitradurga,2025-08-05,A+,5,True,Monsoon peak flood-risk weeks
USG009243,FAC048,Chitradurga,2025-08-06,AB+,4,False,
USG009244,FAC048,Chitradurga,2025-08-07,A-,2,False,
USG009245,FAC048,Chitradurga,2025-08-08,A+,4,False,
USG009246,FAC048,Chitradurga,2025-08-09,A+,2,False,
USG009247,FAC048,Chitradurga,2025-08-09,AB+,4,False,
USG009248,FAC048,Chitradurga,2025-08-10,A+,4,False,
USG009249,FAC048,Chitradurga,2025-08-11,O+,2,False,
USG009250,FAC048,Chitradurga,2025-08-11,B+,3,False,
USG009251,FAC048,Chitradurga,2025-08-12,AB+,2,False,
USG009252,FAC048,Chitradurga,2025-08-18,A+,4,False,
USG009253,FAC048,Chitradurga,2025-08-18,AB+,3,False,
USG009254,FAC048,Chitradurga,2025-08-20,O+,2,True,Local incident spike
USG009255,FAC048,Chitradurga,2025-08-20,A+,5,True,Local incident spike
USG009256,FAC048,Chitradurga,2025-08-20,AB-,3,True,Local incident spike
USG009257,FAC048,Chitradurga,2025-08-21,O+,1,False,
USG009258,FAC048,Chitradurga,2025-08-21,B+,3,False,
USG009259,FAC048,Chitradurga,2025-08-21,AB-,4,False,
USG009260,FAC048,Chitradurga,2025-08-22,AB+,2,False,
USG009261,FAC048,Chitradurga,2025-08-23,B+,4,False,
USG009262,FAC048,Chitradurga,2025-08-23,O-,2,False,
USG009263,FAC048,Chitradurga,2025-08-24,O+,1,False,
USG009264,FAC048,Chitradurga,2025-08-27,O+,2,False,
USG009265,FAC048,Chitradurga,2025-08-27,A+,4,False,
USG009266,FAC048,Chitradurga,2025-08-28,A+,4,False,
USG009267,FAC048,Chitradurga,2025-08-28,B-,1,False,
USG009268,FAC048,Chitradurga,2025-08-31,B+,1,False,
USG009269,FAC048,Chitradurga,2025-08-31,A+,2,False,
USG009270,FAC048,Chitradurga,2025-08-31,AB+,3,False,
USG009271,FAC048,Chitradurga,2025-09-01,A+,4,False,
USG009272,FAC048,Chitradurga,2025-09-02,A+,4,False,
USG009273,FAC048,Chitradurga,2025-09-03,O+,1,False,
USG009274,FAC048,Chitradurga,2025-09-03,A+,2,False,
USG009275,FAC048,Chitradurga,2025-09-03,O-,3,False,
USG009276,FAC048,Chitradurga,2025-09-04,B+,2,False,
USG009277,FAC048,Chitradurga,2025-09-04,AB-,2,False,
USG009278,FAC048,Chitradurga,2025-09-06,B+,4,False,
USG009279,FAC048,Chitradurga,2025-09-07,O+,1,False,
USG009280,FAC048,Chitradurga,2025-09-08,O+,4,False,
USG009281,FAC048,Chitradurga,2025-09-08,A+,3,False,
USG009282,FAC048,Chitradurga,2025-09-09,O+,4,False,
USG009283,FAC048,Chitradurga,2025-09-09,A+,4,False,
USG009284,FAC048,Chitradurga,2025-09-11,B+,2,False,
USG009285,FAC048,Chitradurga,2025-09-13,A+,1,False,
USG009286,FAC048,Chitradurga,2025-09-13,AB+,4,False,
USG009287,FAC048,Chitradurga,2025-09-16,A+,1,True,Festival travel peak (Dasara)
USG009288,FAC048,Chitradurga,2025-09-18,O+,4,True,Festival travel peak (Dasara)
USG009289,FAC048,Chitradurga,2025-09-18,A+,4,True,Festival travel peak (Dasara)
USG009290,FAC048,Chitradurga,2025-09-18,O-,5,True,Festival travel peak (Dasara)
USG009291,FAC048,Chitradurga,2025-09-20,B+,1,True,Festival travel peak (Dasara)
USG009292,FAC048,Chitradurga,2025-09-20,O-,5,True,Festival travel peak (Dasara)
USG009293,FAC048,Chitradurga,2025-09-21,O+,6,True,Festival travel peak (Dasara)
USG009294,FAC048,Chitradurga,2025-09-21,B+,4,True,Festival travel peak (Dasara)
USG009295,FAC048,Chitradurga,2025-09-23,O+,3,True,Festival travel peak (Dasara)
USG009296,FAC048,Chitradurga,2025-09-23,O-,3,True,Festival travel peak (Dasara)
USG009297,FAC048,Chitradurga,2025-09-25,O+,4,True,Festival travel peak (Dasara)
USG009298,FAC048,Chitradurga,2025-09-25,A+,5,True,Festival travel peak (Dasara)
USG009299,FAC048,Chitradurga,2025-09-25,O-,2,True,Festival travel peak (Dasara)
USG009300,FAC048,Chitradurga,2025-09-26,O+,4,True,Festival travel peak (Dasara)
USG009301,FAC048,Chitradurga,2025-09-26,B+,4,True,Festival travel peak (Dasara)
USG009302,FAC048,Chitradurga,2025-09-26,A-,1,True,Festival travel peak (Dasara)
USG009303,FAC048,Chitradurga,2025-09-27,B+,6,True,Festival travel peak (Dasara)
USG009304,FAC048,Chitradurga,2025-09-28,B+,4,True,Festival travel peak (Dasara)
USG009305,FAC048,Chitradurga,2025-09-28,A+,6,True,Festival travel peak (Dasara)
USG009306,FAC048,Chitradurga,2025-09-28,A-,4,True,Festival travel peak (Dasara)
USG009307,FAC048,Chitradurga,2025-09-28,AB-,7,True,Festival travel peak (Dasara)
USG009308,FAC048,Chitradurga,2025-09-29,AB+,5,True,Festival travel peak (Dasara)
USG009309,FAC048,Chitradurga,2025-09-29,AB-,5,True,Festival travel peak (Dasara)
USG009310,FAC048,Chitradurga,2025-09-30,O+,7,True,Festival travel peak (Dasara)
USG009311,FAC048,Chitradurga,2025-09-30,B+,3,True,Festival travel peak (Dasara)
USG009312,FAC048,Chitradurga,2025-10-02,A-,7,True,Festival travel peak (Dasara)
USG009313,FAC048,Chitradurga,2025-10-02,B-,6,True,Festival travel peak (Dasara)
USG009314,FAC048,Chitradurga,2025-10-02,AB-,3,True,Festival travel peak (Dasara)
USG009315,FAC048,Chitradurga,2025-10-03,O-,2,True,Festival travel peak (Dasara)
USG009316,FAC048,Chitradurga,2025-10-05,O+,7,True,Festival travel peak (Dasara)
USG009317,FAC048,Chitradurga,2025-10-05,B+,2,True,Festival travel peak (Dasara)
USG009318,FAC048,Chitradurga,2025-10-07,O+,6,True,Festival travel peak (Dasara)
USG009319,FAC048,Chitradurga,2025-10-07,AB+,4,True,Festival travel peak (Dasara)
USG009320,FAC048,Chitradurga,2025-10-07,B-,2,True,Festival travel peak (Dasara)
USG009321,FAC048,Chitradurga,2025-10-08,O+,6,True,Festival travel peak (Dasara)
USG009322,FAC048,Chitradurga,2025-10-08,A+,5,True,Festival travel peak (Dasara)
USG009323,FAC048,Chitradurga,2025-10-09,O+,3,True,Festival travel peak (Dasara)
USG009324,FAC048,Chitradurga,2025-10-10,B+,4,True,Festival travel peak (Dasara)
USG009325,FAC048,Chitradurga,2025-10-11,O+,3,False,
USG009326,FAC048,Chitradurga,2025-10-12,A+,3,False,
USG009327,FAC048,Chitradurga,2025-10-12,O-,2,False,
USG009328,FAC048,Chitradurga,2025-10-12,B-,3,False,
USG009329,FAC048,Chitradurga,2025-10-13,O+,4,False,
USG009330,FAC048,Chitradurga,2025-10-13,B-,2,False,
USG009331,FAC048,Chitradurga,2025-10-14,B+,4,False,
USG009332,FAC048,Chitradurga,2025-10-14,A+,2,False,
USG009333,FAC048,Chitradurga,2025-10-15,AB+,1,False,
USG009334,FAC048,Chitradurga,2025-10-15,B-,1,False,
USG009335,FAC048,Chitradurga,2025-10-16,O+,2,True,Local incident spike
USG009336,FAC048,Chitradurga,2025-10-16,B+,2,True,Local incident spike
USG009337,FAC048,Chitradurga,2025-10-16,A+,5,True,Local incident spike
USG009338,FAC048,Chitradurga,2025-10-16,AB+,3,True,Local incident spike
USG009339,FAC048,Chitradurga,2025-10-16,O-,6,True,Local incident spike
USG009340,FAC048,Chitradurga,2025-10-16,A-,5,True,Local incident spike
USG009341,FAC048,Chitradurga,2025-10-16,AB-,7,True,Local incident spike
USG009342,FAC048,Chitradurga,2025-10-22,O+,4,False,
USG009343,FAC048,Chitradurga,2025-10-22,B+,4,False,
USG009344,FAC048,Chitradurga,2025-10-23,B-,1,False,
USG009345,FAC048,Chitradurga,2025-10-29,B+,4,False,
USG009346,FAC048,Chitradurga,2025-10-29,AB+,2,False,
USG009347,FAC048,Chitradurga,2025-10-30,B-,4,False,
USG009348,FAC048,Chitradurga,2025-10-31,AB+,1,False,
USG009349,FAC048,Chitradurga,2025-11-02,B-,3,False,
USG009350,FAC048,Chitradurga,2025-11-04,O+,3,False,
USG009351,FAC048,Chitradurga,2025-11-04,AB+,1,False,
USG009352,FAC048,Chitradurga,2025-11-04,B-,4,False,
USG009353,FAC048,Chitradurga,2025-11-05,O+,1,False,
USG009354,FAC048,Chitradurga,2025-11-07,B+,3,False,
USG009355,FAC048,Chitradurga,2025-11-07,A-,4,False,
USG009356,FAC048,Chitradurga,2025-11-07,AB-,2,False,
USG009357,FAC048,Chitradurga,2025-11-08,AB+,1,False,
USG009358,FAC048,Chitradurga,2025-11-10,A+,4,False,
USG009359,FAC048,Chitradurga,2025-11-11,B-,3,False,
USG009360,FAC048,Chitradurga,2025-11-14,B+,4,False,
USG009361,FAC048,Chitradurga,2025-11-14,AB+,1,False,
USG009362,FAC048,Chitradurga,2025-11-14,O-,2,False,
USG009363,FAC048,Chitradurga,2025-11-15,O+,1,False,
USG009364,FAC048,Chitradurga,2025-11-15,B+,1,False,
USG009365,FAC048,Chitradurga,2025-11-16,O+,3,False,
USG009366,FAC048,Chitradurga,2025-11-17,A+,1,False,
USG009367,FAC048,Chitradurga,2025-11-17,B-,2,False,
USG009368,FAC048,Chitradurga,2025-11-18,O+,1,False,
USG009369,FAC048,Chitradurga,2025-11-20,A+,4,False,
USG009370,FAC048,Chitradurga,2025-11-22,B+,1,False,
USG009371,FAC048,Chitradurga,2025-11-23,B+,4,False,
USG009372,FAC048,Chitradurga,2025-11-25,B+,2,False,
USG009373,FAC048,Chitradurga,2025-11-26,B+,2,False,
USG009374,FAC048,Chitradurga,2025-11-28,B+,1,False,
USG009375,FAC048,Chitradurga,2025-11-29,A-,2,False,
USG009376,FAC048,Chitradurga,2025-11-30,O+,3,False,
USG009377,FAC048,Chitradurga,2025-12-01,A-,2,False,
USG009378,FAC048,Chitradurga,2025-12-02,B+,4,False,
USG009379,FAC048,Chitradurga,2025-12-02,A+,4,False,
USG009380,FAC048,Chitradurga,2025-12-03,A+,2,False,
USG009381,FAC048,Chitradurga,2025-12-04,O+,4,False,
USG009382,FAC048,Chitradurga,2025-12-04,B+,4,False,
USG009383,FAC048,Chitradurga,2025-12-04,A-,2,False,
USG009384,FAC048,Chitradurga,2025-12-05,O-,3,False,
USG009385,FAC048,Chitradurga,2025-12-07,B+,4,False,
USG009386,FAC048,Chitradurga,2025-12-07,B-,2,False,
USG009387,FAC048,Chitradurga,2025-12-08,A+,4,False,
USG009388,FAC048,Chitradurga,2025-12-12,B+,3,False,
USG009389,FAC048,Chitradurga,2025-12-14,A-,4,False,
USG009390,FAC048,Chitradurga,2025-12-15,B+,2,False,
USG009391,FAC048,Chitradurga,2025-12-16,O+,2,False,
USG009392,FAC048,Chitradurga,2025-12-16,AB-,1,False,
USG009393,FAC048,Chitradurga,2025-12-18,O+,4,False,
USG009394,FAC048,Chitradurga,2025-12-18,B+,3,False,
USG009395,FAC048,Chitradurga,2025-12-20,O+,4,False,
USG009396,FAC048,Chitradurga,2025-12-24,O+,4,False,
USG009397,FAC048,Chitradurga,2025-12-25,O+,1,False,
USG009398,FAC048,Chitradurga,2025-12-29,O-,3,False,
USG009399,FAC048,Chitradurga,2025-12-30,B+,4,True,New Year travel period
USG009400,FAC048,Chitradurga,2025-12-30,B-,2,True,New Year travel period
USG009401,FAC048,Chitradurga,2025-12-31,B+,6,True,New Year travel period
USG009402,FAC048,Chitradurga,2025-12-31,A+,3,True,New Year travel period
USG009403,FAC048,Chitradurga,2025-12-31,B-,5,True,New Year travel period
USG009404,FAC048,Chitradurga,2026-01-02,AB+,1,True,New Year travel period
USG009405,FAC048,Chitradurga,2026-01-02,O-,6,True,New Year travel period
USG009406,FAC048,Chitradurga,2026-01-05,A+,4,False,
USG009407,FAC048,Chitradurga,2026-01-06,O+,2,False,
USG009408,FAC048,Chitradurga,2026-01-06,A+,3,False,
USG009409,FAC048,Chitradurga,2026-01-09,B+,1,False,
USG009410,FAC048,Chitradurga,2026-01-10,O+,2,False,
USG009411,FAC048,Chitradurga,2026-01-11,O+,4,False,
USG009412,FAC048,Chitradurga,2026-01-12,AB-,2,False,
USG009413,FAC048,Chitradurga,2026-01-14,A-,3,False,
USG009414,FAC048,Chitradurga,2026-01-16,B+,3,False,
USG009415,FAC048,Chitradurga,2026-01-18,O+,3,False,
USG009416,FAC048,Chitradurga,2026-01-18,O-,4,False,
USG009417,FAC048,Chitradurga,2026-01-18,A-,2,False,
USG009418,FAC048,Chitradurga,2026-01-19,A-,4,False,
USG009419,FAC048,Chitradurga,2026-01-21,B+,2,False,
USG009420,FAC048,Chitradurga,2026-01-22,B+,2,False,
USG009421,FAC048,Chitradurga,2026-01-22,AB+,2,False,
USG009422,FAC048,Chitradurga,2026-01-22,A-,2,False,
USG009423,FAC048,Chitradurga,2026-01-24,A+,4,False,
USG009424,FAC048,Chitradurga,2026-01-25,B+,3,False,
USG009425,FAC048,Chitradurga,2026-01-25,AB+,2,False,
USG009426,FAC048,Chitradurga,2026-01-25,AB-,1,False,
USG009427,FAC048,Chitradurga,2026-01-27,B+,2,False,
USG009428,FAC048,Chitradurga,2026-01-28,O+,1,False,
USG009429,FAC048,Chitradurga,2026-01-28,B+,3,False,
USG009430,FAC048,Chitradurga,2026-01-28,AB+,4,False,
USG009431,FAC048,Chitradurga,2026-01-29,B+,2,False,
USG009432,FAC048,Chitradurga,2026-01-30,A+,3,False,
USG009433,FAC048,Chitradurga,2026-01-30,O-,2,False,
USG009434,FAC048,Chitradurga,2026-02-01,O+,1,False,
USG009435,FAC048,Chitradurga,2026-02-05,B+,4,False,
USG009436,FAC048,Chitradurga,2026-02-05,O-,2,False,
USG009437,FAC048,Chitradurga,2026-02-05,AB-,4,False,
USG009438,FAC048,Chitradurga,2026-02-06,O+,3,False,
USG009439,FAC048,Chitradurga,2026-02-09,B+,2,False,
USG009440,FAC048,Chitradurga,2026-02-10,B-,1,False,
USG009441,FAC048,Chitradurga,2026-02-11,O+,1,False,
USG009442,FAC048,Chitradurga,2026-02-11,B-,4,False,
USG009443,FAC048,Chitradurga,2026-02-13,B+,4,False,
USG009444,FAC048,Chitradurga,2026-02-14,O+,1,False,
USG009445,FAC048,Chitradurga,2026-02-16,A-,4,False,
USG009446,FAC048,Chitradurga,2026-02-17,A+,1,False,
USG009447,FAC048,Chitradurga,2026-02-18,A+,4,False,
USG009448,FAC048,Chitradurga,2026-02-21,O+,2,False,
USG009449,FAC048,Chitradurga,2026-02-21,A+,4,False,
USG009450,FAC048,Chitradurga,2026-02-22,B+,4,False,
USG009451,FAC048,Chitradurga,2026-02-22,B-,2,False,
USG009452,FAC048,Chitradurga,2026-02-23,B+,1,False,
USG009453,FAC048,Chitradurga,2026-02-25,O+,1,False,
USG009454,FAC048,Chitradurga,2026-02-27,O+,2,False,
USG009455,FAC048,Chitradurga,2026-02-27,AB-,2,False,
USG009456,FAC048,Chitradurga,2026-03-01,O+,1,False,
USG009457,FAC048,Chitradurga,2026-03-03,AB+,3,False,
USG009458,FAC048,Chitradurga,2026-03-05,O+,3,False,
USG009459,FAC048,Chitradurga,2026-03-05,B-,1,False,
USG009460,FAC048,Chitradurga,2026-03-06,O+,3,False,
USG009461,FAC048,Chitradurga,2026-03-07,O+,5,True,Local incident spike
USG009462,FAC048,Chitradurga,2026-03-07,AB+,4,True,Local incident spike
USG009463,FAC048,Chitradurga,2026-03-09,O-,1,False,
USG009464,FAC048,Chitradurga,2026-03-15,B+,3,False,
USG009465,FAC048,Chitradurga,2026-03-16,A+,2,False,
USG009466,FAC048,Chitradurga,2026-03-20,O+,1,False,
USG009467,FAC048,Chitradurga,2026-03-20,B+,3,False,
USG009468,FAC048,Chitradurga,2026-03-21,A+,2,False,
USG009469,FAC048,Chitradurga,2026-03-21,AB+,3,False,
USG009470,FAC048,Chitradurga,2026-03-22,O-,2,False,
USG009471,FAC048,Chitradurga,2026-03-24,AB-,3,False,
USG009472,FAC048,Chitradurga,2026-03-25,O+,2,False,
USG009473,FAC048,Chitradurga,2026-03-25,B+,2,False,
USG009474,FAC048,Chitradurga,2026-03-25,A-,1,False,
USG009475,FAC048,Chitradurga,2026-03-25,B-,4,False,
USG009476,FAC048,Chitradurga,2026-03-26,B+,1,False,
USG009477,FAC048,Chitradurga,2026-03-28,O+,3,False,
USG009478,FAC048,Chitradurga,2026-04-02,B-,1,False,
USG009479,FAC048,Chitradurga,2026-04-03,B+,3,False,
USG009480,FAC048,Chitradurga,2026-04-03,B-,3,False,
USG009481,FAC048,Chitradurga,2026-04-04,B-,2,False,
USG009482,FAC048,Chitradurga,2026-04-05,O+,4,False,
USG009483,FAC048,Chitradurga,2026-04-06,O+,3,False,
USG009484,FAC048,Chitradurga,2026-04-07,A-,3,False,
USG009485,FAC048,Chitradurga,2026-04-08,O+,2,False,
USG009486,FAC048,Chitradurga,2026-04-09,A-,4,False,
USG009487,FAC048,Chitradurga,2026-04-11,AB+,2,False,
USG009488,FAC048,Chitradurga,2026-04-13,O+,4,True,Local incident spike
USG009489,FAC048,Chitradurga,2026-04-13,A+,6,True,Local incident spike
USG009490,FAC048,Chitradurga,2026-04-13,O-,7,True,Local incident spike
USG009491,FAC048,Chitradurga,2026-04-14,B+,1,False,
USG009492,FAC048,Chitradurga,2026-04-16,O+,3,False,
USG009493,FAC048,Chitradurga,2026-04-17,A+,4,False,
USG009494,FAC048,Chitradurga,2026-04-19,O+,2,False,
USG009495,FAC048,Chitradurga,2026-04-19,B+,2,False,
USG009496,FAC048,Chitradurga,2026-04-19,A-,4,False,
USG009497,FAC048,Chitradurga,2026-04-20,B+,1,False,
USG009498,FAC048,Chitradurga,2026-04-20,A-,2,False,
USG009499,FAC048,Chitradurga,2026-04-22,O+,2,False,
USG009500,FAC048,Chitradurga,2026-04-22,A+,1,False,
USG009501,FAC048,Chitradurga,2026-04-24,B+,4,False,
USG009502,FAC048,Chitradurga,2026-04-27,A-,4,False,
USG009503,FAC048,Chitradurga,2026-04-28,B+,1,False,
USG009504,FAC048,Chitradurga,2026-04-28,A+,2,False,
USG009505,FAC048,Chitradurga,2026-04-28,B-,1,False,
USG009506,FAC048,Chitradurga,2026-04-29,O-,3,False,
USG009507,FAC048,Chitradurga,2026-05-02,O-,3,False,
USG009508,FAC048,Chitradurga,2026-05-02,B-,3,False,
USG009509,FAC048,Chitradurga,2026-05-03,B+,2,False,
USG009510,FAC048,Chitradurga,2026-05-04,O+,1,False,
USG009511,FAC048,Chitradurga,2026-05-04,B+,4,False,
USG009512,FAC048,Chitradurga,2026-05-05,B-,1,False,
USG009513,FAC048,Chitradurga,2026-05-06,O-,3,False,
USG009514,FAC048,Chitradurga,2026-05-08,A-,2,False,
USG009515,FAC048,Chitradurga,2026-05-09,O+,3,False,
USG009516,FAC048,Chitradurga,2026-05-09,A+,4,False,
USG009517,FAC048,Chitradurga,2026-05-10,AB-,3,False,
USG009518,FAC048,Chitradurga,2026-05-12,B+,1,False,
USG009519,FAC048,Chitradurga,2026-05-12,A-,3,False,
USG009520,FAC048,Chitradurga,2026-05-13,A-,1,False,
USG009521,FAC048,Chitradurga,2026-05-14,O+,1,False,
USG009522,FAC048,Chitradurga,2026-05-14,O-,2,False,
USG009523,FAC048,Chitradurga,2026-05-15,B+,3,False,
USG009524,FAC048,Chitradurga,2026-05-15,A+,4,False,
USG009525,FAC048,Chitradurga,2026-05-16,O+,1,False,
USG009526,FAC048,Chitradurga,2026-05-16,A-,1,False,
USG009527,FAC048,Chitradurga,2026-05-17,B+,4,False,
USG009528,FAC048,Chitradurga,2026-05-17,A+,2,False,
USG009529,FAC048,Chitradurga,2026-05-18,A+,1,False,
USG009530,FAC048,Chitradurga,2026-05-20,O+,4,False,
USG009531,FAC048,Chitradurga,2026-05-20,A+,4,False,
USG009532,FAC048,Chitradurga,2026-05-21,O+,1,False,
USG009533,FAC048,Chitradurga,2026-05-23,O+,2,False,
USG009534,FAC048,Chitradurga,2026-05-24,B+,4,False,
USG009535,FAC048,Chitradurga,2026-05-25,AB+,4,False,
USG009536,FAC048,Chitradurga,2026-05-25,O-,3,False,
USG009537,FAC048,Chitradurga,2026-05-25,AB-,4,False,
USG009538,FAC048,Chitradurga,2026-05-26,O-,2,False,
USG009539,FAC048,Chitradurga,2026-05-29,O+,3,False,
USG009540,FAC048,Chitradurga,2026-05-29,B+,1,False,
USG009541,FAC048,Chitradurga,2026-05-29,A+,3,False,
USG009542,FAC048,Chitradurga,2026-05-29,A-,4,False,
USG009543,FAC048,Chitradurga,2026-06-01,B+,1,False,
USG009544,FAC048,Chitradurga,2026-06-01,A+,1,False,
USG009545,FAC048,Chitradurga,2026-06-02,O+,3,False,
USG009546,FAC048,Chitradurga,2026-06-04,A-,1,False,
USG009547,FAC048,Chitradurga,2026-06-07,B+,3,False,
USG009548,FAC048,Chitradurga,2026-06-07,AB+,4,False,
USG009549,FAC048,Chitradurga,2026-06-10,O+,1,False,
USG009550,FAC048,Chitradurga,2026-06-11,AB+,4,False,
USG009551,FAC048,Chitradurga,2026-06-14,O+,1,False,
USG009552,FAC048,Chitradurga,2026-06-14,B+,4,False,
USG009553,FAC048,Chitradurga,2026-06-14,A+,1,False,
USG009554,FAC048,Chitradurga,2026-06-15,B+,7,True,Local incident spike
USG009555,FAC048,Chitradurga,2026-06-15,AB+,2,True,Local incident spike
USG009556,FAC048,Chitradurga,2026-06-18,O+,1,False,
USG009557,FAC048,Chitradurga,2026-06-19,A+,3,False,
USG009558,FAC048,Chitradurga,2026-06-19,A-,1,False,
USG009559,FAC048,Chitradurga,2026-06-22,B+,2,False,
USG009560,FAC048,Chitradurga,2026-06-22,AB+,1,False,
USG009561,FAC048,Chitradurga,2026-06-23,O+,2,False,
USG009562,FAC048,Chitradurga,2026-06-24,O+,4,False,
USG009563,FAC048,Chitradurga,2026-06-25,B+,4,False,
USG009564,FAC048,Chitradurga,2026-06-25,A-,1,False,
USG009565,FAC048,Chitradurga,2026-06-27,O+,4,False,
USG009566,FAC048,Chitradurga,2026-06-27,A+,2,False,
USG009567,FAC048,Chitradurga,2026-06-28,B+,4,False,
USG009568,FAC048,Chitradurga,2026-06-28,A+,3,False,
USG009569,FAC048,Chitradurga,2026-06-29,O+,1,False,
USG009570,FAC048,Chitradurga,2026-06-30,O+,3,False,
USG009571,FAC048,Chitradurga,2026-07-01,AB+,3,False,
USG009572,FAC048,Chitradurga,2026-07-02,O+,3,False,
USG009573,FAC048,Chitradurga,2026-07-02,A-,2,False,
USG009574,FAC048,Chitradurga,2026-07-04,A+,2,False,
USG009575,FAC048,Chitradurga,2026-07-08,O+,2,False,
USG009576,FAC048,Chitradurga,2026-07-08,A+,4,False,
USG009577,FAC048,Chitradurga,2026-07-09,O-,1,False,
USG009578,FAC048,Chitradurga,2026-07-09,AB-,1,False,
USG009579,FAC048,Chitradurga,2026-07-10,B-,4,False,
USG009580,FAC048,Chitradurga,2026-07-11,B+,4,False,
USG009581,FAC048,Chitradurga,2026-07-12,B-,4,False,
USG009582,FAC048,Chitradurga,2026-07-15,B+,3,True,Monsoon peak flood-risk weeks
USG009583,FAC048,Chitradurga,2026-07-15,B-,5,True,Monsoon peak flood-risk weeks
USG009584,FAC048,Chitradurga,2026-07-17,O-,4,True,Monsoon peak flood-risk weeks
USG009585,FAC048,Chitradurga,2026-07-20,O+,5,True,Monsoon peak flood-risk weeks
USG009586,FAC048,Chitradurga,2026-07-20,A+,5,True,Monsoon peak flood-risk weeks
USG009587,FAC048,Chitradurga,2026-07-21,O+,5,True,Monsoon peak flood-risk weeks
USG009588,FAC048,Chitradurga,2026-07-22,O+,3,True,Monsoon peak flood-risk weeks
USG009589,FAC048,Chitradurga,2026-07-24,O+,3,True,Monsoon peak flood-risk weeks
USG009590,FAC048,Chitradurga,2026-07-24,AB-,5,True,Monsoon peak flood-risk weeks
USG009591,FAC048,Chitradurga,2026-07-25,A+,1,True,Monsoon peak flood-risk weeks
USG009592,FAC048,Chitradurga,2026-07-26,O+,4,True,Monsoon peak flood-risk weeks
USG009593,FAC048,Chitradurga,2026-07-28,O+,3,True,Monsoon peak flood-risk weeks
USG009594,FAC048,Chitradurga,2026-07-28,B-,2,True,Monsoon peak flood-risk weeks
USG009595,FAC048,Chitradurga,2026-07-29,O+,2,True,Monsoon peak flood-risk weeks
USG009596,FAC048,Chitradurga,2026-07-29,A+,5,True,Monsoon peak flood-risk weeks
USG009597,FAC048,Chitradurga,2026-07-29,B-,5,True,Monsoon peak flood-risk weeks
USG009598,FAC048,Chitradurga,2026-07-30,AB+,3,True,Monsoon peak flood-risk weeks
USG009599,FAC048,Chitradurga,2026-07-31,O+,7,True,Monsoon peak flood-risk weeks
USG009600,FAC048,Chitradurga,2026-07-31,B+,4,True,Monsoon peak flood-risk weeks
USG009601,FAC048,Chitradurga,2026-07-31,O-,4,True,Monsoon peak flood-risk weeks
USG009602,FAC048,Chitradurga,2026-08-01,O+,6,True,Monsoon peak flood-risk weeks
USG009603,FAC049,Chitradurga,2025-08-02,A+,1,True,Monsoon peak flood-risk weeks
USG009604,FAC049,Chitradurga,2025-08-03,A-,4,True,Monsoon peak flood-risk weeks
USG009605,FAC049,Chitradurga,2025-08-06,O+,3,False,
USG009606,FAC049,Chitradurga,2025-08-09,A+,3,False,
USG009607,FAC049,Chitradurga,2025-08-10,A+,3,False,
USG009608,FAC049,Chitradurga,2025-08-27,A-,3,False,
USG009609,FAC049,Chitradurga,2025-08-28,A+,3,False,
USG009610,FAC049,Chitradurga,2025-08-30,O+,2,False,
USG009611,FAC049,Chitradurga,2025-09-03,O+,2,False,
USG009612,FAC049,Chitradurga,2025-09-11,A-,1,False,
USG009613,FAC049,Chitradurga,2025-09-14,A+,3,False,
USG009614,FAC049,Chitradurga,2025-09-14,AB+,1,False,
USG009615,FAC049,Chitradurga,2025-09-22,A+,1,True,Festival travel peak (Dasara)
USG009616,FAC049,Chitradurga,2025-09-23,A+,2,True,Festival travel peak (Dasara)
USG009617,FAC049,Chitradurga,2025-09-23,O-,3,True,Festival travel peak (Dasara)
USG009618,FAC049,Chitradurga,2025-09-27,O+,5,True,Festival travel peak (Dasara)
USG009619,FAC049,Chitradurga,2025-09-28,A+,2,True,Festival travel peak (Dasara)
USG009620,FAC049,Chitradurga,2025-09-28,AB+,5,True,Festival travel peak (Dasara)
USG009621,FAC049,Chitradurga,2025-09-30,O+,2,True,Festival travel peak (Dasara)
USG009622,FAC049,Chitradurga,2025-09-30,B-,3,True,Festival travel peak (Dasara)
USG009623,FAC049,Chitradurga,2025-10-03,AB+,1,True,Festival travel peak (Dasara)
USG009624,FAC049,Chitradurga,2025-10-05,A+,3,True,Festival travel peak (Dasara)
USG009625,FAC049,Chitradurga,2025-10-05,O-,1,True,Festival travel peak (Dasara)
USG009626,FAC049,Chitradurga,2025-10-07,O+,2,True,Festival travel peak (Dasara)
USG009627,FAC049,Chitradurga,2025-10-10,AB+,4,True,Festival travel peak (Dasara)
USG009628,FAC049,Chitradurga,2025-10-12,A-,3,False,
USG009629,FAC049,Chitradurga,2025-10-13,O-,2,False,
USG009630,FAC049,Chitradurga,2025-10-16,O+,3,False,
USG009631,FAC049,Chitradurga,2025-10-17,O-,1,False,
USG009632,FAC049,Chitradurga,2025-10-26,O+,3,False,
USG009633,FAC049,Chitradurga,2025-10-26,AB+,2,False,
USG009634,FAC049,Chitradurga,2025-10-29,A+,4,True,Local incident spike
USG009635,FAC049,Chitradurga,2025-10-30,O+,3,False,
USG009636,FAC049,Chitradurga,2025-11-03,O-,3,False,
USG009637,FAC049,Chitradurga,2025-11-04,A+,1,False,
USG009638,FAC049,Chitradurga,2025-11-04,A-,1,False,
USG009639,FAC049,Chitradurga,2025-11-08,O+,2,False,
USG009640,FAC049,Chitradurga,2025-11-08,A+,1,False,
USG009641,FAC049,Chitradurga,2025-11-08,A-,1,False,
USG009642,FAC049,Chitradurga,2025-11-12,O-,1,False,
USG009643,FAC049,Chitradurga,2025-11-14,A+,3,False,
USG009644,FAC049,Chitradurga,2025-11-16,A+,3,False,
USG009645,FAC049,Chitradurga,2025-11-19,B-,2,False,
USG009646,FAC049,Chitradurga,2025-11-28,B-,3,False,
USG009647,FAC049,Chitradurga,2025-11-29,A+,1,False,
USG009648,FAC049,Chitradurga,2025-12-02,A-,2,False,
USG009649,FAC049,Chitradurga,2025-12-04,A+,3,False,
USG009650,FAC049,Chitradurga,2025-12-06,A+,3,False,
USG009651,FAC049,Chitradurga,2025-12-09,O+,2,False,
USG009652,FAC049,Chitradurga,2025-12-10,O+,3,False,
USG009653,FAC049,Chitradurga,2025-12-13,A-,1,False,
USG009654,FAC049,Chitradurga,2025-12-16,O+,3,False,
USG009655,FAC049,Chitradurga,2025-12-20,O+,1,False,
USG009656,FAC049,Chitradurga,2025-12-25,AB+,3,False,
USG009657,FAC049,Chitradurga,2025-12-29,A+,2,False,
USG009658,FAC049,Chitradurga,2026-01-01,O+,5,True,New Year travel period
USG009659,FAC049,Chitradurga,2026-01-01,AB+,3,True,New Year travel period
USG009660,FAC049,Chitradurga,2026-01-02,B-,4,True,New Year travel period
USG009661,FAC049,Chitradurga,2026-01-04,B-,1,False,
USG009662,FAC049,Chitradurga,2026-01-08,O+,1,False,
USG009663,FAC049,Chitradurga,2026-01-10,O+,1,False,
USG009664,FAC049,Chitradurga,2026-01-14,AB+,2,False,
USG009665,FAC049,Chitradurga,2026-01-22,A+,1,False,
USG009666,FAC049,Chitradurga,2026-01-23,A+,1,False,
USG009667,FAC049,Chitradurga,2026-01-26,B-,1,False,
USG009668,FAC049,Chitradurga,2026-02-02,B-,3,False,
USG009669,FAC049,Chitradurga,2026-02-05,AB+,1,False,
USG009670,FAC049,Chitradurga,2026-02-07,A+,1,False,
USG009671,FAC049,Chitradurga,2026-02-11,O+,3,False,
USG009672,FAC049,Chitradurga,2026-02-19,A+,1,False,
USG009673,FAC049,Chitradurga,2026-02-20,AB+,1,False,
USG009674,FAC049,Chitradurga,2026-02-25,B-,3,False,
USG009675,FAC049,Chitradurga,2026-02-26,O+,1,False,
USG009676,FAC049,Chitradurga,2026-02-27,AB+,3,False,
USG009677,FAC049,Chitradurga,2026-02-28,A+,1,False,
USG009678,FAC049,Chitradurga,2026-03-01,A-,3,False,
USG009679,FAC049,Chitradurga,2026-03-05,O+,3,False,
USG009680,FAC049,Chitradurga,2026-03-10,A-,1,False,
USG009681,FAC049,Chitradurga,2026-03-13,AB+,1,False,
USG009682,FAC049,Chitradurga,2026-03-14,B-,1,False,
USG009683,FAC049,Chitradurga,2026-03-17,AB+,2,False,
USG009684,FAC049,Chitradurga,2026-03-21,A+,1,False,
USG009685,FAC049,Chitradurga,2026-03-23,B-,3,False,
USG009686,FAC049,Chitradurga,2026-03-28,O+,1,False,
USG009687,FAC049,Chitradurga,2026-03-30,AB+,3,False,
USG009688,FAC049,Chitradurga,2026-04-01,A+,1,False,
USG009689,FAC049,Chitradurga,2026-04-02,B-,1,False,
USG009690,FAC049,Chitradurga,2026-04-04,A-,2,False,
USG009691,FAC049,Chitradurga,2026-04-07,A+,2,False,
USG009692,FAC049,Chitradurga,2026-04-09,O+,1,False,
USG009693,FAC049,Chitradurga,2026-04-10,O+,2,False,
USG009694,FAC049,Chitradurga,2026-04-17,O+,3,False,
USG009695,FAC049,Chitradurga,2026-04-19,B-,1,False,
USG009696,FAC049,Chitradurga,2026-04-21,AB+,3,False,
USG009697,FAC049,Chitradurga,2026-04-26,O+,3,False,
USG009698,FAC049,Chitradurga,2026-05-04,AB+,3,False,
USG009699,FAC049,Chitradurga,2026-05-05,AB+,1,False,
USG009700,FAC049,Chitradurga,2026-05-06,O+,2,False,
USG009701,FAC049,Chitradurga,2026-05-09,O+,3,False,
USG009702,FAC049,Chitradurga,2026-05-12,O+,2,False,
USG009703,FAC049,Chitradurga,2026-05-25,O+,2,False,
USG009704,FAC049,Chitradurga,2026-05-26,A+,3,False,
USG009705,FAC049,Chitradurga,2026-05-28,AB+,2,False,
USG009706,FAC049,Chitradurga,2026-05-30,O+,1,False,
USG009707,FAC049,Chitradurga,2026-06-03,A-,1,False,
USG009708,FAC049,Chitradurga,2026-06-04,O-,1,False,
USG009709,FAC049,Chitradurga,2026-06-10,O+,1,False,
USG009710,FAC049,Chitradurga,2026-06-15,A+,1,False,
USG009711,FAC049,Chitradurga,2026-06-24,O-,1,False,
USG009712,FAC049,Chitradurga,2026-06-30,O-,1,False,
USG009713,FAC049,Chitradurga,2026-07-05,O-,2,False,
USG009714,FAC049,Chitradurga,2026-07-06,B-,1,True,Local incident spike
USG009715,FAC049,Chitradurga,2026-07-09,B-,2,False,
USG009716,FAC049,Chitradurga,2026-07-10,A+,3,False,
USG009717,FAC049,Chitradurga,2026-07-13,O-,1,False,
USG009718,FAC049,Chitradurga,2026-07-20,O+,2,True,Monsoon peak flood-risk weeks
USG009719,FAC049,Chitradurga,2026-07-27,O+,4,True,Monsoon peak flood-risk weeks
USG009720,FAC049,Chitradurga,2026-07-31,O+,2,True,Monsoon peak flood-risk weeks
USG009721,FAC049,Chitradurga,2026-07-31,AB+,2,True,Monsoon peak flood-risk weeks
USG009722,FAC049,Chitradurga,2026-07-31,O-,2,True,Monsoon peak flood-risk weeks
USG009723,FAC049,Chitradurga,2026-08-01,AB+,1,True,Monsoon peak flood-risk weeks
USG009724,FAC050,Chitradurga,2025-08-02,O-,1,True,Monsoon peak flood-risk weeks
USG009725,FAC050,Chitradurga,2025-08-03,O+,5,True,Monsoon peak flood-risk weeks
USG009726,FAC050,Chitradurga,2025-08-05,A+,3,True,Monsoon peak flood-risk weeks
USG009727,FAC050,Chitradurga,2025-08-07,AB+,1,False,
USG009728,FAC050,Chitradurga,2025-08-09,O+,2,False,
USG009729,FAC050,Chitradurga,2025-08-10,O+,1,False,
USG009730,FAC050,Chitradurga,2025-08-10,A+,3,False,
USG009731,FAC050,Chitradurga,2025-08-10,B-,3,False,
USG009732,FAC050,Chitradurga,2025-08-13,AB+,2,False,
USG009733,FAC050,Chitradurga,2025-08-13,A-,3,False,
USG009734,FAC050,Chitradurga,2025-08-16,B-,2,False,
USG009735,FAC050,Chitradurga,2025-08-23,O+,1,False,
USG009736,FAC050,Chitradurga,2025-08-23,AB-,1,False,
USG009737,FAC050,Chitradurga,2025-08-28,B-,2,False,
USG009738,FAC050,Chitradurga,2025-09-01,A+,2,False,
USG009739,FAC050,Chitradurga,2025-09-02,O+,2,False,
USG009740,FAC050,Chitradurga,2025-09-04,O-,2,False,
USG009741,FAC050,Chitradurga,2025-09-05,A+,2,False,
USG009742,FAC050,Chitradurga,2025-09-11,A-,2,False,
USG009743,FAC050,Chitradurga,2025-09-12,A+,1,False,
USG009744,FAC050,Chitradurga,2025-09-14,AB-,3,False,
USG009745,FAC050,Chitradurga,2025-09-15,A+,2,False,
USG009746,FAC050,Chitradurga,2025-09-16,AB-,3,True,Festival travel peak (Dasara)
USG009747,FAC050,Chitradurga,2025-09-17,O+,2,True,Festival travel peak (Dasara)
USG009748,FAC050,Chitradurga,2025-09-18,A+,2,True,Festival travel peak (Dasara)
USG009749,FAC050,Chitradurga,2025-09-20,A+,2,True,Festival travel peak (Dasara)
USG009750,FAC050,Chitradurga,2025-09-24,AB+,1,True,Festival travel peak (Dasara)
USG009751,FAC050,Chitradurga,2025-09-25,A+,1,True,Festival travel peak (Dasara)
USG009752,FAC050,Chitradurga,2025-09-27,O+,2,True,Festival travel peak (Dasara)
USG009753,FAC050,Chitradurga,2025-09-29,A+,5,True,Festival travel peak (Dasara)
USG009754,FAC050,Chitradurga,2025-10-01,A-,3,True,Festival travel peak (Dasara)
USG009755,FAC050,Chitradurga,2025-10-05,A+,3,True,Festival travel peak (Dasara)
USG009756,FAC050,Chitradurga,2025-10-06,O+,2,True,Festival travel peak (Dasara)
USG009757,FAC050,Chitradurga,2025-10-06,A+,3,True,Festival travel peak (Dasara)
USG009758,FAC050,Chitradurga,2025-10-07,A+,5,True,Festival travel peak (Dasara)
USG009759,FAC050,Chitradurga,2025-10-08,O-,3,True,Festival travel peak (Dasara)
USG009760,FAC050,Chitradurga,2025-10-09,O-,3,True,Festival travel peak (Dasara)
USG009761,FAC050,Chitradurga,2025-10-10,AB+,5,True,Festival travel peak (Dasara)
USG009762,FAC050,Chitradurga,2025-10-24,A+,1,False,
USG009763,FAC050,Chitradurga,2025-10-28,O+,1,False,
USG009764,FAC050,Chitradurga,2025-11-05,A+,1,False,
USG009765,FAC050,Chitradurga,2025-11-10,O+,3,False,
USG009766,FAC050,Chitradurga,2025-11-14,A+,2,False,
USG009767,FAC050,Chitradurga,2025-11-15,O+,3,False,
USG009768,FAC050,Chitradurga,2025-11-19,AB+,1,False,
USG009769,FAC050,Chitradurga,2025-11-21,O-,3,False,
USG009770,FAC050,Chitradurga,2025-11-27,AB-,1,False,
USG009771,FAC050,Chitradurga,2025-11-29,O+,2,False,
USG009772,FAC050,Chitradurga,2025-12-03,AB+,2,False,
USG009773,FAC050,Chitradurga,2025-12-04,O+,1,False,
USG009774,FAC050,Chitradurga,2025-12-06,AB+,3,False,
USG009775,FAC050,Chitradurga,2025-12-08,A-,2,False,
USG009776,FAC050,Chitradurga,2025-12-11,O+,1,False,
USG009777,FAC050,Chitradurga,2025-12-12,O+,3,False,
USG009778,FAC050,Chitradurga,2025-12-13,AB-,1,False,
USG009779,FAC050,Chitradurga,2025-12-18,AB+,3,True,Local incident spike
USG009780,FAC050,Chitradurga,2025-12-21,A-,3,False,
USG009781,FAC050,Chitradurga,2025-12-22,O-,1,False,
USG009782,FAC050,Chitradurga,2025-12-22,B-,1,False,
USG009783,FAC050,Chitradurga,2025-12-30,A+,2,True,New Year travel period
USG009784,FAC050,Chitradurga,2025-12-31,AB+,4,True,New Year travel period
USG009785,FAC050,Chitradurga,2026-01-01,AB+,2,True,New Year travel period
USG009786,FAC050,Chitradurga,2026-01-07,B-,1,False,
USG009787,FAC050,Chitradurga,2026-01-08,O-,3,False,
USG009788,FAC050,Chitradurga,2026-01-09,A+,1,False,
USG009789,FAC050,Chitradurga,2026-01-10,O+,3,False,
USG009790,FAC050,Chitradurga,2026-01-11,AB+,3,False,
USG009791,FAC050,Chitradurga,2026-01-13,AB-,3,False,
USG009792,FAC050,Chitradurga,2026-01-21,AB+,2,False,
USG009793,FAC050,Chitradurga,2026-01-22,O+,3,False,
USG009794,FAC050,Chitradurga,2026-01-22,AB+,3,False,
USG009795,FAC050,Chitradurga,2026-01-22,A-,3,False,
USG009796,FAC050,Chitradurga,2026-01-25,AB-,3,False,
USG009797,FAC050,Chitradurga,2026-01-27,O+,1,False,
USG009798,FAC050,Chitradurga,2026-01-30,A-,2,False,
USG009799,FAC050,Chitradurga,2026-02-02,O+,1,False,
USG009800,FAC050,Chitradurga,2026-02-07,AB+,3,False,
USG009801,FAC050,Chitradurga,2026-02-13,O+,3,False,
USG009802,FAC050,Chitradurga,2026-02-13,AB-,2,False,
USG009803,FAC050,Chitradurga,2026-02-14,O+,2,False,
USG009804,FAC050,Chitradurga,2026-02-19,O+,2,False,
USG009805,FAC050,Chitradurga,2026-02-21,O+,2,False,
USG009806,FAC050,Chitradurga,2026-02-21,A+,2,False,
USG009807,FAC050,Chitradurga,2026-02-25,O+,3,False,
USG009808,FAC050,Chitradurga,2026-02-26,A-,2,False,
USG009809,FAC050,Chitradurga,2026-03-02,B-,3,False,
USG009810,FAC050,Chitradurga,2026-03-03,B-,3,False,
USG009811,FAC050,Chitradurga,2026-03-07,A-,3,False,
USG009812,FAC050,Chitradurga,2026-03-08,O+,2,False,
USG009813,FAC050,Chitradurga,2026-03-13,A-,3,False,
USG009814,FAC050,Chitradurga,2026-03-14,O+,2,False,
USG009815,FAC050,Chitradurga,2026-03-16,A+,2,False,
USG009816,FAC050,Chitradurga,2026-03-16,A-,1,False,
USG009817,FAC050,Chitradurga,2026-03-16,AB-,1,False,
USG009818,FAC050,Chitradurga,2026-03-26,AB+,3,False,
USG009819,FAC050,Chitradurga,2026-04-04,O+,1,False,
USG009820,FAC050,Chitradurga,2026-04-05,O+,3,False,
USG009821,FAC050,Chitradurga,2026-04-07,A+,2,False,
USG009822,FAC050,Chitradurga,2026-04-08,O+,2,False,
USG009823,FAC050,Chitradurga,2026-04-09,A-,2,False,
USG009824,FAC050,Chitradurga,2026-04-11,O+,3,False,
USG009825,FAC050,Chitradurga,2026-04-11,AB-,2,False,
USG009826,FAC050,Chitradurga,2026-04-12,AB-,1,False,
USG009827,FAC050,Chitradurga,2026-04-14,O+,3,False,
USG009828,FAC050,Chitradurga,2026-04-20,A+,1,False,
USG009829,FAC050,Chitradurga,2026-04-26,A+,3,False,
USG009830,FAC050,Chitradurga,2026-04-27,AB-,2,False,
USG009831,FAC050,Chitradurga,2026-05-07,AB-,2,True,Local incident spike
USG009832,FAC050,Chitradurga,2026-05-10,AB-,1,False,
USG009833,FAC050,Chitradurga,2026-05-13,A-,2,False,
USG009834,FAC050,Chitradurga,2026-05-15,B-,2,False,
USG009835,FAC050,Chitradurga,2026-05-16,AB+,3,False,
USG009836,FAC050,Chitradurga,2026-05-16,A-,3,False,
USG009837,FAC050,Chitradurga,2026-05-17,AB-,3,False,
USG009838,FAC050,Chitradurga,2026-05-21,A+,3,False,
USG009839,FAC050,Chitradurga,2026-05-21,AB+,3,False,
USG009840,FAC050,Chitradurga,2026-05-21,A-,3,False,
USG009841,FAC050,Chitradurga,2026-05-25,AB-,1,False,
USG009842,FAC050,Chitradurga,2026-05-26,A+,1,False,
USG009843,FAC050,Chitradurga,2026-05-27,O+,1,False,
USG009844,FAC050,Chitradurga,2026-05-28,AB+,3,False,
USG009845,FAC050,Chitradurga,2026-05-31,O+,2,False,
USG009846,FAC050,Chitradurga,2026-06-22,AB-,1,False,
USG009847,FAC050,Chitradurga,2026-06-23,O+,1,False,
USG009848,FAC050,Chitradurga,2026-06-29,O+,3,False,
USG009849,FAC050,Chitradurga,2026-07-02,AB+,1,False,
USG009850,FAC050,Chitradurga,2026-07-05,B-,2,False,
USG009851,FAC050,Chitradurga,2026-07-07,O-,3,False,
USG009852,FAC050,Chitradurga,2026-07-15,A-,2,True,Monsoon peak flood-risk weeks
USG009853,FAC050,Chitradurga,2026-07-19,AB+,3,True,Monsoon peak flood-risk weeks
USG009854,FAC050,Chitradurga,2026-07-23,O+,5,True,Monsoon peak flood-risk weeks
USG009855,FAC050,Chitradurga,2026-07-23,O-,3,True,Monsoon peak flood-risk weeks
USG009856,FAC050,Chitradurga,2026-07-28,AB+,2,True,Monsoon peak flood-risk weeks
USG009857,FAC050,Chitradurga,2026-07-29,A+,5,True,Monsoon peak flood-risk weeks
USG009858,FAC050,Chitradurga,2026-07-31,A+,3,True,Monsoon peak flood-risk weeks
USG009859,FAC050,Chitradurga,2026-08-01,O-,2,True,Monsoon peak flood-risk weeks
USG009860,FAC051,Chitradurga,2025-08-03,O-,2,True,Monsoon peak flood-risk weeks
USG009861,FAC051,Chitradurga,2025-08-04,B+,5,True,Monsoon peak flood-risk weeks
USG009862,FAC051,Chitradurga,2025-08-04,AB+,5,True,Monsoon peak flood-risk weeks
USG009863,FAC051,Chitradurga,2025-08-08,O+,3,False,
USG009864,FAC051,Chitradurga,2025-08-10,O-,2,False,
USG009865,FAC051,Chitradurga,2025-08-14,AB+,1,False,
USG009866,FAC051,Chitradurga,2025-08-15,A+,2,False,
USG009867,FAC051,Chitradurga,2025-08-24,A+,2,False,
USG009868,FAC051,Chitradurga,2025-08-26,B+,1,False,
USG009869,FAC051,Chitradurga,2025-08-27,O+,3,False,
USG009870,FAC051,Chitradurga,2025-09-01,B+,3,False,
USG009871,FAC051,Chitradurga,2025-09-03,AB-,1,False,
USG009872,FAC051,Chitradurga,2025-09-05,AB-,3,False,
USG009873,FAC051,Chitradurga,2025-09-06,A+,3,False,
USG009874,FAC051,Chitradurga,2025-09-08,O+,2,False,
USG009875,FAC051,Chitradurga,2025-09-09,O-,1,False,
USG009876,FAC051,Chitradurga,2025-09-13,B-,2,False,
USG009877,FAC051,Chitradurga,2025-09-15,B+,2,False,
USG009878,FAC051,Chitradurga,2025-09-18,B+,1,True,Festival travel peak (Dasara)
USG009879,FAC051,Chitradurga,2025-09-19,A+,2,True,Festival travel peak (Dasara)
USG009880,FAC051,Chitradurga,2025-09-19,O-,4,True,Festival travel peak (Dasara)
USG009881,FAC051,Chitradurga,2025-09-20,O-,1,True,Festival travel peak (Dasara)
USG009882,FAC051,Chitradurga,2025-09-21,B+,2,True,Festival travel peak (Dasara)
USG009883,FAC051,Chitradurga,2025-09-22,B+,1,True,Festival travel peak (Dasara)
USG009884,FAC051,Chitradurga,2025-09-23,B+,3,True,Festival travel peak (Dasara)
USG009885,FAC051,Chitradurga,2025-09-27,O+,2,True,Festival travel peak (Dasara)
USG009886,FAC051,Chitradurga,2025-09-30,O+,4,True,Festival travel peak (Dasara)
USG009887,FAC051,Chitradurga,2025-10-01,A+,2,True,Festival travel peak (Dasara)
USG009888,FAC051,Chitradurga,2025-10-05,A+,2,True,Festival travel peak (Dasara)
USG009889,FAC051,Chitradurga,2025-10-05,AB-,4,True,Festival travel peak (Dasara)
USG009890,FAC051,Chitradurga,2025-10-06,O+,4,True,Festival travel peak (Dasara)
USG009891,FAC051,Chitradurga,2025-10-06,B+,4,True,Festival travel peak (Dasara)
USG009892,FAC051,Chitradurga,2025-10-06,AB+,4,True,Festival travel peak (Dasara)
USG009893,FAC051,Chitradurga,2025-10-07,O+,5,True,Festival travel peak (Dasara)
USG009894,FAC051,Chitradurga,2025-10-13,B+,3,False,
USG009895,FAC051,Chitradurga,2025-10-18,O+,1,False,
USG009896,FAC051,Chitradurga,2025-10-18,A+,3,False,
USG009897,FAC051,Chitradurga,2025-10-20,O+,3,False,
USG009898,FAC051,Chitradurga,2025-10-20,A+,3,False,
USG009899,FAC051,Chitradurga,2025-10-22,B+,1,False,
USG009900,FAC051,Chitradurga,2025-11-03,O+,2,False,
USG009901,FAC051,Chitradurga,2025-11-06,AB-,3,False,
USG009902,FAC051,Chitradurga,2025-11-07,O+,2,False,
USG009903,FAC051,Chitradurga,2025-11-11,O-,1,False,
USG009904,FAC051,Chitradurga,2025-11-14,O+,3,False,
USG009905,FAC051,Chitradurga,2025-11-14,O-,1,False,
USG009906,FAC051,Chitradurga,2025-11-15,AB+,2,False,
USG009907,FAC051,Chitradurga,2025-11-16,O+,3,False,
USG009908,FAC051,Chitradurga,2025-11-16,O-,1,False,
USG009909,FAC051,Chitradurga,2025-11-17,AB+,1,False,
USG009910,FAC051,Chitradurga,2025-11-22,O+,2,False,
USG009911,FAC051,Chitradurga,2025-11-24,A+,1,False,
USG009912,FAC051,Chitradurga,2025-11-24,AB-,2,False,
USG009913,FAC051,Chitradurga,2025-11-26,B+,3,False,
USG009914,FAC051,Chitradurga,2025-11-26,B-,3,False,
USG009915,FAC051,Chitradurga,2025-11-29,B+,2,False,
USG009916,FAC051,Chitradurga,2025-11-29,O-,1,False,
USG009917,FAC051,Chitradurga,2025-12-02,B+,2,False,
USG009918,FAC051,Chitradurga,2025-12-03,O+,2,False,
USG009919,FAC051,Chitradurga,2025-12-06,O+,1,False,
USG009920,FAC051,Chitradurga,2025-12-06,AB+,1,False,
USG009921,FAC051,Chitradurga,2025-12-10,AB-,1,False,
USG009922,FAC051,Chitradurga,2025-12-14,A+,3,False,
USG009923,FAC051,Chitradurga,2025-12-18,AB+,2,False,
USG009924,FAC051,Chitradurga,2025-12-19,O+,1,False,
USG009925,FAC051,Chitradurga,2025-12-22,A+,2,False,
USG009926,FAC051,Chitradurga,2025-12-25,A+,3,False,
USG009927,FAC051,Chitradurga,2025-12-28,O+,2,False,
USG009928,FAC051,Chitradurga,2025-12-30,B+,1,True,New Year travel period
USG009929,FAC051,Chitradurga,2025-12-31,AB-,2,True,New Year travel period
USG009930,FAC051,Chitradurga,2026-01-02,O+,4,True,New Year travel period
USG009931,FAC051,Chitradurga,2026-01-02,B+,4,True,New Year travel period
USG009932,FAC051,Chitradurga,2026-01-04,B+,3,False,
USG009933,FAC051,Chitradurga,2026-01-06,O+,3,False,
USG009934,FAC051,Chitradurga,2026-01-08,AB+,1,False,
USG009935,FAC051,Chitradurga,2026-01-10,O-,1,False,
USG009936,FAC051,Chitradurga,2026-01-10,AB-,2,False,
USG009937,FAC051,Chitradurga,2026-01-12,B+,1,False,
USG009938,FAC051,Chitradurga,2026-01-14,AB-,3,False,
USG009939,FAC051,Chitradurga,2026-01-16,B+,1,False,
USG009940,FAC051,Chitradurga,2026-01-27,A+,2,False,
USG009941,FAC051,Chitradurga,2026-01-29,O-,3,False,
USG009942,FAC051,Chitradurga,2026-01-30,O+,2,False,
USG009943,FAC051,Chitradurga,2026-02-02,O-,2,False,
USG009944,FAC051,Chitradurga,2026-02-03,B+,1,False,
USG009945,FAC051,Chitradurga,2026-02-06,A+,2,False,
USG009946,FAC051,Chitradurga,2026-02-09,O+,3,False,
USG009947,FAC051,Chitradurga,2026-02-12,B+,2,False,
USG009948,FAC051,Chitradurga,2026-02-16,A+,2,False,
USG009949,FAC051,Chitradurga,2026-02-18,O+,2,False,
USG009950,FAC051,Chitradurga,2026-03-01,O+,2,False,
USG009951,FAC051,Chitradurga,2026-03-02,O+,3,False,
USG009952,FAC051,Chitradurga,2026-03-02,B-,2,False,
USG009953,FAC051,Chitradurga,2026-03-03,O-,1,False,
USG009954,FAC051,Chitradurga,2026-03-07,O+,1,False,
USG009955,FAC051,Chitradurga,2026-03-09,B+,1,False,
USG009956,FAC051,Chitradurga,2026-03-11,AB-,2,False,
USG009957,FAC051,Chitradurga,2026-03-14,A+,3,False,
USG009958,FAC051,Chitradurga,2026-03-16,A+,2,False,
USG009959,FAC051,Chitradurga,2026-03-18,O+,2,False,
USG009960,FAC051,Chitradurga,2026-03-20,B+,2,False,
USG009961,FAC051,Chitradurga,2026-03-24,AB+,3,False,
USG009962,FAC051,Chitradurga,2026-03-26,B+,1,False,
USG009963,FAC051,Chitradurga,2026-04-01,O+,1,False,
USG009964,FAC051,Chitradurga,2026-04-03,O+,2,False,
USG009965,FAC051,Chitradurga,2026-04-03,B+,1,False,
USG009966,FAC051,Chitradurga,2026-04-04,O+,1,False,
USG009967,FAC051,Chitradurga,2026-04-12,A+,3,False,
USG009968,FAC051,Chitradurga,2026-04-16,O+,3,False,
USG009969,FAC051,Chitradurga,2026-04-16,A+,2,False,
USG009970,FAC051,Chitradurga,2026-04-17,O+,1,False,
USG009971,FAC051,Chitradurga,2026-04-18,B+,2,False,
USG009972,FAC051,Chitradurga,2026-04-18,A+,3,False,
USG009973,FAC051,Chitradurga,2026-04-20,B-,3,False,
USG009974,FAC051,Chitradurga,2026-04-21,AB-,1,False,
USG009975,FAC051,Chitradurga,2026-04-24,B+,2,False,
USG009976,FAC051,Chitradurga,2026-04-26,O+,1,False,
USG009977,FAC051,Chitradurga,2026-05-07,B+,3,False,
USG009978,FAC051,Chitradurga,2026-05-08,O+,3,False,
USG009979,FAC051,Chitradurga,2026-05-10,O+,1,False,
USG009980,FAC051,Chitradurga,2026-05-15,B+,2,False,
USG009981,FAC051,Chitradurga,2026-05-21,B+,3,False,
USG009982,FAC051,Chitradurga,2026-05-22,A+,2,False,
USG009983,FAC051,Chitradurga,2026-05-31,O-,2,False,
USG009984,FAC051,Chitradurga,2026-06-02,AB+,3,False,
USG009985,FAC051,Chitradurga,2026-06-04,AB+,3,False,
USG009986,FAC051,Chitradurga,2026-06-13,AB+,1,False,
USG009987,FAC051,Chitradurga,2026-06-14,O-,2,False,
USG009988,FAC051,Chitradurga,2026-06-15,B-,3,True,Local incident spike
USG009989,FAC051,Chitradurga,2026-06-17,A+,1,False,
USG009990,FAC051,Chitradurga,2026-06-22,O+,2,False,
USG009991,FAC051,Chitradurga,2026-06-26,O-,3,True,Local incident spike
USG009992,FAC051,Chitradurga,2026-06-27,B+,2,False,
USG009993,FAC051,Chitradurga,2026-06-28,B+,1,False,
USG009994,FAC051,Chitradurga,2026-07-01,B+,2,False,
USG009995,FAC051,Chitradurga,2026-07-03,AB+,3,False,
USG009996,FAC051,Chitradurga,2026-07-08,A+,3,False,
USG009997,FAC051,Chitradurga,2026-07-11,B+,1,False,
USG009998,FAC051,Chitradurga,2026-07-12,O+,3,True,Local incident spike
USG009999,FAC051,Chitradurga,2026-07-16,O+,4,True,Monsoon peak flood-risk weeks
USG010000,FAC051,Chitradurga,2026-07-16,AB-,5,True,Monsoon peak flood-risk weeks
USG010001,FAC051,Chitradurga,2026-07-22,O-,5,True,Monsoon peak flood-risk weeks
USG010002,FAC051,Chitradurga,2026-07-22,AB-,4,True,Monsoon peak flood-risk weeks
USG010003,FAC051,Chitradurga,2026-07-23,A+,1,True,Monsoon peak flood-risk weeks
USG010004,FAC051,Chitradurga,2026-07-23,B-,3,True,Monsoon peak flood-risk weeks
USG010005,FAC051,Chitradurga,2026-07-26,O+,2,True,Monsoon peak flood-risk weeks
USG010006,FAC051,Chitradurga,2026-07-30,O+,2,True,Monsoon peak flood-risk weeks
USG010007,FAC051,Chitradurga,2026-07-30,B-,3,True,Monsoon peak flood-risk weeks
USG010008,FAC052,Chitradurga,2025-08-02,A+,4,True,Monsoon peak flood-risk weeks
USG010009,FAC052,Chitradurga,2025-08-02,B+,2,True,Monsoon peak flood-risk weeks
USG010010,FAC052,Chitradurga,2025-08-05,O+,3,True,Monsoon peak flood-risk weeks
USG010011,FAC052,Chitradurga,2025-08-23,O+,2,False,
USG010012,FAC052,Chitradurga,2025-09-05,O+,1,False,
USG010013,FAC052,Chitradurga,2025-09-10,O+,3,True,Local incident spike
USG010014,FAC052,Chitradurga,2025-09-11,A+,1,False,
USG010015,FAC052,Chitradurga,2025-09-14,O+,1,False,
USG010016,FAC052,Chitradurga,2025-09-17,B+,2,True,Festival travel peak (Dasara)
USG010017,FAC052,Chitradurga,2025-09-18,B+,4,True,Festival travel peak (Dasara)
USG010018,FAC052,Chitradurga,2025-10-01,A+,3,True,Festival travel peak (Dasara)
USG010019,FAC052,Chitradurga,2025-10-01,B+,1,True,Festival travel peak (Dasara)
USG010020,FAC052,Chitradurga,2025-10-04,O-,3,True,Festival travel peak (Dasara)
USG010021,FAC052,Chitradurga,2025-10-07,O+,2,True,Festival travel peak (Dasara)
USG010022,FAC052,Chitradurga,2025-10-10,O+,3,True,Festival travel peak (Dasara)
USG010023,FAC052,Chitradurga,2025-10-19,O-,1,False,
USG010024,FAC052,Chitradurga,2025-10-20,O-,2,True,Local incident spike
USG010025,FAC052,Chitradurga,2025-10-26,B+,1,False,
USG010026,FAC052,Chitradurga,2025-11-02,B+,2,False,
USG010027,FAC052,Chitradurga,2025-11-05,O+,2,False,
USG010028,FAC052,Chitradurga,2025-11-18,O+,1,False,
USG010029,FAC052,Chitradurga,2025-11-20,O-,1,False,
USG010030,FAC052,Chitradurga,2025-11-25,B+,1,False,
USG010031,FAC052,Chitradurga,2025-12-16,O+,1,False,
USG010032,FAC052,Chitradurga,2025-12-30,A+,3,True,New Year travel period
USG010033,FAC052,Chitradurga,2026-01-04,O+,2,False,
USG010034,FAC052,Chitradurga,2026-01-19,O-,2,False,
USG010035,FAC052,Chitradurga,2026-01-23,B+,1,False,
USG010036,FAC052,Chitradurga,2026-01-26,B+,2,True,Local incident spike
USG010037,FAC052,Chitradurga,2026-02-13,O+,2,False,
USG010038,FAC052,Chitradurga,2026-03-09,B+,2,False,
USG010039,FAC052,Chitradurga,2026-03-09,O+,1,False,
USG010040,FAC052,Chitradurga,2026-03-11,O-,1,False,
USG010041,FAC052,Chitradurga,2026-03-26,B+,1,False,
USG010042,FAC052,Chitradurga,2026-04-19,A+,1,False,
USG010043,FAC052,Chitradurga,2026-04-20,B+,1,False,
USG010044,FAC052,Chitradurga,2026-05-01,B+,2,False,
USG010045,FAC052,Chitradurga,2026-05-03,O+,2,False,
USG010046,FAC052,Chitradurga,2026-05-09,O+,2,False,
USG010047,FAC052,Chitradurga,2026-05-29,O+,1,False,
USG010048,FAC052,Chitradurga,2026-06-02,A+,1,False,
USG010049,FAC052,Chitradurga,2026-06-26,O+,1,False,
USG010050,FAC052,Chitradurga,2026-07-10,O-,1,False,
USG010051,FAC052,Chitradurga,2026-07-11,O+,1,False,
USG010052,FAC052,Chitradurga,2026-07-13,O+,1,False,
USG010053,FAC053,Chitradurga,2025-08-04,B+,2,True,Monsoon peak flood-risk weeks
USG010054,FAC053,Chitradurga,2025-08-10,A+,2,False,
USG010055,FAC053,Chitradurga,2025-08-10,O+,2,False,
USG010056,FAC053,Chitradurga,2025-08-14,O+,1,False,
USG010057,FAC053,Chitradurga,2025-08-21,O+,2,False,
USG010058,FAC053,Chitradurga,2025-08-27,O-,1,False,
USG010059,FAC053,Chitradurga,2025-09-02,B+,1,False,
USG010060,FAC053,Chitradurga,2025-09-08,B+,1,False,
USG010061,FAC053,Chitradurga,2025-09-14,B+,2,False,
USG010062,FAC053,Chitradurga,2025-09-19,A+,3,True,Festival travel peak (Dasara)
USG010063,FAC053,Chitradurga,2025-09-26,A+,2,True,Festival travel peak (Dasara)
USG010064,FAC053,Chitradurga,2025-10-02,B+,3,True,Festival travel peak (Dasara)
USG010065,FAC053,Chitradurga,2025-10-24,O+,1,False,
USG010066,FAC053,Chitradurga,2025-10-25,O+,2,False,
USG010067,FAC053,Chitradurga,2025-10-30,A+,1,False,
USG010068,FAC053,Chitradurga,2025-11-03,O+,2,False,
USG010069,FAC053,Chitradurga,2025-11-15,B+,1,False,
USG010070,FAC053,Chitradurga,2025-11-19,B+,1,False,
USG010071,FAC053,Chitradurga,2025-12-10,B+,2,False,
USG010072,FAC053,Chitradurga,2025-12-12,A+,1,False,
USG010073,FAC053,Chitradurga,2025-12-18,O+,1,False,
USG010074,FAC053,Chitradurga,2025-12-19,B+,3,True,Local incident spike
USG010075,FAC053,Chitradurga,2025-12-19,O+,2,True,Local incident spike
USG010076,FAC053,Chitradurga,2026-01-01,B+,4,True,New Year travel period
USG010077,FAC053,Chitradurga,2026-01-26,B+,1,False,
USG010078,FAC053,Chitradurga,2026-02-11,O+,2,False,
USG010079,FAC053,Chitradurga,2026-02-22,A+,2,False,
USG010080,FAC053,Chitradurga,2026-02-24,A+,2,False,
USG010081,FAC053,Chitradurga,2026-03-29,A+,1,False,
USG010082,FAC053,Chitradurga,2026-04-02,O-,2,False,
USG010083,FAC053,Chitradurga,2026-04-08,O+,1,False,
USG010084,FAC053,Chitradurga,2026-05-19,B+,1,False,
USG010085,FAC053,Chitradurga,2026-06-02,A+,2,False,
USG010086,FAC053,Chitradurga,2026-06-15,O+,1,False,
USG010087,FAC053,Chitradurga,2026-06-20,O+,1,False,
USG010088,FAC053,Chitradurga,2026-07-17,A+,2,True,Monsoon peak flood-risk weeks
USG010089,FAC053,Chitradurga,2026-07-20,A+,1,True,Monsoon peak flood-risk weeks
USG010090,FAC053,Chitradurga,2026-08-01,A+,3,True,Monsoon peak flood-risk weeks
USG010091,FAC054,Chitradurga,2025-08-05,B+,2,True,Monsoon peak flood-risk weeks
USG010092,FAC054,Chitradurga,2025-08-13,A+,2,False,
USG010093,FAC054,Chitradurga,2025-08-18,B+,2,False,
USG010094,FAC054,Chitradurga,2025-09-08,B+,1,False,
USG010095,FAC054,Chitradurga,2025-10-10,O-,3,True,Festival travel peak (Dasara)
USG010096,FAC054,Chitradurga,2025-10-21,O+,2,False,
USG010097,FAC054,Chitradurga,2025-10-22,O+,3,True,Local incident spike
USG010098,FAC054,Chitradurga,2025-10-25,B+,2,False,
USG010099,FAC054,Chitradurga,2025-11-23,B+,2,False,
USG010100,FAC054,Chitradurga,2025-11-29,B+,1,False,
USG010101,FAC054,Chitradurga,2025-12-03,B+,1,False,
USG010102,FAC054,Chitradurga,2025-12-08,O+,1,False,
USG010103,FAC054,Chitradurga,2025-12-09,O+,2,False,
USG010104,FAC054,Chitradurga,2025-12-11,O+,2,False,
USG010105,FAC054,Chitradurga,2025-12-12,A+,1,False,
USG010106,FAC054,Chitradurga,2025-12-13,O-,1,False,
USG010107,FAC054,Chitradurga,2025-12-19,B+,2,False,
USG010108,FAC054,Chitradurga,2025-12-30,A+,2,True,New Year travel period
USG010109,FAC054,Chitradurga,2026-01-01,O+,1,True,New Year travel period
USG010110,FAC054,Chitradurga,2026-01-08,B+,1,False,
USG010111,FAC054,Chitradurga,2026-01-08,O-,2,False,
USG010112,FAC054,Chitradurga,2026-01-11,O+,2,False,
USG010113,FAC054,Chitradurga,2026-01-13,A+,2,False,
USG010114,FAC054,Chitradurga,2026-01-14,B+,2,False,
USG010115,FAC054,Chitradurga,2026-01-22,A+,2,False,
USG010116,FAC054,Chitradurga,2026-01-25,A+,1,False,
USG010117,FAC054,Chitradurga,2026-02-16,A+,2,False,
USG010118,FAC054,Chitradurga,2026-02-22,B+,2,False,
USG010119,FAC054,Chitradurga,2026-02-27,A+,1,False,
USG010120,FAC054,Chitradurga,2026-04-12,A+,2,False,
USG010121,FAC054,Chitradurga,2026-04-22,B+,2,False,
USG010122,FAC054,Chitradurga,2026-05-27,B+,1,False,
USG010123,FAC054,Chitradurga,2026-06-08,B+,1,True,Local incident spike
USG010124,FAC054,Chitradurga,2026-06-11,O+,1,False,
USG010125,FAC054,Chitradurga,2026-06-12,A+,1,False,
USG010126,FAC054,Chitradurga,2026-06-13,O+,1,False,
USG010127,FAC054,Chitradurga,2026-06-14,A+,2,False,
USG010128,FAC054,Chitradurga,2026-06-18,B+,2,False,
USG010129,FAC054,Chitradurga,2026-06-28,O+,2,False,
USG010130,FAC054,Chitradurga,2026-07-03,O+,1,False,
USG010131,FAC054,Chitradurga,2026-07-20,O-,3,True,Monsoon peak flood-risk weeks
